sample_id,climate_scenario,length,width,wall_height,roof_angle,orientation_deg,insulation_thickness_mm,window_ratio,pcm_thickness_mm,wall_material,roof_material,floor_material,insulation_material,glazing_type,pcm_present,T_amb_mean,T_amb_min,T_amb_max,solar_radiation_mean,wind_speed_mean,indoor_temp_mean,indoor_temp_min,indoor_temp_max,indoor_temp_swing,comfort_hours,total_heat_loss_kWh,total_solar_gain_kWh,ventilation_loss_kWh,heating_energy_required_kWh,fidelity_tier,simulation_time_sec,ansys_validation_candidate
winter_0,winter,4.687100732524067,5.945611215602479,2.9286127423470507,38.2953947956411,32.943493591267405,139.01218882418164,0.2194453370143446,0.0,brick,timber,brick,xps_foam,single_pane,0,-10.0,-18.0,-2.0,144.69013887796973,3.5,18.850915500540232,18.0,21.63744451313152,3.63744451313152,24,77.8800353446471,36.926105486810506,11.910912092842699,52.864841950679285,tier1_rc_physics,0.007229804992675781,True
winter_1,winter,3.447864772788741,3.3654961406210444,2.9697265418949925,5.56098525167271,117.21368092795159,114.08861919336458,0.2886493501013681,0.0,sandwich_panel,concrete,concrete,mineral_wool,double_pane,0,-10.0,-18.0,-2.0,144.69013887796973,3.5,18.183327353122234,18.0,19.26579391765039,1.2657939176503916,24,32.46584389316782,10.158938786941961,5.723381296440201,28.03028640266606,tier1_rc_physics,0.0005552768707275391,False
winter_2,winter,3.1074235868830695,5.229361827438958,2.5820802649213657,39.055250340131686,178.94514735594876,79.32273701593508,0.10020085230487262,12.351146479779635,timber,timber,brick,eps_foam,double_pane,1,-10.0,-18.0,-2.0,144.69013887796973,3.5,18.0,18.0,18.0,0.0,24,25.89483316679082,6.284210864183275,4.253399235701641,23.86402153830917,tier1_rc_physics,0.008686542510986328,False
winter_3,winter,4.703693608382104,4.1580536129214805,3.2596442089838495,34.04342943513191,133.70742630475948,62.658475523378776,0.16113111081810755,0.0,cseb,brick,cseb,rock_wool,double_pane,0,-10.0,-18.0,-2.0,144.69013887796973,3.5,18.0,18.0,18.0,0.0,24,49.424970299543055,10.931562455185404,7.774447794422819,46.26785563878046,tier1_rc_physics,0.000431060791015625,False
winter_4,winter,3.1279029106976974,5.356295402939651,3.012631924817805,27.87157929613736,86.32204709679873,5.762147536887033,0.23990193909277402,5.055031000886248,cseb,cseb,brick,eps_foam,single_pane,1,-10.0,-18.0,-2.0,144.69013887796973,3.5,18.0,18.0,18.0,0.0,24,113.26486969983986,13.931292590608333,7.497648466600224,106.83122557583175,tier1_rc_physics,0.00041556358337402344,False
winter_5,winter,7.592714134685462,3.521673218039422,3.3582988512246565,38.05314500379269,119.50064411916289,118.5976178212516,0.20471460855779816,0.0,cseb,sandwich_panel,cseb,xps_foam,double_pane,0,-10.0,-18.0,-2.0,144.69013887796973,3.5,18.02633805870801,18.0,18.21341700325669,0.21341700325669066,24,52.59057742404483,16.017735037555976,12.283665725170861,48.856508111659714,tier1_rc_physics,0.0004115104675292969,True
winter_6,winter,5.188625074933751,5.958602475163907,3.204467064455941,25.048895659537347,135.72784537349872,26.667574571703984,0.09584397372493594,0.0,timber,concrete,concrete,rock_wool,single_pane,0,-10.0,-18.0,-2.0,144.69013887796973,3.5,18.0,18.0,18.0,0.0,24,83.18344995848867,11.314338278560507,9.897387669727644,81.76649934965579,tier1_rc_physics,0.00038170814514160156,False
winter_7,winter,7.775684737074361,3.214312588040471,3.2913942130081137,29.082820488969606,4.3989582229257165,132.76445189692842,0.10884055787577196,12.705833523763996,sandwich_panel,timber,concrete,xps_foam,single_pane,1,-10.0,-18.0,-2.0,144.69013887796973,3.5,18.782386958827015,18.0,20.519996539544728,2.519996539544728,24,50.85369717436638,26.847348677916102,8.818913807281389,31.11641856503333,tier1_rc_physics,0.00036597251892089844,False
winter_8,winter,6.50608802799999,4.91446420599342,2.80424343563677,12.704407485290607,80.38150929925924,10.781641305383818,0.05441631788171055,0.0,cseb,brick,cseb,mineral_wool,double_pane,0,-10.0,-18.0,-2.0,144.69013887796973,3.5,18.0,18.0,18.0,0.0,24,107.11588675212558,8.144020565933738,7.703039506737802,106.67490569292964,tier1_rc_physics,0.00035762786865234375,False
winter_9,winter,3.3357766154455306,4.4176606051413465,3.3090806881193475,5.957792416196701,64.02384374533999,17.66904174263655,0.19285012915560185,0.0,timber,cseb,concrete,rock_wool,single_pane,0,-10.0,-18.0,-2.0,144.69013887796973,3.5,18.002124752323667,18.0,18.026360544211144,0.026360544211144088,24,68.82986140438932,15.636648701987234,6.469368035950387,59.662580738352474,tier1_rc_physics,0.0003447532653808594,False
winter_10,winter,7.555594774327877,4.595936131385599,2.668805911666447,1.0249540620138444,56.986372756119685,32.95497606961218,0.3314905807576375,33.423020461624766,timber,brick,brick,eps_foam,double_pane,1,-10.0,-18.0,-2.0,144.69013887796973,3.5,18.244010983572462,18.0,19.131121265153222,1.1311212651532223,24,85.67443191160352,30.20538500479311,16.77756326135844,71.38123583264266,tier1_rc_physics,0.000339508056640625,False
winter_11,winter,6.947312137016107,3.2849895522489665,2.5546733142215765,20.74555194373834,54.932306234655584,138.30948938695175,0.3541482358959942,0.0,cseb,cseb,cseb,rock_wool,single_pane,0,-10.0,-18.0,-2.0,144.69013887796973,3.5,18.427318953568268,18.0,20.330102010426494,2.3301020104264936,24,92.29680463377689,32.77645780338267,11.076316092466167,70.59666292286043,tier1_rc_physics,0.00034165382385253906,False
winter_12,winter,7.477303123157443,5.779123500806839,2.663155307757478,28.80571535031757,143.45485158557545,102.65014643309462,0.1255231517116306,0.0,timber,timber,concrete,xps_foam,double_pane,0,-10.0,-18.0,-2.0,144.69013887796973,3.5,18.0,18.0,18.0,0.0,24,51.539709296132635,11.36185370033106,12.650004420735732,52.827860016537294,tier1_rc_physics,0.0003273487091064453,False
winter_13,winter,7.003687484933903,4.582831098108411,3.0517194334907103,6.859163765723227,22.7421654227079,127.54869880172808,0.1661349276618608,0.0,sandwich_panel,sandwich_panel,brick,rock_wool,single_pane,0,-10.0,-18.0,-2.0,144.69013887796973,3.5,19.6090281818528,18.0,25.062165899697487,7.0621658996974865,24,71.03023645157613,34.7082778702437,12.806127915997054,49.128086497329484,tier1_rc_physics,0.0002951622009277344,False
winter_14,winter,5.528234056264155,3.514207804310581,2.333567317940597,8.721507857386143,58.94488828209887,93.14026852202453,0.3026625581202624,0.0,timber,brick,cseb,eps_foam,double_pane,0,-10.0,-18.0,-2.0,144.69013887796973,3.5,18.472038156167333,18.0,20.34796173840501,2.3479617384050115,24,42.505315596794226,17.427650592658917,7.824860371346576,32.9025253754819,tier1_rc_physics,0.0002989768981933594,False
winter_15,winter,5.690265033851454,5.043501533984452,2.654634074608394,39.68762888967441,142.77503149568287,11.25300459037774,0.25378182858561177,0.0,brick,timber,brick,xps_foam,double_pane,0,-10.0,-18.0,-2.0,144.69013887796973,3.5,18.0,18.0,18.0,0.0,24,89.8777949017507,14.223576320749745,11.674055583323154,87.3282741643241,tier1_rc_physics,0.00030231475830078125,False
winter_16,winter,4.514943283871291,3.454123554278223,2.225260763803007,11.111231982243481,62.65136331617976,27.326565097732583,0.31414393192660506,41.32953268816171,cseb,cseb,brick,mineral_wool,single_pane,1,-10.0,-18.0,-2.0,144.69013887796973,3.5,18.004198292661595,18.0,18.0578524108735,0.057852410873501015,24,72.82775029352955,16.542334265435414,6.025959996739274,62.31137602483342,tier1_rc_physics,0.0003147125244140625,False
winter_17,winter,7.984024013112642,4.345176965630571,2.517274814015249,18.587590500011636,88.50800500149711,61.25464650282274,0.21107253580252922,0.0,brick,cseb,cseb,mineral_wool,single_pane,0,-10.0,-18.0,-2.0,144.69013887796973,3.5,18.0,18.0,18.0,0.0,24,95.25958346347021,16.020719259255248,12.122263917143128,91.36112812135805,tier1_rc_physics,0.0003266334533691406,False
winter_18,winter,6.408775176649051,5.437330243369081,2.8572298676781824,26.32189913962927,129.936653123817,139.98919396005982,0.24970265942177328,0.0,brick,timber,brick,mineral_wool,double_pane,0,-10.0,-18.0,-2.0,144.69013887796973,3.5,18.002031791257075,18.0,18.02667353855694,0.026673538556938325,24,61.739343010945674,16.737348744570482,15.120572578861017,60.1225668452362,tier1_rc_physics,0.0003058910369873047,False
winter_19,winter,7.23099584851669,3.0744596385646097,3.07486283845508,19.54916398604403,150.4312597296966,19.67028868265405,0.323318506283332,0.0,cseb,timber,concrete,mineral_wool,single_pane,0,-10.0,-18.0,-2.0,144.69013887796973,3.5,18.0,18.0,18.0,0.0,24,125.69156310067171,21.17247255614414,12.079920837686887,116.59901138221446,tier1_rc_physics,0.0003077983856201172,False
winter_20,winter,4.581537650900735,4.300839881548624,2.914002406039456,16.494388116573575,12.86708851836511,59.81453885806879,0.21353191196634552,6.19862475465595,sandwich_panel,concrete,concrete,xps_foam,double_pane,1,-10.0,-18.0,-2.0,144.69013887796973,3.5,19.71406543376577,18.0,23.95756909436182,5.957569094361819,24,42.35267266589078,27.5047563639869,8.50888889298834,23.551878435715217,tier1_rc_physics,0.00034546852111816406,False
winter_21,winter,6.3613810184529545,3.7204710060493023,2.350406022701393,40.27274143061524,100.04642094565943,145.5319782149755,0.06380795754615431,38.32584823010128,sandwich_panel,sandwich_panel,concrete,rock_wool,single_pane,1,-10.0,-18.0,-2.0,144.69013887796973,3.5,18.0,18.0,18.0,0.0,24,28.124549159556757,5.9869406730185,4.955476888800451,27.093085375338717,tier1_rc_physics,0.00033593177795410156,False
winter_22,winter,4.659415048999949,5.840076244359441,2.8374693985128956,14.887708797081457,173.46552450547287,56.55327668015107,0.1345613319128825,0.0,cseb,timber,concrete,mineral_wool,double_pane,0,-10.0,-18.0,-2.0,144.69013887796973,3.5,18.0,18.0,18.0,0.0,24,52.135702825902364,10.353529792055674,8.72292593761823,50.50509897146499,tier1_rc_physics,0.0003268718719482422,True
winter_23,winter,6.087133126131484,3.0533833873683225,3.316380816508214,1.6358299997907726,18.751926233190584,28.368769742038566,0.06407371799104393,31.12650490416572,timber,cseb,brick,xps_foam,double_pane,1,-10.0,-18.0,-2.0,144.69013887796973,3.5,18.12896734528842,18.0,18.796365892879034,0.7963658928790345,24,39.95906935828657,13.22877128458102,5.521852599501259,32.252150673206806,tier1_rc_physics,0.0003502368927001953,False
winter_24,winter,6.431287367793142,4.951688873278751,2.242669101294627,35.823109753776336,67.44037032508749,148.56271897958126,0.32277082622333303,0.0,concrete,brick,concrete,eps_foam,double_pane,0,-10.0,-18.0,-2.0,144.69013887796973,3.5,18.05349620805675,18.0,18.378868239060605,0.37886823906060485,24,56.30029566129421,18.172759497638168,12.63170890236341,50.75924506601948,tier1_rc_physics,0.0003249645233154297,False
winter_25,winter,5.03704325269598,3.98028173573939,3.1164967881931234,25.328415374617315,167.9916382273751,46.385171985000575,0.21784620741258243,41.88705688773119,timber,timber,concrete,rock_wool,double_pane,1,-10.0,-18.0,-2.0,144.69013887796973,3.5,18.001140251905564,18.0,18.01485938935966,0.014859389359660469,24,48.25557775760566,12.10746853414977,8.816488936559958,44.96459816001588,tier1_rc_physics,0.0003352165222167969,True
winter_26,winter,5.831302791589525,3.944936700683794,3.2803248627788806,21.812832508616864,145.08013460900398,74.09793773690888,0.07716535834878158,33.71016933268074,cseb,timber,brick,xps_foam,single_pane,1,-10.0,-18.0,-2.0,144.69013887796973,3.5,18.0,18.0,18.0,0.0,24,47.094230788662145,9.777099114382553,7.062635214208695,44.379766888488255,tier1_rc_physics,0.0003333091735839844,False
winter_27,winter,6.331149037474045,3.2787624619634963,2.780980562278972,7.740363270926259,80.81943078493143,85.25570797732424,0.23239332508510918,16.007396123825508,concrete,timber,brick,mineral_wool,single_pane,1,-10.0,-18.0,-2.0,144.69013887796973,3.5,18.0,18.0,18.0,0.0,24,72.41067530960063,14.982605842382448,8.42897498451526,65.85704445173344,tier1_rc_physics,0.0003325939178466797,False
winter_28,winter,7.8118925628852995,5.03075191570688,2.676558942203993,32.16672029365098,16.419614932991347,128.94705129812462,0.2738362704700922,0.0,concrete,brick,brick,rock_wool,single_pane,0,-10.0,-18.0,-2.0,144.69013887796973,3.5,19.019894436155507,18.0,22.168930491858752,4.168930491858752,24,111.60673031344525,55.80015218328263,17.443651930006926,73.25023006016953,tier1_rc_physics,0.0003161430358886719,True
winter_29,winter,7.483896134797613,5.814039574467656,2.8416235660397327,14.279345862658053,129.31957103906683,119.10761827537392,0.2646458570853602,0.0,sandwich_panel,cseb,concrete,rock_wool,double_pane,0,-10.0,-18.0,-2.0,144.69013887796973,3.5,18.0,18.0,18.0,0.0,24,70.48398639558205,17.88569387729133,19.399908841400116,71.99820135969082,tier1_rc_physics,0.0003333091735839844,False
winter_30,winter,7.819509523085288,3.9120318291167484,2.801325223451479,22.420384561410142,87.83639050757999,84.566130523112,0.18462970831643816,23.93123807178772,concrete,timber,cseb,xps_foam,double_pane,1,-10.0,-18.0,-2.0,144.69013887796973,3.5,18.001874946851203,18.0,18.026056446698266,0.026056446698266456,24,53.637602242893024,14.26576183467515,11.130704915592085,50.50254532380999,tier1_rc_physics,0.0006344318389892578,False
winter_31,winter,7.043763599276547,3.185741179136265,3.4538416322224865,26.11987640523715,11.12766187075422,22.876080218524322,0.12672389390983618,2.2089976199594257,concrete,cseb,cseb,eps_foam,single_pane,1,-10.0,-18.0,-2.0,144.69013887796973,3.5,18.135858560639097,18.0,18.86202427707622,0.8620242770762196,24,103.37900850897556,31.372825160849665,8.592233239082455,80.59841658720832,tier1_rc_physics,0.0003917217254638672,False
winter_32,winter,4.753057187276268,5.238947219201458,3.179044911619861,40.710834950436535,77.31229605348437,138.58766790477182,0.08813794288042193,0.0,timber,concrete,cseb,mineral_wool,double_pane,0,-10.0,-18.0,-2.0,144.69013887796973,3.5,18.0,18.0,18.0,0.0,24,35.646552623729185,8.820835421376279,7.702283797047963,34.528000999400845,tier1_rc_physics,0.00033354759216308594,False
winter_33,winter,3.534650492125209,3.9283446827726474,3.269099546309869,8.226957990721191,1.1307059618007869,6.48942599183178,0.18410203868930836,0.0,brick,brick,cseb,xps_foam,double_pane,0,-10.0,-18.0,-2.0,144.69013887796973,3.5,18.20558152665174,18.0,19.32045661746706,1.320456617467059,24,81.87099900776812,24.419997647042738,5.930798751879076,63.38180011260444,tier1_rc_physics,0.00032401084899902344,False
winter_34,winter,6.465776967789546,4.24408856183889,2.591383570383869,25.740955431475193,30.40920534182877,98.24773688148889,0.31031249423405965,25.6914780621963,concrete,timber,concrete,mineral_wool,single_pane,1,-10.0,-18.0,-2.0,144.69013887796973,3.5,18.717242657395804,18.0,20.23365090744754,2.23365090744754,24,95.58107314976827,45.5881681662191,12.567911269165073,56.43666497411417,tier1_rc_physics,0.0003483295440673828,False
winter_35,winter,7.215942082299787,5.578185015904035,2.7536407722252143,38.962591863625164,125.05726040895433,55.2918687871484,0.24127587019341784,0.0,timber,timber,brick,rock_wool,single_pane,0,-10.0,-18.0,-2.0,144.69013887796973,3.5,18.0,18.0,18.0,0.0,24,107.09900950451146,18.809591231596713,16.516147629738974,104.8055659026537,tier1_rc_physics,0.0003478527069091797,False
winter_36,winter,3.974604117521373,5.258983280970963,2.5387216796002496,28.792205720030235,169.24509487858916,59.45044342921007,0.24501582922313597,0.0,brick,concrete,brick,eps_foam,double_pane,0,-10.0,-18.0,-2.0,144.69013887796973,3.5,18.0,18.0,18.0,0.0,24,50.189151446430294,11.465914229013576,7.974281419501913,46.697518636918645,tier1_rc_physics,0.0003476142883300781,False
winter_37,winter,5.533673821990224,4.781979741197264,2.495622263989991,13.103627508600669,113.5326021872531,90.93272389579343,0.10770792062472777,0.0,brick,timber,concrete,xps_foam,double_pane,0,-10.0,-18.0,-2.0,144.69013887796973,3.5,18.0,18.0,18.0,0.0,24,35.562950283712254,8.541368106219732,6.8618963600288305,33.88347853752135,tier1_rc_physics,0.0003952980041503906,False
winter_38,winter,5.502373797597957,5.725372006344065,2.3759979455168985,43.55406550931443,55.64012200949949,131.93011579452303,0.22327580984697232,0.0,cseb,concrete,brick,mineral_wool,single_pane,0,-10.0,-18.0,-2.0,144.69013887796973,3.5,18.081452924344433,18.0,18.575233956705475,0.5752339567054747,24,75.87523727779136,22.635419884143335,10.729764567529,63.969581961177035,tier1_rc_physics,0.000331878662109375,False
winter_39,winter,7.446123834324519,5.556324881898849,2.21574563271742,6.700875665338119,78.97232155216385,143.65712832727203,0.29815364411300016,34.50852367888078,brick,cseb,brick,xps_foam,double_pane,1,-10.0,-18.0,-2.0,144.69013887796973,3.5,18.0,18.0,18.0,0.0,24,61.88641508328739,15.846191931524634,15.42078345294285,61.46100660470563,tier1_rc_physics,0.0003681182861328125,False
winter_40,winter,5.351394199674363,5.825190895716999,2.23757710144498,11.0196847815255,90.09086370673582,45.17370632971995,0.28122820953406175,0.0,concrete,cseb,cseb,xps_foam,single_pane,0,-10.0,-18.0,-2.0,144.69013887796973,3.5,18.0,18.0,18.0,0.0,24,92.4752592912833,15.78030675443625,11.334739188010701,88.02969172485774,tier1_rc_physics,0.00034546852111816406,False
winter_41,winter,4.372784706178873,4.027118443858175,2.257482129629989,9.56963931103114,169.9831211227089,14.569640465837052,0.2913458800231482,22.564270043243013,sandwich_panel,cseb,brick,rock_wool,single_pane,1,-10.0,-18.0,-2.0,144.69013887796973,3.5,18.0,18.0,18.0,0.0,24,67.38282958052356,11.308597510930852,6.595830362380245,62.67006243197294,tier1_rc_physics,0.0003483295440673828,False
winter_42,winter,3.1984150708628345,5.412742843717286,3.495300529385098,12.309609026594906,107.31755524197732,70.02055987704546,0.09689896846123405,0.0,cseb,cseb,cseb,xps_foam,single_pane,0,-10.0,-18.0,-2.0,144.69013887796973,3.5,18.0,18.0,18.0,0.0,24,47.437391347570575,10.052876173400215,6.066675536976736,43.451190711147085,tier1_rc_physics,0.00036597251892089844,False
winter_43,winter,5.603622931589507,3.632048851610169,3.062567216061125,14.061992496924123,15.845954462785015,41.9524754012178,0.16828114001663852,0.0,brick,brick,cseb,mineral_wool,single_pane,0,-10.0,-18.0,-2.0,144.69013887796973,3.5,18.519380477278617,18.0,20.509212057133453,2.5092120571334533,24,78.68258717305622,30.34255249167962,7.89538092567601,56.23541560705263,tier1_rc_physics,0.00034165382385253906,False
winter_44,winter,4.923917489808793,4.034275694859661,3.337647397670415,17.17160523367303,175.94164596599603,73.10037764174396,0.1952591545818287,0.0,concrete,brick,brick,mineral_wool,single_pane,0,-10.0,-18.0,-2.0,144.69013887796973,3.5,18.0,18.0,18.0,0.0,24,75.50921885779233,15.162147581352551,8.849201235889334,69.19627251232912,tier1_rc_physics,0.0003380775451660156,False
winter_45,winter,3.7344793960718317,3.798802664114989,3.200492551214433,30.286843648213388,149.6052820289757,42.79069584960481,0.10626329168116785,35.054794764448566,concrete,timber,cseb,rock_wool,double_pane,1,-10.0,-18.0,-2.0,144.69013887796973,3.5,18.0,18.0,18.0,0.0,24,40.98171674882679,8.333540136468814,4.695630419761123,37.34380703211909,tier1_rc_physics,0.0003485679626464844,False
winter_46,winter,7.461106037361196,4.571016334526385,2.201029027362694,40.15941975886347,49.58148478933677,149.84278000989787,0.20148278640993755,0.0,timber,sandwich_panel,cseb,eps_foam,single_pane,0,-10.0,-18.0,-2.0,144.69013887796973,3.5,18.225507137355592,18.0,19.31026980240139,1.3102698024013897,24,65.02058986314256,22.89364503365207,10.25882796023942,52.3857727897299,tier1_rc_physics,0.00033020973205566406,True
winter_47,winter,4.601064542277071,3.585620959628012,3.147338947434631,14.740547143698393,131.66820416084826,30.531930006580772,0.2217563149237724,0.0,brick,cseb,brick,xps_foam,double_pane,0,-10.0,-18.0,-2.0,144.69013887796973,3.5,18.0,18.0,18.0,0.0,24,55.582103797007925,11.9162457722009,7.394914422066602,51.06077244687363,tier1_rc_physics,0.0003235340118408203,True
winter_48,winter,5.66039400877532,5.400133684550756,2.3225563723106513,2.5573208009994235,101.92891285366979,143.0747331604046,0.258090080468677,0.0,sandwich_panel,concrete,concrete,rock_wool,double_pane,0,-10.0,-18.0,-2.0,144.69013887796973,3.5,18.0,18.0,18.0,0.0,24,46.98243743630881,11.957219388520393,10.981803398172158,46.00702144596056,tier1_rc_physics,0.000347137451171875,False
winter_49,winter,3.240195700000513,3.803139036348946,2.529280021694483,15.681852305723737,70.90476029328221,126.35232048732796,0.19413169390456836,32.926280978822014,concrete,sandwich_panel,concrete,rock_wool,double_pane,1,-10.0,-18.0,-2.0,144.69013887796973,3.5,18.0671080185751,18.0,18.430115696613473,0.4301156966134734,24,25.12613418572134,8.347810130918678,4.158116868046139,20.936440922848774,tier1_rc_physics,0.00031828880310058594,False
winter_50,winter,4.978301210142625,4.900815581044844,2.6949477258464634,16.033411738350583,22.801779205297454,118.06039998784613,0.23166877348915865,0.0,cseb,brick,concrete,xps_foam,double_pane,0,-10.0,-18.0,-2.0,144.69013887796973,3.5,19.127443481820247,18.0,21.900241453932157,3.900241453932157,24,46.46200012040872,29.574774137900526,9.970115397787017,26.857341380295228,tier1_rc_physics,0.00029921531677246094,False
winter_51,winter,5.98155967446881,3.7000089526952573,2.7691153661435384,15.80248124766618,118.74573556380953,40.05148330055169,0.33113283391292814,0.0,sandwich_panel,brick,cseb,rock_wool,double_pane,0,-10.0,-18.0,-2.0,144.69013887796973,3.5,18.007119221742464,18.0,18.097305132397725,0.0973051323977252,24,58.07492851406647,14.824886577658031,10.994542488424838,54.244584424833285,tier1_rc_physics,0.0003287792205810547,False
winter_52,winter,6.147616302080556,3.032232320593078,2.745141115015411,34.81340426593037,5.006238576403506,142.98191864475265,0.22499366519351655,0.0,brick,cseb,brick,xps_foam,single_pane,0,-10.0,-18.0,-2.0,144.69013887796973,3.5,19.680272631295676,18.0,24.116644037979395,6.116644037979395,24,63.69602460943839,35.451187725201024,7.784514840697528,36.02935172493488,tier1_rc_physics,0.0002970695495605469,False
winter_53,winter,3.2232345803725377,4.6619851818914055,3.3256329377772813,34.37258867356154,158.36566083590805,76.59951807317915,0.2507509053314657,0.0,timber,cseb,brick,rock_wool,single_pane,0,-10.0,-18.0,-2.0,144.69013887796973,3.5,18.0,18.0,18.0,0.0,24,69.54923071622561,14.371704519435298,7.606398286042068,62.78392448283237,tier1_rc_physics,0.00031280517578125,False
winter_54,winter,5.471697986933689,3.861620197813446,3.1141593443686295,27.11973268339214,37.125045792416614,106.74773450490352,0.28363061385028304,7.728331359237267,concrete,concrete,concrete,rock_wool,double_pane,1,-10.0,-18.0,-2.0,144.69013887796973,3.5,18.999889737083517,18.0,21.161481589930204,3.1614815899302044,24,57.03841355435468,34.37242591255871,11.129866231734676,31.75816505771598,tier1_rc_physics,0.00032711029052734375,False
winter_55,winter,7.252481148337301,3.0884478700755893,3.085149975268281,22.171043776369668,142.03754474920933,13.145047651359349,0.2588564277509515,13.898076065670487,concrete,brick,cseb,rock_wool,single_pane,1,-10.0,-18.0,-2.0,144.69013887796973,3.5,18.0,18.0,18.0,0.0,24,146.4919273819489,19.10237204784758,10.707431965365922,138.09698729946723,tier1_rc_physics,0.0003178119659423828,False
winter_56,winter,3.0157583280834785,4.733836910300725,2.8628164809431524,19.367378143294978,174.77425302893963,51.91343607678875,0.3065596588265384,2.1360777951866137,concrete,cseb,cseb,rock_wool,single_pane,1,-10.0,-18.0,-2.0,144.69013887796973,3.5,18.0,18.0,18.0,0.0,24,76.753154350845,14.80902203332909,6.990999578644223,68.93513189616014,tier1_rc_physics,0.00032138824462890625,True
winter_57,winter,4.450332880340763,3.265414393575415,3.3796023158905206,5.4545387486838335,123.25655211002481,109.42743487266748,0.11422963813751556,0.0,brick,sandwich_panel,cseb,xps_foam,double_pane,0,-10.0,-18.0,-2.0,144.69013887796973,3.5,18.053714751596896,18.0,18.36658287879743,0.36658287879743057,24,26.720519220806526,8.846461169257708,5.221331035947748,23.095389087496606,tier1_rc_physics,0.0003337860107421875,False
winter_58,winter,6.757033046403207,3.6930022405541094,2.708519989660604,1.8089108385456723,83.31093660604796,48.24582363077653,0.3855286265441358,19.7543052117529,cseb,brick,cseb,eps_foam,single_pane,1,-10.0,-18.0,-2.0,144.69013887796973,3.5,18.0,18.0,18.0,0.0,24,116.47923339194534,21.51027021084989,13.363528093260198,108.33249127435565,tier1_rc_physics,0.0003173351287841797,False
winter_59,winter,3.281346374563371,5.518659053901272,2.3417950059682813,35.654294309435876,44.74325807179119,57.694506226481685,0.10175959936301204,0.0,concrete,brick,cseb,rock_wool,single_pane,0,-10.0,-18.0,-2.0,144.69013887796973,3.5,18.03004155509511,18.0,18.234760679309726,0.23476067930972633,24,46.11179921049543,12.453792304552872,4.3258022246863,37.983809130628856,tier1_rc_physics,0.00030612945556640625,False
winter_60,winter,5.276520281509521,3.8578237147330303,3.1637840062568943,41.50244386330241,61.778364099433574,63.79079997792157,0.3399468452123948,0.0,sandwich_panel,timber,cseb,mineral_wool,single_pane,0,-10.0,-18.0,-2.0,144.69013887796973,3.5,18.381142993747478,18.0,20.56062063808003,2.5606206380800316,24,95.53952050569363,28.79262629573553,11.902138896954757,78.64903310691284,tier1_rc_physics,0.0003108978271484375,False
winter_61,winter,5.873792367781299,5.524342280995681,3.410291323881855,7.402807727669819,149.00854016608739,71.34189292408797,0.09924799574101639,10.075142602733386,brick,brick,cseb,eps_foam,double_pane,1,-10.0,-18.0,-2.0,144.69013887796973,3.5,18.0,18.0,18.0,0.0,24,56.99610158394134,12.519816561880107,11.182199580557251,55.65848460261848,tier1_rc_physics,0.0003190040588378906,False
winter_62,winter,4.642809696747002,5.633739875190589,3.008770484884049,10.873089113308986,82.35797658691065,89.05679855663814,0.2939254332698223,28.91606117913615,cseb,brick,brick,rock_wool,single_pane,1,-10.0,-18.0,-2.0,144.69013887796973,3.5,18.0,18.0,18.0,0.0,24,98.50104955645936,19.31798915157688,13.12603210492782,92.30909250981027,tier1_rc_physics,0.00031256675720214844,False
winter_63,winter,3.4579954147543237,3.7520012958923616,2.3156373803357755,2.2743926456482395,147.90351501208954,75.44207163783237,0.1374159309950816,0.0,concrete,brick,brick,mineral_wool,double_pane,0,-10.0,-18.0,-2.0,144.69013887796973,3.5,18.0,18.0,18.0,0.0,24,27.371410206822276,6.357768908420632,3.423173152140593,24.436814450542226,tier1_rc_physics,0.0003139972686767578,False
winter_64,winter,5.0824072013848856,4.237193885638663,2.68388543649116,25.474050833221263,167.21166397811882,34.12865371663746,0.14331620334917994,0.0,cseb,concrete,cseb,rock_wool,single_pane,0,-10.0,-18.0,-2.0,144.69013887796973,3.5,18.0,18.0,18.0,0.0,24,71.75021505491856,10.067695672158134,6.700564754801559,68.38308413756201,tier1_rc_physics,0.0003180503845214844,False
winter_65,winter,3.5523908662737576,5.086277384268085,3.2653343441040708,9.359873938808239,68.92819646648107,95.81754031946087,0.3522151659556156,7.167422587902728,brick,brick,brick,rock_wool,single_pane,1,-10.0,-18.0,-2.0,144.69013887796973,3.5,18.016807843883672,18.0,18.211586594018396,0.21158659401839586,24,97.06818983625288,23.654306878516326,11.008362726294557,84.42224568403113,tier1_rc_physics,0.00031375885009765625,False
winter_66,winter,4.720464918477424,3.2568903849007924,2.725686784786947,1.0941890451773981,17.167294982901808,3.6795556827069205,0.37432081774752834,0.0,timber,cseb,concrete,rock_wool,single_pane,0,-10.0,-18.0,-2.0,144.69013887796973,3.5,19.829227119740107,18.0,26.16445283754716,8.16445283754716,24,104.47074198070955,45.569296494082906,8.65780365197482,67.5592491386015,tier1_rc_physics,0.00028014183044433594,False
winter_67,winter,5.007915194950545,5.018362486957417,2.9879477369058685,44.724554356417464,46.80652019838983,77.22201528598578,0.127187751980638,0.0,cseb,timber,cseb,xps_foam,single_pane,0,-10.0,-18.0,-2.0,144.69013887796973,3.5,18.124614509255718,18.0,18.75470526422883,0.7547052642288286,24,58.22686663961958,19.484325741965492,8.333413175107902,47.07595407276204,tier1_rc_physics,0.0002949237823486328,True
winter_68,winter,7.280973401857187,5.395517543867456,3.207965518231352,8.537992607453074,154.34680189632314,106.2831104863387,0.19878578524344453,0.0,sandwich_panel,brick,brick,eps_foam,single_pane,0,-10.0,-18.0,-2.0,144.69013887796973,3.5,18.0,18.0,18.0,0.0,24,92.85747168151991,18.565710794720452,16.970602205829355,91.2623630926288,tier1_rc_physics,0.0002980232238769531,False
winter_69,winter,4.196984555796153,3.380928963778438,3.4434731872811115,3.565072157258444,49.02476440181128,110.75490122879921,0.10298248063148274,0.0,sandwich_panel,cseb,concrete,xps_foam,double_pane,0,-10.0,-18.0,-2.0,144.69013887796973,3.5,18.865144901361376,18.0,21.76571949465529,3.76571949465529,24,23.22736869931563,11.61253137735791,5.15357605364375,16.76841337560146,tier1_rc_physics,0.0002963542938232422,False
winter_70,winter,4.165264744424052,4.927563325459443,2.6903444503326956,23.30436169492823,81.81051056991943,81.66489837232433,0.38860994647778724,14.990315253046427,sandwich_panel,sandwich_panel,cseb,mineral_wool,single_pane,1,-10.0,-18.0,-2.0,144.69013887796973,3.5,18.0,18.0,18.0,0.0,24,87.16568199793586,18.18288500163081,10.975280982183309,79.95807797848838,tier1_rc_physics,0.0003120899200439453,False
winter_71,winter,3.6772231935844566,4.274604725647383,2.666533355239045,33.473328169006926,166.51045649484763,91.61568620527031,0.17500598189697197,0.0,cseb,sandwich_panel,brick,eps_foam,double_pane,0,-10.0,-18.0,-2.0,144.69013887796973,3.5,18.011630897204324,18.0,18.117224822430494,0.1172248224304937,24,30.200862829712715,8.366536778462944,5.309906467324933,27.14423251857468,tier1_rc_physics,0.0002925395965576172,False
winter_72,winter,7.934840795935477,4.52412876059463,2.685982144705054,32.64891138066127,172.5007098248811,140.23429447949772,0.18987752366478794,0.0,concrete,cseb,brick,eps_foam,single_pane,0,-10.0,-18.0,-2.0,144.69013887796973,3.5,18.0,18.0,18.0,0.0,24,79.68100368951916,16.710590913147655,12.694331455487754,75.66474423185925,tier1_rc_physics,0.000293731689453125,False
winter_73,winter,4.0513777054574724,5.053691677596353,2.4765641381427734,6.099171654658559,50.88503819420237,72.48758843410072,0.3440846294650787,10.758632111957187,concrete,sandwich_panel,cseb,rock_wool,single_pane,1,-10.0,-18.0,-2.0,144.69013887796973,3.5,18.480987759500174,18.0,20.0253288290417,2.025328829041701,24,81.34863006455285,30.535003315676025,9.47610508500135,57.27526533480384,tier1_rc_physics,0.0003173351287841797,True
winter_74,winter,3.2115410821263204,3.6140152280844227,2.637634970689397,27.25829668400988,76.37817992058066,4.683115113465369,0.17718789306120036,20.72994038172366,cseb,cseb,brick,eps_foam,single_pane,1,-10.0,-18.0,-2.0,144.69013887796973,3.5,18.0,18.0,18.0,0.0,24,75.20631757506104,8.146358476801998,3.8992513911531224,70.95921048941216,tier1_rc_physics,0.00030422210693359375,False
winter_75,winter,7.692041568772872,3.76238567436816,3.171085579221489,5.1418956079922475,136.82207326587036,113.1089974146309,0.05248873165536109,13.480982654802729,sandwich_panel,sandwich_panel,concrete,rock_wool,double_pane,1,-10.0,-18.0,-2.0,144.69013887796973,3.5,18.0,18.0,18.0,0.0,24,28.60200946315319,7.960129758003968,7.824565622096987,28.466445327246213,tier1_rc_physics,0.0003018379211425781,True
winter_76,winter,7.054459774950104,5.285599113004727,3.250603216856218,23.451884638577646,31.218110929976657,107.50771095928417,0.15816373371359746,18.877707750427014,brick,concrete,brick,eps_foam,single_pane,1,-10.0,-18.0,-2.0,144.69013887796973,3.5,18.43483695800337,18.0,19.598781957699764,1.5987819576997637,24,87.82029646243588,37.181504376729016,14.886808512121448,61.5845742595623,tier1_rc_physics,0.0003485679626464844,False
winter_77,winter,7.620833607701079,4.38653507138687,2.372796564308922,13.643857955957142,7.933594123482492,78.25515012909155,0.06168353646892259,12.922504423967727,brick,timber,concrete,eps_foam,single_pane,1,-10.0,-18.0,-2.0,144.69013887796973,3.5,18.04989644890532,18.0,18.346459166560265,0.34645916656026543,24,48.1820296215791,15.241041531124237,7.021656189290797,39.96264427974567,tier1_rc_physics,0.00033926963806152344,False
winter_78,winter,4.283701383682103,5.265884239978059,2.5432273773475735,27.43727710915323,138.26672297391735,23.09897010650714,0.3557545147215768,28.196236151563763,cseb,cseb,brick,mineral_wool,double_pane,1,-10.0,-18.0,-2.0,144.69013887796973,3.5,18.0,18.0,18.0,0.0,24,78.46984930389775,14.689688935161238,10.766239209696465,74.54639957843297,tier1_rc_physics,0.0003266334533691406,False
winter_79,winter,6.549383821213314,3.1562729765869326,2.61578897328664,16.933607656332818,120.79481662279952,7.6433709018441505,0.33609732587012314,0.0,concrete,sandwich_panel,brick,mineral_wool,double_pane,0,-10.0,-18.0,-2.0,144.69013887796973,3.5,18.0,18.0,18.0,0.0,24,93.17652871898373,15.360480875242667,9.788737544980169,87.60478538872124,tier1_rc_physics,0.0003485679626464844,False
winter_80,winter,5.554342808858725,3.0619912840789336,3.2397878239240994,11.664819727433803,140.62686133597484,100.57093734768759,0.3661614165209037,14.080895109647276,cseb,brick,brick,eps_foam,double_pane,1,-10.0,-18.0,-2.0,144.69013887796973,3.5,18.081249918722417,18.0,18.5788749390272,0.5788749390272017,24,56.81487809870732,17.22221046122992,10.5647010229515,50.157368660428894,tier1_rc_physics,0.00034689903259277344,False
winter_81,winter,3.1720452100105936,5.4597039271087136,2.7962607925839356,3.0156547677924452,13.997032314686484,60.381170818319696,0.3721717553487628,40.10866142943175,concrete,timber,brick,rock_wool,single_pane,1,-10.0,-18.0,-2.0,144.69013887796973,3.5,19.219945285232715,18.0,21.266559996664633,3.2665599966646326,24,95.4835322847741,51.848793066415105,9.764258212220673,45.58480998942823,tier1_rc_physics,0.00034618377685546875,False
winter_82,winter,5.2357775888142655,5.977010563488811,2.3014419455795063,37.44045898983782,9.435104969546959,36.05672121891406,0.34378114070440396,0.0,brick,concrete,cseb,mineral_wool,double_pane,0,-10.0,-18.0,-2.0,144.69013887796973,3.5,19.065877249928196,18.0,22.571649148163765,4.571649148163765,24,91.17864967277436,43.035275604811424,13.728406231917692,61.871780299880605,tier1_rc_physics,0.00035190582275390625,True
winter_83,winter,7.727634551024239,4.1328236085235845,2.6038344630407697,17.850188494489988,13.622182765793301,112.29602902443438,0.14084037517563214,31.737521345062824,brick,brick,concrete,xps_foam,double_pane,1,-10.0,-18.0,-2.0,144.69013887796973,3.5,18.527622414446203,18.0,19.475528888808725,1.475528888808725,24,45.99143328296537,24.611149952838513,9.751484532698719,26.44077710929791,tier1_rc_physics,0.0003452301025390625,False
winter_84,winter,4.100040332712284,3.7329911898987937,3.293754077691542,24.391144636061732,171.65082074382866,83.75154170193484,0.31817657193446813,0.0,sandwich_panel,sandwich_panel,cseb,rock_wool,single_pane,0,-10.0,-18.0,-2.0,144.69013887796973,3.5,18.0,18.0,18.0,0.0,24,74.69137415629406,16.431858033061303,8.82103157892015,67.08054770215293,tier1_rc_physics,0.0003337860107421875,False
winter_85,winter,7.848880555519203,3.8479802096231124,2.2085901019490004,22.282008012524976,137.61927584102892,0.8283537688105461,0.08217622126657718,0.0,sandwich_panel,cseb,cseb,mineral_wool,double_pane,0,-10.0,-18.0,-2.0,144.69013887796973,3.5,18.0,18.0,18.0,0.0,24,70.71304133472339,6.580205397809252,6.355963928111849,70.48879986502597,tier1_rc_physics,0.00034689903259277344,False
winter_86,winter,7.304133947973751,3.6045914336305502,3.3731003228745156,44.86545048018405,100.6589417298716,133.33732863474165,0.24377275771650658,0.0,timber,brick,cseb,mineral_wool,single_pane,0,-10.0,-18.0,-2.0,144.69013887796973,3.5,18.0,18.0,18.0,0.0,24,95.1450060516759,19.78276160123254,13.308221201540777,88.67046565198414,tier1_rc_physics,0.0003333091735839844,False
winter_87,winter,6.887628034176367,4.144092552058362,2.548168430094292,28.605092506272776,103.655176763024,113.83875382641565,0.27848531817523603,0.0,cseb,sandwich_panel,brick,rock_wool,single_pane,0,-10.0,-18.0,-2.0,144.69013887796973,3.5,18.0,18.0,18.0,0.0,24,83.60241511555994,16.922366198314837,11.75171411008594,78.43176302733103,tier1_rc_physics,0.0003287792205810547,False
winter_88,winter,6.4952792177791645,4.0543851060558564,2.291901444157721,37.532426383593645,108.3369682448495,121.76187134570664,0.1386728479595758,0.0,concrete,concrete,concrete,eps_foam,single_pane,0,-10.0,-18.0,-2.0,144.69013887796973,3.5,18.0,18.0,18.0,0.0,24,50.85261079033911,10.289525510423848,6.9024692445870945,47.46555452450237,tier1_rc_physics,0.00034809112548828125,False
winter_89,winter,6.0364226926147015,5.120974460307807,3.1932537773763396,32.07222309825697,78.26269755975747,10.449052921342728,0.25690492418567534,49.5074417619687,cseb,timber,concrete,xps_foam,single_pane,1,-10.0,-18.0,-2.0,144.69013887796973,3.5,18.0,18.0,18.0,0.0,24,139.45867433175889,20.313226084098467,15.229893460937042,134.37534170859746,tier1_rc_physics,0.00033926963806152344,True
winter_90,winter,6.624787798928332,3.2356702750713224,2.5118446814105213,19.956033821650617,34.138198389521904,149.47946045334757,0.11387958895324425,46.32241159434694,timber,concrete,brick,xps_foam,single_pane,1,-10.0,-18.0,-2.0,144.69013887796973,3.5,18.47040808958154,18.0,19.431075332594972,1.4310753325949719,24,39.58301383403361,16.781631072025686,5.802739679423573,24.82377900370157,tier1_rc_physics,0.00033211708068847656,False
winter_91,winter,4.309081369293137,5.874839121987429,3.4986455302208763,20.24235592761377,119.33303977905048,100.30774781100503,0.20742938347403572,0.0,timber,timber,cseb,mineral_wool,double_pane,0,-10.0,-18.0,-2.0,144.69013887796973,3.5,18.010530218291127,18.0,18.125989137309546,0.12598913730954564,24,53.27140948435014,14.912341052360814,12.189940933907149,50.54900936589645,tier1_rc_physics,0.0003418922424316406,False
winter_92,winter,6.829882990974587,4.466979284312163,3.1082921216322283,24.687508555039624,131.3990035753951,49.44396481450065,0.123660108008969,0.0,timber,concrete,brick,mineral_wool,double_pane,0,-10.0,-18.0,-2.0,144.69013887796973,3.5,18.0,18.0,18.0,0.0,24,60.12692880231003,11.223475976969219,10.36438514997407,59.267837975314904,tier1_rc_physics,0.00032138824462890625,False
winter_93,winter,6.641530544069785,4.985104979934928,2.2548899253022876,2.4853009469780325,95.53165131748405,83.0793981468925,0.08119626003268221,0.0,sandwich_panel,concrete,cseb,mineral_wool,double_pane,0,-10.0,-18.0,-2.0,144.69013887796973,3.5,18.0,18.0,18.0,0.0,24,37.21007729169203,6.647036236193132,7.088962977915692,37.6520040334146,tier1_rc_physics,0.00031685829162597656,False
winter_94,winter,3.6959586191161944,4.365201365994489,2.890372547116812,13.915762068680486,77.80155855476708,82.03480769120543,0.38011000249517857,0.0,brick,concrete,concrete,mineral_wool,single_pane,0,-10.0,-18.0,-2.0,144.69013887796973,3.5,18.0,18.0,18.0,0.0,24,87.97117156131257,17.771547040986267,9.134839036691597,79.3344635570179,tier1_rc_physics,0.0003306865692138672,True
winter_95,winter,5.371474032640053,5.468495459884425,2.953794712579976,4.17926919425422,42.648706083881585,146.49537010908944,0.05561362436272009,0.0,concrete,cseb,cseb,rock_wool,single_pane,0,-10.0,-18.0,-2.0,144.69013887796973,3.5,18.050202658866564,18.0,18.330438084766765,0.33043808476676517,24,41.62948104063766,14.102342779317814,7.502550970322048,35.02968923164193,tier1_rc_physics,0.0003154277801513672,False
winter_96,winter,5.29815617554063,4.213798507133717,2.627952898062131,24.514618192435396,168.84588277034032,58.075282333455114,0.11066113504160283,0.0,timber,brick,brick,mineral_wool,double_pane,0,-10.0,-18.0,-2.0,144.69013887796973,3.5,18.0,18.0,18.0,0.0,24,39.47090616727109,7.606143147058665,6.154720872003297,38.01948389221573,tier1_rc_physics,0.0003216266632080078,False
winter_97,winter,4.789681348559551,3.6683725651389505,2.3613172713180806,42.321676268731416,41.8474419097475,79.54060315954865,0.272303132997985,0.0,brick,timber,concrete,rock_wool,double_pane,0,-10.0,-18.0,-2.0,144.69013887796973,3.5,18.82313074539155,18.0,21.324966451791457,3.3249664517914574,24,41.98087055747207,21.316845306085384,6.811514536863654,27.475539788250362,tier1_rc_physics,0.00032019615173339844,False
winter_98,winter,4.3169225077730395,4.626384639213608,2.2094763095014462,38.65224013232574,150.7204718866551,12.69963304056868,0.2935809183555704,0.0,cseb,cseb,brick,rock_wool,double_pane,0,-10.0,-18.0,-2.0,144.69013887796973,3.5,18.0,18.0,18.0,0.0,24,74.43973836669979,10.522534055956061,7.354769057743519,71.27197336848727,tier1_rc_physics,0.0003228187561035156,False
winter_99,winter,6.661372739427273,3.0092189160691962,3.0708707159962345,44.04802820168892,36.588579511309504,136.9172561212091,0.15415395279234068,19.21531812738607,timber,brick,concrete,mineral_wool,double_pane,1,-10.0,-18.0,-2.0,144.69013887796973,3.5,18.577441510812026,18.0,19.83070218708098,1.8307021870809805,24,38.94561294442626,20.955125724893556,7.513491463975069,24.694296246379356,tier1_rc_physics,0.00031447410583496094,False
winter_100,winter,5.72102366022571,4.5668284682887,3.400809915685823,29.310925417795733,94.72438419495202,101.92814066927224,0.11802472200191536,0.0,cseb,timber,concrete,eps_foam,single_pane,0,-10.0,-18.0,-2.0,144.69013887796973,3.5,18.0,18.0,18.0,0.0,24,59.949537795983886,12.776441695019626,9.541947496029247,56.71504359699354,tier1_rc_physics,0.0003337860107421875,False
winter_101,winter,3.874878454973633,4.060082255240713,2.819649300379489,30.447513029715363,108.6041492508417,97.70768058293292,0.1746852716952284,0.0,cseb,cseb,brick,mineral_wool,double_pane,0,-10.0,-18.0,-2.0,144.69013887796973,3.5,18.00282750237514,18.0,18.040757856536427,0.04075785653642683,24,34.57681949384217,8.819841356027059,5.613113538696287,31.370091676511404,tier1_rc_physics,0.0003192424774169922,True
winter_102,winter,3.7686603283312055,3.9746379958688864,2.461638901203937,16.60902192127487,56.369688182176795,25.70271619555457,0.20365611894126345,0.0,sandwich_panel,timber,brick,xps_foam,single_pane,0,-10.0,-18.0,-2.0,144.69013887796973,3.5,18.39425895939208,18.0,20.536039187739313,2.5360391877393127,24,45.03178379267243,14.317268026957214,5.09680841621435,35.811324181929564,tier1_rc_physics,0.0003066062927246094,True
winter_103,winter,3.4193959137192897,5.609818394560857,3.415085240309695,2.965307919046972,71.47566690125772,117.87316774671909,0.19045410151122538,11.574409859985064,cseb,sandwich_panel,concrete,rock_wool,single_pane,1,-10.0,-18.0,-2.0,144.69013887796973,3.5,18.000075439358756,18.0,18.001810544610123,0.0018105446101230882,24,64.71293270285412,15.134336726262758,8.63726485509142,58.215860831682775,tier1_rc_physics,0.0003407001495361328,False
winter_104,winter,6.276730558332346,5.653223792364002,2.4221883315829,11.46495933070209,46.34494665768914,108.50829146200353,0.19184418221411575,0.0,cseb,timber,cseb,xps_foam,double_pane,0,-10.0,-18.0,-2.0,144.69013887796973,3.5,18.262399622546386,18.0,19.28678219490906,1.2867821949090583,24,50.01830772552026,21.735924874309422,11.479086159487144,39.76146901069794,tier1_rc_physics,0.0003008842468261719,False
winter_105,winter,5.033125502034313,4.422039714436896,2.4057456697094675,30.088805785445917,103.14355682214637,46.555171789162294,0.3715391582199527,0.0,timber,timber,brick,mineral_wool,double_pane,0,-10.0,-18.0,-2.0,144.69013887796973,3.5,18.001788075052,18.0,18.02353336779487,0.02353336779486881,24,55.452281195049444,13.927679014940654,10.334492971728544,51.85909515183734,tier1_rc_physics,0.0003006458282470703,False
winter_106,winter,5.164177097393864,5.89038450370459,2.2728934190321057,41.67006870106508,133.88461028366535,88.04370862792904,0.050919161357889486,24.255033185304196,timber,concrete,cseb,xps_foam,double_pane,1,-10.0,-18.0,-2.0,144.69013887796973,3.5,18.0,18.0,18.0,0.0,24,34.47128519128331,5.873089066225009,5.858184021063137,34.456380146121425,tier1_rc_physics,0.0003218650817871094,False
winter_107,winter,5.437775084923953,3.371216342661892,2.3933574383215053,19.722447076972585,174.15497015368817,51.1344320116736,0.06775321318163624,0.0,concrete,sandwich_panel,concrete,eps_foam,double_pane,0,-10.0,-18.0,-2.0,144.69013887796973,3.5,18.0,18.0,18.0,0.0,24,30.64787469925301,6.370917458869704,3.9669384136987866,28.2438956540821,tier1_rc_physics,0.0002982616424560547,False
winter_108,winter,4.748256415053254,3.0209602670912195,2.7899158523296093,42.180285384627254,118.14008251370355,117.39780131645928,0.34546579957404105,0.0,timber,concrete,concrete,mineral_wool,single_pane,0,-10.0,-18.0,-2.0,144.69013887796973,3.5,18.0,18.0,18.0,0.0,24,72.26194273852052,14.944763538020224,7.3712840410803535,64.68846324158062,tier1_rc_physics,0.0002918243408203125,False
winter_109,winter,6.0670129227715455,5.026228553196443,2.4482163123540066,37.66686433672679,120.36322206710996,20.340433755700168,0.35145646868295205,1.5698351043753251,cseb,concrete,cseb,mineral_wool,single_pane,1,-10.0,-18.0,-2.0,144.69013887796973,3.5,18.0,18.0,18.0,0.0,24,143.90346600299148,19.274070686938398,13.902199449205526,138.5315947652586,tier1_rc_physics,0.0002968311309814453,False
winter_110,winter,3.79318100037292,5.363982252441323,2.5946133473985453,14.47985396150601,143.28195469154963,74.8113970085585,0.2712068751869747,21.978148551162295,timber,sandwich_panel,concrete,mineral_wool,double_pane,1,-10.0,-18.0,-2.0,144.69013887796973,3.5,18.012751300253104,18.0,18.14381559797265,0.14381559797265098,24,42.43295566988137,11.733158762730866,8.403848963324851,39.10364587047534,tier1_rc_physics,0.0002872943878173828,False
winter_111,winter,6.063952141657424,4.473154379266063,3.0955289297317616,6.456765241221629,57.45384195278484,86.45053774744757,0.2614542446764997,42.18649399134702,sandwich_panel,concrete,cseb,rock_wool,double_pane,1,-10.0,-18.0,-2.0,144.69013887796973,3.5,18.55171050308646,18.0,19.634011008471617,1.6340110084716173,24,57.302239632322326,24.47586362512058,13.341744014068542,40.68479275304272,tier1_rc_physics,0.00028395652770996094,False
winter_112,winter,4.262031444052142,4.097979118983545,3.035528346748892,43.72169815479503,159.9189500152519,33.37028008007273,0.392947298030179,0.0,cseb,cseb,concrete,mineral_wool,double_pane,0,-10.0,-18.0,-2.0,144.69013887796973,3.5,18.0,18.0,18.0,0.0,24,73.38246300747684,16.447119262339836,10.615540632443569,67.55088437758059,tier1_rc_physics,0.0002837181091308594,False
winter_113,winter,7.500677794206073,4.703474807992473,2.834852804921276,7.183396188895558,162.44853822567023,2.3526130252127286,0.22994106252195823,0.0,brick,timber,cseb,xps_foam,single_pane,0,-10.0,-18.0,-2.0,144.69013887796973,3.5,18.0,18.0,18.0,0.0,24,165.4149823493761,18.810980009050233,14.519916221230625,161.12391856155645,tier1_rc_physics,0.0003027915954589844,False
winter_114,winter,3.6349726357738925,5.910154313917492,2.728743077706547,36.907050130084805,70.75690671569828,132.4311032320361,0.30864478905244463,0.0,concrete,cseb,concrete,xps_foam,double_pane,0,-10.0,-18.0,-2.0,144.69013887796973,3.5,18.069731760451976,18.0,18.483629518243887,0.48362951824388745,24,49.10401353130102,16.0251338229442,10.093987977545492,43.17286768590231,tier1_rc_physics,0.00026869773864746094,False
winter_115,winter,6.298383701854908,4.221542030421979,2.829994056557332,4.86864533965467,145.70081320597964,5.373372262799901,0.2691463026375207,0.0,sandwich_panel,cseb,concrete,xps_foam,double_pane,0,-10.0,-18.0,-2.0,144.69013887796973,3.5,18.0,18.0,18.0,0.0,24,74.5484464329823,14.251887635053691,11.920635062875892,72.2171938608045,tier1_rc_physics,0.0002694129943847656,True
winter_116,winter,4.873596202332313,5.832648705724804,2.6190505242607234,18.694312104436758,165.35708702134409,16.119992514127983,0.12259892151437969,0.0,timber,concrete,cseb,rock_wool,single_pane,0,-10.0,-18.0,-2.0,144.69013887796973,3.5,18.0,18.0,18.0,0.0,24,85.01793858235317,10.001745960268973,8.110123920623542,83.12631654270771,tier1_rc_physics,0.00027823448181152344,False
winter_117,winter,4.234307685721031,5.4887934466255635,2.2481168043094977,15.434940653152527,99.44127611330921,133.57676073196603,0.18162392591559623,20.26440534478167,brick,brick,brick,eps_foam,double_pane,1,-10.0,-18.0,-2.0,144.69013887796973,3.5,18.000760043411926,18.0,18.01095269553365,0.010952695533649859,24,34.91256066227232,9.103806796153915,6.733345433059649,32.54209929917805,tier1_rc_physics,0.000270843505859375,False
winter_118,winter,6.592502345000931,3.147547410269768,2.6215889374608774,31.822299802589672,132.07525491608666,31.33033892713172,0.2558806745399975,15.458598932689057,timber,sandwich_panel,cseb,eps_foam,single_pane,1,-10.0,-18.0,-2.0,144.69013887796973,3.5,18.0,18.0,18.0,0.0,24,72.60772736678051,14.189719046309909,8.374206972499717,66.7922152929703,tier1_rc_physics,0.0002689361572265625,False
winter_119,winter,5.679253391640831,4.768387459371481,2.325926584286501,17.416801675709163,86.5335847720034,111.74116923935614,0.11126095743190281,0.0,concrete,sandwich_panel,cseb,rock_wool,single_pane,0,-10.0,-18.0,-2.0,144.69013887796973,3.5,18.0,18.0,18.0,0.0,24,44.56566767284342,9.381340503425024,6.620469266837584,41.80479643625595,tier1_rc_physics,0.0002574920654296875,False
winter_120,winter,4.557723866440382,3.9556543691530233,3.278429062390801,33.131150422069716,58.22865017049259,67.25898462020683,0.3743879268876107,26.80607052038165,concrete,timber,cseb,eps_foam,single_pane,1,-10.0,-18.0,-2.0,144.69013887796973,3.5,18.322134147250573,18.0,19.434768001787557,1.4347680017875568,24,104.0635618330035,34.5104279540171,11.596067218632685,77.99682204244309,tier1_rc_physics,0.00027108192443847656,True
winter_121,winter,6.874093057466002,5.247922827466485,2.3895695333734515,41.095491813185824,26.928628013555876,85.5415757961854,0.3004582115099373,43.2319784646809,brick,sandwich_panel,brick,rock_wool,double_pane,1,-10.0,-18.0,-2.0,144.69013887796973,3.5,19.10047077375546,18.0,20.317859124911504,2.3178591249115037,24,66.60202330619158,39.25095615808524,15.140410896809456,25.40527272808676,tier1_rc_physics,0.00025534629821777344,False
winter_122,winter,4.808916431133512,3.345995487547547,2.8086951602708337,9.7219141583077,3.0068376608882543,116.59084606564808,0.14830144959514657,0.0,concrete,sandwich_panel,concrete,eps_foam,double_pane,0,-10.0,-18.0,-2.0,144.69013887796973,3.5,18.906976785712928,18.0,20.926142320963052,2.926142320963052,24,29.52535834302487,19.716398156455078,5.487600036331651,15.29656022290145,tier1_rc_physics,0.0002307891845703125,False
winter_123,winter,6.6141187146312275,3.3007933414172643,2.233187322708013,4.04248399654546,113.19455779391363,87.10277148475207,0.22544017313084708,0.0,sandwich_panel,brick,cseb,rock_wool,double_pane,0,-10.0,-18.0,-2.0,144.69013887796973,3.5,18.0,18.0,18.0,0.0,24,37.380156961121415,9.440189594168025,7.004212439344855,34.944179806298244,tier1_rc_physics,0.0002446174621582031,False
winter_124,winter,7.10343941026896,5.667880453889195,2.438663605630263,13.284301559561944,48.2165918104415,147.49884561370664,0.05700773675185363,0.0,cseb,brick,brick,eps_foam,single_pane,0,-10.0,-18.0,-2.0,144.69013887796973,3.5,18.000237330193574,18.0,18.005695924645778,0.00569592464577795,24,46.14922244595042,12.182430462507387,8.521115978601651,42.487907962044616,tier1_rc_physics,0.0002460479736328125,False
winter_125,winter,3.3989656148909972,3.1754173795846348,2.6457742030855447,37.17715099347636,15.220630312181875,121.30353630421489,0.36042450547481925,0.0,brick,cseb,cseb,mineral_wool,double_pane,0,-10.0,-18.0,-2.0,144.69013887796973,3.5,21.597263351940246,18.0,28.854384029103848,10.854384029103848,21,40.1827652860206,29.62706200923278,6.098376892413256,16.654080169201084,tier1_rc_physics,0.0002276897430419922,False
winter_126,winter,5.571230331193602,3.015389005698451,2.8861402110284398,20.910045696492602,163.51632961634462,135.52496945268777,0.29226683408345255,11.303794083125121,cseb,brick,cseb,mineral_wool,single_pane,1,-10.0,-18.0,-2.0,144.69013887796973,3.5,18.0,18.0,18.0,0.0,24,72.47139607590128,15.422696103079268,8.059680062013927,65.10838003483593,tier1_rc_physics,0.0002453327178955078,False
winter_127,winter,4.8886984323186695,4.001539924386921,2.680825567126927,42.8325550967366,153.6645073861876,94.62519069053856,0.3066762243307528,0.0,brick,brick,cseb,mineral_wool,double_pane,0,-10.0,-18.0,-2.0,144.69013887796973,3.5,18.00781580762469,18.0,18.105334137329134,0.10533413732913388,24,50.990065333527994,13.341531063096834,8.975239244604946,46.62377351503612,tier1_rc_physics,0.00023412704467773438,False
winter_128,winter,3.5223334046866475,4.606975197188621,2.876227345734781,35.04504967671652,9.756893572388023,13.798429897940458,0.3643445445815932,0.0,cseb,brick,concrete,mineral_wool,single_pane,0,-10.0,-18.0,-2.0,144.69013887796973,3.5,19.269333873042683,18.0,23.803670014532205,5.803670014532205,24,119.49449531350068,49.48649415467454,9.297667782892615,79.30566894171874,tier1_rc_physics,0.00026154518127441406,False
winter_129,winter,5.808184430804143,3.6409291367309047,2.956516362385646,12.952939230278501,65.79458254001997,124.79592166588449,0.09148660820706087,3.479032163614619,brick,cseb,cseb,xps_foam,single_pane,1,-10.0,-18.0,-2.0,144.69013887796973,3.5,18.015907737861088,18.0,18.147264931718748,0.14726493171874822,24,39.93278696143563,11.110429348295279,6.1574872978530335,34.97984491099337,tier1_rc_physics,0.000263214111328125,False
winter_130,winter,6.748471272015683,5.693325100768532,2.444159423133847,41.30056354286848,52.78814013279438,47.33672657866411,0.09526922184486428,0.0,timber,brick,brick,rock_wool,double_pane,0,-10.0,-18.0,-2.0,144.69013887796973,3.5,18.0,18.0,18.0,0.0,24,62.54722839125359,12.686386916835533,9.363202921224618,59.22404439564269,tier1_rc_physics,0.00023698806762695312,False
winter_131,winter,3.135656159976731,4.437533196227738,2.344439320311659,20.38059557948126,155.834908484639,65.4306727518833,0.2970025591056343,43.72087724210846,cseb,concrete,brick,rock_wool,double_pane,1,-10.0,-18.0,-2.0,144.69013887796973,3.5,18.003231656365994,18.0,18.04557563530267,0.045575635302668616,24,38.82216330949792,9.525435185980141,5.475491783058831,34.77221990657661,tier1_rc_physics,0.00023174285888671875,False
winter_132,winter,5.168161218163579,4.747974775920758,2.6093176575152137,29.74479133481348,122.42824651890867,135.19496975855643,0.3763690419138014,0.0,concrete,sandwich_panel,brick,xps_foam,single_pane,0,-10.0,-18.0,-2.0,144.69013887796973,3.5,18.0,18.0,18.0,0.0,24,92.3992696672906,19.87427435529696,12.461702928989205,84.98669824098288,tier1_rc_physics,0.0003333091735839844,False
winter_133,winter,4.344658480638699,4.310238716093083,2.4712680700809577,36.64718584188584,28.786063450591943,105.29996927693264,0.06997904111779041,2.7316287592611257,cseb,concrete,brick,xps_foam,double_pane,1,-10.0,-18.0,-2.0,144.69013887796973,3.5,18.130839329986063,18.0,18.704124504610093,0.7041245046100926,24,25.19650650108083,9.721009019069587,4.238740932466109,19.71423841447738,tier1_rc_physics,0.0002491474151611328,False
winter_134,winter,6.175934285226734,3.4206406250056425,2.737966067703362,42.55166764892656,43.473270958775196,35.25508787195377,0.20909576374986605,24.77764812217354,cseb,cseb,cseb,xps_foam,double_pane,1,-10.0,-18.0,-2.0,144.69013887796973,3.5,18.323132011680286,18.0,19.373207252902798,1.373207252902798,24,59.378656118258334,21.967547473344872,8.082612231903102,43.23375253274805,tier1_rc_physics,0.0005536079406738281,False
winter_135,winter,7.429263249987235,5.340873281647445,3.38332987716884,26.723501567135703,136.21307734154126,2.6275042371101556,0.36994122156667764,38.706234984672896,cseb,sandwich_panel,concrete,rock_wool,single_pane,1,-10.0,-18.0,-2.0,144.69013887796973,3.5,18.0,18.0,18.0,0.0,24,211.45076235629287,31.840995773128252,25.836743482204668,205.44651006536924,tier1_rc_physics,0.0005781650543212891,False
winter_136,winter,4.908656539484295,3.1354354780548572,2.532625686136688,35.903277120846106,74.2264079183386,52.371095795148825,0.21498304506355465,0.0,timber,cseb,cseb,mineral_wool,single_pane,0,-10.0,-18.0,-2.0,144.69013887796973,3.5,18.0,18.0,18.0,0.0,24,55.209500734102576,10.077166588109286,5.462195159824582,50.59452930581786,tier1_rc_physics,0.00036072731018066406,False
winter_137,winter,4.0296857231867556,4.811839439832472,3.387937530349724,36.87484507204834,159.59549578032002,39.33193501573531,0.06890290402503912,0.0,timber,brick,brick,rock_wool,single_pane,0,-10.0,-18.0,-2.0,144.69013887796973,3.5,18.0,18.0,18.0,0.0,24,50.47327713092722,8.282852368694833,5.965111000578936,48.15553576281134,tier1_rc_physics,0.00046443939208984375,False
winter_138,winter,4.0810278488314,5.882256640988169,2.901498615274993,30.691490611476517,160.20083429099284,92.90370458838456,0.16765370915365946,0.0,timber,concrete,cseb,eps_foam,single_pane,0,-10.0,-18.0,-2.0,144.69013887796973,3.5,18.0,18.0,18.0,0.0,24,61.95004182736134,12.256290967862729,8.647293220692918,58.34104408019151,tier1_rc_physics,0.00043511390686035156,True
winter_139,winter,5.4063388579005025,4.8206709921758675,2.8717497750360232,34.78955390451129,178.11720148959125,28.604631013052003,0.341350929155684,0.0,cseb,brick,concrete,eps_foam,double_pane,0,-10.0,-18.0,-2.0,144.69013887796973,3.5,18.0,18.0,18.0,0.0,24,86.2639822774177,17.271784648506582,13.68174766624,82.67394529515113,tier1_rc_physics,0.0004153251647949219,False
winter_140,winter,3.0389424457128484,4.298881551976193,3.2537257064319958,9.873546542998788,178.5459027631922,78.72390753572033,0.1695824394927397,40.385639514064145,cseb,timber,brick,mineral_wool,double_pane,1,-10.0,-18.0,-2.0,144.69013887796973,3.5,18.01259708776472,18.0,18.126572602069302,0.12657260206930232,24,34.61329082657846,9.269995157198494,5.307266586676238,30.650562256056173,tier1_rc_physics,0.00041484832763671875,False
winter_141,winter,3.7224552210855126,5.71007957994472,3.2140025050600283,17.622531089604653,135.5428805478235,104.13607835051566,0.08269389190874732,0.0,timber,concrete,cseb,xps_foam,double_pane,0,-10.0,-18.0,-2.0,144.69013887796973,3.5,18.001367877708393,18.0,18.01730806280268,0.01730806280268027,24,30.647094969808357,8.223645341160312,6.521700251991562,28.945149880639622,tier1_rc_physics,0.0004489421844482422,False
winter_142,winter,5.208979851902707,5.925752230751845,2.9364438503302535,41.89916033531649,96.98799738295894,145.10626806268425,0.21819585991217105,0.0,cseb,timber,brick,xps_foam,double_pane,0,-10.0,-18.0,-2.0,144.69013887796973,3.5,18.003916385666795,18.0,18.057360348825902,0.05736034882590246,24,51.85671763534684,14.544068266929958,12.80158299641621,50.11423236483311,tier1_rc_physics,0.00039696693420410156,False
winter_143,winter,5.109722233366002,5.446784543177591,3.2280884432881094,32.27979158492359,161.70524553216518,4.053484490231848,0.2679987731879084,0.0,cseb,cseb,cseb,eps_foam,double_pane,0,-10.0,-18.0,-2.0,144.69013887796973,3.5,18.0,18.0,18.0,0.0,24,137.97055995969038,17.13259586307781,14.198189473482433,135.03615357009505,tier1_rc_physics,0.0002522468566894531,False
winter_144,winter,5.931731746117135,5.908464744779454,2.6310200266091464,31.48987222797189,0.5683157391599338,21.99974062791715,0.0938242972303567,0.0,timber,cseb,concrete,rock_wool,single_pane,0,-10.0,-18.0,-2.0,144.69013887796973,3.5,18.015869056007244,18.0,18.170058953078293,0.17005895307829277,24,82.06114687951934,21.139896706051623,9.154179362917377,70.0754295363851,tier1_rc_physics,0.000240325927734375,False
winter_145,winter,4.1827526941620015,5.7834774239353415,2.4087664482911966,44.37479987271332,68.31188175910715,40.56959951318973,0.11203968795505824,36.57684303895597,concrete,concrete,brick,eps_foam,single_pane,1,-10.0,-18.0,-2.0,144.69013887796973,3.5,18.0,18.0,18.0,0.0,24,66.7871608166804,10.334150491241163,6.139897196511247,62.592907521950465,tier1_rc_physics,0.0002684593200683594,False
winter_146,winter,5.8530133353451,3.879072439225755,2.8136239134222656,31.089330366584043,73.64552882440563,73.62383554278323,0.35741179162821074,37.04162233534196,sandwich_panel,sandwich_panel,cseb,eps_foam,single_pane,1,-10.0,-18.0,-2.0,144.69013887796973,3.5,18.0,18.0,18.0,0.0,24,91.10239707721058,19.062527608206928,12.024165374813496,84.06403484381715,tier1_rc_physics,0.00025534629821777344,False
winter_147,winter,7.408922006035711,5.646320956597782,3.1913835133952593,37.918743098784745,51.74910551365716,128.440544825983,0.15373302059153726,0.0,concrete,cseb,concrete,mineral_wool,single_pane,0,-10.0,-18.0,-2.0,144.69013887796973,3.5,18.077572764583703,18.0,18.51630880953066,0.5163088095306598,24,91.79839026160599,29.991201811317616,15.991236759350103,77.79842520963837,tier1_rc_physics,0.00026345252990722656,False
winter_148,winter,5.947077558142435,3.161768923771931,2.8656064712982783,25.50144173139593,116.91767324532563,91.17323008715317,0.23730981557493186,46.101180303883815,sandwich_panel,brick,brick,rock_wool,double_pane,1,-10.0,-18.0,-2.0,144.69013887796973,3.5,18.051407553342454,18.0,18.496403211878686,0.4964032118786861,24,40.57883963011577,11.499938141098916,7.97152604397928,37.050427532996146,tier1_rc_physics,0.0002646446228027344,False
winter_149,winter,4.852081930015765,3.310244043541716,3.3965509445119784,10.47115489814473,111.46752124727463,96.17196306045247,0.34716273582142215,23.544212478203235,sandwich_panel,timber,concrete,eps_foam,double_pane,1,-10.0,-18.0,-2.0,144.69013887796973,3.5,18.295294262510712,18.0,19.391834908545004,1.391834908545004,24,49.70163968170822,15.862929703724975,10.186014878947713,40.854797871014824,tier1_rc_physics,0.00026607513427734375,False
winter_150,winter,3.2905596558198393,5.964490912315096,2.4347429633256987,25.093420084238595,147.58405334100163,75.97527043142699,0.34796484847213466,0.0,cseb,concrete,brick,rock_wool,single_pane,0,-10.0,-18.0,-2.0,144.69013887796973,3.5,18.0,18.0,18.0,0.0,24,83.42643317871486,15.875673536100443,8.842077316541507,76.3928369591559,tier1_rc_physics,0.00026702880859375,False
winter_151,winter,5.262330255744284,3.545813439126852,3.137049055285491,28.22600827730131,23.663266159265973,119.80731525957145,0.28068418711158905,0.0,sandwich_panel,cseb,concrete,rock_wool,double_pane,0,-10.0,-18.0,-2.0,144.69013887796973,3.5,21.919403619293877,18.0,31.4796099039406,13.479609903940599,20,51.44345488478553,35.17411732801424,10.831215674452272,27.100553231223547,tier1_rc_physics,0.0002906322479248047,False
winter_152,winter,5.461420839690594,5.504359048629528,3.436401173009125,35.54008811836209,106.19935952098635,1.8938614305796286,0.0886230699193281,17.892284872795237,timber,concrete,cseb,mineral_wool,single_pane,1,-10.0,-18.0,-2.0,144.69013887796973,3.5,18.0,18.0,18.0,0.0,24,145.68705897801235,11.529447794076653,10.068218633472062,144.2258298174078,tier1_rc_physics,0.0003094673156738281,False
winter_153,winter,3.947133994134383,3.7710973603817637,3.393963524258755,24.0785862364982,1.238674833694407,105.97025665390832,0.26674895867959986,21.735704779140878,brick,timber,brick,xps_foam,single_pane,1,-10.0,-18.0,-2.0,144.69013887796973,3.5,19.52234231443956,18.0,22.27610095552424,4.276100955524239,24,72.91851688731228,42.816729240703275,8.39533948147777,34.45457140058832,tier1_rc_physics,0.00029921531677246094,False
winter_154,winter,5.780075224840299,4.08320472990791,2.9400722667462076,17.835126454410176,130.6758089042155,122.78863298286397,0.34962783865096475,0.0,cseb,sandwich_panel,cseb,rock_wool,double_pane,0,-10.0,-18.0,-2.0,144.69013887796973,3.5,18.040658810859068,18.0,18.328169383513856,0.32816938351385616,24,57.89570408249581,17.333023125802093,12.897243350531774,53.45992430722551,tier1_rc_physics,0.00031828880310058594,False
winter_155,winter,3.7523286352296843,5.386796027964027,2.523436712358421,39.891709438574814,20.18557822589877,130.3675964113392,0.22778776742143458,0.0,cseb,sandwich_panel,cseb,mineral_wool,single_pane,0,-10.0,-18.0,-2.0,144.69013887796973,3.5,19.106377243978972,18.0,22.331682660643356,4.331682660643356,24,60.403001190554484,30.796156410710726,7.659274587700151,37.266119367543936,tier1_rc_physics,0.00029659271240234375,False
winter_156,winter,6.701860575782286,5.370703333790805,2.9622340654189006,43.48388955655671,153.5308041371334,123.19021537184484,0.23419103620842208,0.0,sandwich_panel,concrete,concrete,eps_foam,double_pane,0,-10.0,-18.0,-2.0,144.69013887796973,3.5,18.0,18.0,18.0,0.0,24,60.83559029188253,15.621961846469821,15.632632434190022,60.84626087960275,tier1_rc_physics,0.00030159950256347656,False
winter_157,winter,4.5374288080843685,4.53180191141762,3.4587204043834943,11.850498418272126,166.1734949382335,122.29936751790694,0.08578874055290608,18.67522575021456,timber,cseb,brick,rock_wool,single_pane,1,-10.0,-18.0,-2.0,144.69013887796973,3.5,18.0,18.0,18.0,0.0,24,41.94601334417326,9.464587104763734,6.863516024592391,39.34494226400195,tier1_rc_physics,0.0003006458282470703,False
winter_158,winter,6.107052317358373,3.391938090345553,2.82326185482748,18.153204878414936,21.30081627187421,42.25316396186468,0.39886730115003,35.43654460646381,concrete,sandwich_panel,cseb,eps_foam,double_pane,1,-10.0,-18.0,-2.0,144.69013887796973,3.5,19.49806121752871,18.0,21.419810472865137,3.4198104728651373,24,70.04023702671508,48.62926833834836,12.4595425895926,25.878969592624014,tier1_rc_physics,0.0002994537353515625,False
winter_159,winter,5.91004124959075,5.424152472971951,3.447445105354293,39.40183715603822,89.28407500653292,53.44835826044648,0.2846561646259472,0.0,concrete,brick,brick,rock_wool,double_pane,0,-10.0,-18.0,-2.0,144.69013887796973,3.5,18.0,18.0,18.0,0.0,24,94.33816214877936,21.372497163664974,18.08667942036259,91.05234440547697,tier1_rc_physics,0.0003075599670410156,False
winter_160,winter,6.027355453474535,4.445913306226332,2.9087967509840214,15.055027622678294,127.2439383651066,108.03361019017152,0.13237659269054758,0.0,brick,brick,concrete,eps_foam,double_pane,0,-10.0,-18.0,-2.0,144.69013887796973,3.5,18.0,18.0,18.0,0.0,24,42.61265859863377,10.968789388978282,8.748567377148339,40.39243658680381,tier1_rc_physics,0.0003235340118408203,True
winter_161,winter,3.8424825583302455,4.284320657695715,2.2759987890503846,37.25118698852749,144.26736058597214,89.83964222665296,0.13359664739327692,0.0,sandwich_panel,cseb,brick,xps_foam,double_pane,0,-10.0,-18.0,-2.0,144.69013887796973,3.5,18.0,18.0,18.0,0.0,24,23.50709297783637,5.850819074598856,4.2207819432980065,21.877055846535523,tier1_rc_physics,0.00031566619873046875,False
winter_162,winter,3.38175600386251,3.6783393736758603,3.1025331735240367,5.341635493271688,20.871276616463913,93.71866379471257,0.1961185372004477,33.6237629396091,timber,brick,cseb,xps_foam,double_pane,1,-10.0,-18.0,-2.0,144.69013887796973,3.5,19.186109475001317,18.0,20.739881268004897,2.739881268004897,24,30.6139887767562,21.17755839659678,5.380952781534251,12.638933221591655,tier1_rc_physics,0.0003097057342529297,False
winter_163,winter,6.236220168634604,5.0007249514037495,2.994744623707347,18.349657851151264,141.56845440580616,72.52724005448904,0.2607087678100243,0.0,cseb,sandwich_panel,cseb,xps_foam,single_pane,0,-10.0,-18.0,-2.0,144.69013887796973,3.5,18.0,18.0,18.0,0.0,24,95.96683858005474,19.37518988008504,14.52934439818734,91.12099309815704,tier1_rc_physics,0.00030922889709472656,False
winter_164,winter,7.7403503745874955,4.559953812011567,3.2354996513362653,29.897937179149512,81.26239919170084,69.98673378139696,0.15179929671190723,0.0,timber,sandwich_panel,brick,mineral_wool,single_pane,0,-10.0,-18.0,-2.0,144.69013887796973,3.5,18.0,18.0,18.0,0.0,24,80.20754602531206,15.930800840243599,13.566340932368519,77.843086117437,tier1_rc_physics,0.0003325939178466797,False
winter_165,winter,4.391726375292678,4.105342425596428,2.35597628319505,27.93200254312596,170.80157035995234,23.56061819010873,0.18723142931451564,0.0,sandwich_panel,brick,cseb,xps_foam,single_pane,0,-10.0,-18.0,-2.0,144.69013887796973,3.5,18.0,18.0,18.0,0.0,24,52.197957059154376,8.79010761766844,5.55432788652384,48.962177328009766,tier1_rc_physics,0.00030303001403808594,False
winter_166,winter,4.995494303530011,5.58839411687415,2.5043087324186812,34.125511428173056,64.47810724574865,141.01729202325913,0.3802091567690742,0.0,sandwich_panel,cseb,brick,eps_foam,single_pane,0,-10.0,-18.0,-2.0,144.69013887796973,3.5,18.11515152355291,18.0,19.034379850679887,1.034379850679887,24,97.71827197079133,26.69156801217856,13.753894142710097,84.7805981013229,tier1_rc_physics,0.0002942085266113281,False
winter_167,winter,3.9302065117872496,4.354057273056984,2.850528027826493,2.193830409532659,96.53933630043865,61.59451854888004,0.32710460919007744,8.572601219940138,concrete,timber,brick,xps_foam,single_pane,1,-10.0,-18.0,-2.0,144.69013887796973,3.5,18.0,18.0,18.0,0.0,24,79.4147166235007,16.461959547715658,8.68234376024568,71.63510083603072,tier1_rc_physics,0.00031375885009765625,True
winter_168,winter,6.333630928394703,3.353927885695059,2.826491755995447,1.2945023448229203,171.3494284244076,9.440800458410667,0.1972394576818462,0.0,concrete,brick,concrete,eps_foam,double_pane,0,-10.0,-18.0,-2.0,144.69013887796973,3.5,18.0,18.0,18.0,0.0,24,104.58899869609374,12.27574876945713,8.054005385053511,100.36725531169013,tier1_rc_physics,0.0003066062927246094,False
winter_169,winter,7.328593381090443,4.896962033815901,2.4865445515558826,4.796404446670807,85.48772553373966,48.76816214265925,0.33386151876882514,23.13943471664176,sandwich_panel,cseb,concrete,eps_foam,double_pane,1,-10.0,-18.0,-2.0,144.69013887796973,3.5,18.0,18.0,18.0,0.0,24,71.40051457296025,16.909444388920505,16.087092709658364,70.57816289369806,tier1_rc_physics,0.0002961158752441406,False
winter_170,winter,3.8888611543200806,5.8062326599212515,2.9729855692945986,23.243985748519084,69.32296368168929,129.23887455300883,0.09291661919666919,0.0,cseb,concrete,concrete,mineral_wool,double_pane,0,-10.0,-18.0,-2.0,144.69013887796973,3.5,18.001866496744526,18.0,18.026539959992597,0.026539959992597062,24,34.615003849730854,9.262529392642373,6.6403041879249205,31.992778645013402,tier1_rc_physics,0.0002942085266113281,False
winter_171,winter,7.963525428283128,5.936558589219366,3.0619138226863454,6.157902030640559,95.1570035631025,54.095515198746625,0.11536318002303969,0.0,timber,sandwich_panel,brick,rock_wool,single_pane,0,-10.0,-18.0,-2.0,144.69013887796973,3.5,18.0,18.0,18.0,0.0,24,81.20554806462006,14.721321376241049,15.415209032355937,81.89943572073487,tier1_rc_physics,0.00028395652770996094,False
winter_172,winter,7.872472175534417,3.201285909132588,3.037918317452811,14.63564608179639,155.14135418541724,116.48205055699633,0.1380429657901625,0.0,timber,sandwich_panel,brick,mineral_wool,single_pane,0,-10.0,-18.0,-2.0,144.69013887796973,3.5,18.0,18.0,18.0,0.0,24,58.06307884634304,12.775377618680544,8.739547202150977,54.02724842981346,tier1_rc_physics,0.0002818107604980469,False
winter_173,winter,4.4673548745671345,4.679596007711578,2.9769415463176054,28.45473526999546,98.4582065079563,131.47744262714536,0.2740748135476538,0.0,sandwich_panel,cseb,cseb,eps_foam,single_pane,0,-10.0,-18.0,-2.0,144.69013887796973,3.5,18.0,18.0,18.0,0.0,24,73.40653172255745,15.528503512999213,9.962798438609324,67.84082664816754,tier1_rc_physics,0.0002894401550292969,False
winter_174,winter,4.498041593629123,4.179401756626827,2.7163829334545833,15.576636349353814,19.47906110821448,66.04212757106065,0.08433797720085913,0.0,sandwich_panel,cseb,brick,mineral_wool,double_pane,0,-10.0,-18.0,-2.0,144.69013887796973,3.5,18.67915135530279,18.0,21.29565349092929,3.29565349092929,24,27.210297827466935,11.833343393471429,5.02200400202157,20.398958436017086,tier1_rc_physics,0.0002799034118652344,False
winter_175,winter,4.9592497324191,3.8893688282929615,2.3648020732740997,29.203401872237833,22.086381904996287,54.8569763490798,0.30087489793929334,0.0,timber,brick,cseb,eps_foam,single_pane,0,-10.0,-18.0,-2.0,144.69013887796973,3.5,19.57650691968914,18.0,24.619566552672836,6.619566552672836,24,74.7357274155769,34.953657695461835,8.149169687824056,47.9312394079391,tier1_rc_physics,0.00027370452880859375,False
winter_176,winter,7.53554494932498,3.9029215610559858,2.244069916890311,21.303615368944815,146.49470720668987,60.528308824361076,0.32635190886707727,30.700701905805506,sandwich_panel,timber,brick,xps_foam,single_pane,1,-10.0,-18.0,-2.0,144.69013887796973,3.5,18.0,18.0,18.0,0.0,24,86.88701326722062,16.665188056035916,11.730659072746333,81.95248428393103,tier1_rc_physics,0.0002887248992919922,False
winter_177,winter,7.757572071765315,4.874565044049201,3.3487713398359444,29.404229427202992,69.77709700617409,55.75853080526411,0.2758008621657812,0.0,brick,cseb,cseb,rock_wool,single_pane,0,-10.0,-18.0,-2.0,144.69013887796973,3.5,18.0,18.0,18.0,0.0,24,143.60603563210688,28.790483237957577,20.345939409679243,135.16149180382854,tier1_rc_physics,0.00028014183044433594,False
winter_178,winter,4.677306682840456,4.686084931583156,3.430277735980578,3.2883845872109347,112.3320780936766,15.276963553539886,0.12008086809669795,0.0,sandwich_panel,cseb,concrete,rock_wool,single_pane,0,-10.0,-18.0,-2.0,144.69013887796973,3.5,18.0,18.0,18.0,0.0,24,62.96747961736083,10.845162390802049,8.126440170613042,60.24875739717182,tier1_rc_physics,0.00031948089599609375,True
winter_179,winter,5.14941373363026,3.498424766586825,3.083108114230277,34.20363959634155,14.868777464309021,6.742122161855974,0.3965744602464198,0.0,cseb,timber,concrete,eps_foam,double_pane,0,-10.0,-18.0,-2.0,144.69013887796973,3.5,19.877577712883255,18.0,25.225426758139275,7.225426758139275,24,93.65811632848862,49.207061506902356,11.939233049385702,56.390287870971946,tier1_rc_physics,0.0003523826599121094,False
winter_180,winter,6.81272732607694,5.5395088235625,3.347667725392337,17.390500728194617,139.0829254553446,82.71571514264814,0.30910214307098843,23.410463519384276,concrete,sandwich_panel,brick,rock_wool,single_pane,1,-10.0,-18.0,-2.0,144.69013887796973,3.5,18.0,18.0,18.0,0.0,24,134.59051231088674,27.753589303256398,21.71925254280156,128.55617555043185,tier1_rc_physics,0.00028705596923828125,False
winter_181,winter,4.939566840721682,3.8979813274839046,3.07619747097708,13.407331663724161,40.88151790248436,88.52557844649711,0.14409411576161732,0.0,brick,sandwich_panel,concrete,xps_foam,single_pane,0,-10.0,-18.0,-2.0,144.69013887796973,3.5,18.40109083643981,18.0,19.844607744217843,1.8446077442178428,24,50.56563707600514,21.30400923243461,6.980755165175616,36.24238300874615,tier1_rc_physics,0.00029587745666503906,False
winter_182,winter,5.762901184034721,5.205621584343241,2.763568660842094,3.393253526643988,25.337536071800777,8.229761653914622,0.14662005643449721,0.0,timber,timber,brick,rock_wool,single_pane,0,-10.0,-18.0,-2.0,144.69013887796973,3.5,18.272383050951017,18.0,19.58974173860665,1.5897417386066515,24,79.60485543377833,26.809400151991817,9.798225700057994,62.593680981844535,tier1_rc_physics,0.0002956390380859375,False
winter_183,winter,6.9057801352496195,3.653271466053151,2.735449374430494,44.66570315960068,84.1668559322924,80.41556347919364,0.3277405520261574,0.8020160701605873,sandwich_panel,concrete,cseb,xps_foam,single_pane,1,-10.0,-18.0,-2.0,144.69013887796973,3.5,18.0,18.0,18.0,0.0,24,95.53772595768861,18.81310700832657,12.298416018537981,89.02303496790002,tier1_rc_physics,0.00028586387634277344,False
winter_184,winter,7.614878127286125,4.795023522976346,2.9907486184081913,30.523771062783265,17.737999506396697,37.002592553585195,0.238432672618551,0.0,brick,timber,concrete,rock_wool,single_pane,0,-10.0,-18.0,-2.0,144.69013887796973,3.5,18.657915816442202,18.0,21.06844021621358,3.068440216213581,24,126.31955638167133,52.71993393001199,16.547349170154376,90.14697162181373,tier1_rc_physics,0.00026726722717285156,False
winter_185,winter,3.092970565621424,4.489331742452985,2.6480971879316852,12.115804834166523,162.81743461186255,97.47458326902576,0.2483550483818715,0.0,brick,concrete,cseb,mineral_wool,single_pane,0,-10.0,-18.0,-2.0,144.69013887796973,3.5,18.0,18.0,18.0,0.0,24,55.24137749939371,11.4563655246038,5.566969085522324,49.35198106031224,tier1_rc_physics,0.0009398460388183594,False
winter_186,winter,6.918387410473488,3.835244388267671,3.057738566452845,9.02666796808593,158.61108976219973,92.10912147621303,0.14983380182590633,0.0,timber,sandwich_panel,brick,mineral_wool,single_pane,0,-10.0,-18.0,-2.0,144.69013887796973,3.5,18.0,18.0,18.0,0.0,24,62.10806277908693,13.065920921737153,9.584409935037334,58.62655179238708,tier1_rc_physics,0.0005414485931396484,False
winter_187,winter,7.13572951660339,3.5336893455712812,3.1864934142490444,33.65062056084507,42.19688748683156,18.019706518746688,0.27940060229153474,47.42915303874764,concrete,cseb,brick,rock_wool,double_pane,1,-10.0,-18.0,-2.0,144.69013887796973,3.5,18.304172304796953,18.0,19.32625483738419,1.326254837384191,24,113.70210058230633,37.29854269939393,13.148497082398508,84.05258951182043,tier1_rc_physics,0.0003914833068847656,False
winter_188,winter,7.336464617313549,4.184942376852573,2.894474849929832,0.5310435803319612,33.47070291491238,26.127398078609495,0.06151365230261784,0.0,timber,cseb,brick,xps_foam,single_pane,0,-10.0,-18.0,-2.0,144.69013887796973,3.5,18.000332287385138,18.0,18.007974897243276,0.007974897243276047,24,62.27368967383874,14.941637957910647,7.847854622365409,55.17990633829353,tier1_rc_physics,0.00031685829162597656,False
winter_189,winter,3.256219583620263,5.61252730199808,2.7551230191569065,22.609112025387617,10.733565444839666,126.52197667023867,0.18865317306397417,35.96705550295756,concrete,sandwich_panel,concrete,mineral_wool,single_pane,1,-10.0,-18.0,-2.0,144.69013887796973,3.5,18.74750310077611,18.0,20.025352669243336,2.025352669243336,24,54.545104744900755,29.638340108303517,6.784577393045943,27.760294667412964,tier1_rc_physics,0.0003447532653808594,False
winter_190,winter,3.3618111757740254,5.704706086459737,3.210174422547186,7.235918096590519,49.97510546769442,35.912409716072,0.3844160369298864,47.25359917898555,cseb,timber,brick,rock_wool,double_pane,1,-10.0,-18.0,-2.0,144.69013887796973,3.5,18.81246976579695,18.0,20.227953239380934,2.227953239380934,24,75.02221621346162,35.90493749262178,12.502162525810602,42.13687742925334,tier1_rc_physics,0.000324249267578125,False
winter_191,winter,6.480876234108574,5.107265702978733,2.5713305561162043,43.33090857025064,161.06985618485504,115.64748590173791,0.28325174642994366,0.0,sandwich_panel,timber,brick,mineral_wool,single_pane,0,-10.0,-18.0,-2.0,144.69013887796973,3.5,18.0,18.0,18.0,0.0,24,90.33366104147007,17.405453607604223,13.888612539719492,86.81681997358534,tier1_rc_physics,0.00031828880310058594,False
winter_192,winter,4.203629813412204,4.802520098710476,2.599468016583052,12.532763905024407,145.9076657504161,80.87962346439286,0.36224572101167957,31.637274070597034,brick,sandwich_panel,cseb,mineral_wool,double_pane,1,-10.0,-18.0,-2.0,144.69013887796973,3.5,18.030449724416574,18.0,18.28109997995139,0.2810999799513887,24,51.46066106948139,14.596128487601252,9.974282518727625,46.83881510060777,tier1_rc_physics,0.0003273487091064453,False
winter_193,winter,7.392208591009523,4.206079399775845,3.152289315828871,26.43723289361538,51.411691936733014,66.86359783492708,0.3823472946140078,35.76019638303301,cseb,cseb,cseb,eps_foam,single_pane,1,-10.0,-18.0,-2.0,144.69013887796973,3.5,18.568700770500666,18.0,19.99846226603799,1.9984622660379898,24,146.1862404756711,52.75674139309802,19.665165704286345,98.244089098092,tier1_rc_physics,0.0003249645233154297,False
winter_194,winter,4.778283922852712,3.1163072715865905,3.4816440118619774,4.385526676527015,139.84199799158716,94.25103407360555,0.38758316850610236,45.022137953898884,brick,concrete,concrete,eps_foam,single_pane,1,-10.0,-18.0,-2.0,144.69013887796973,3.5,18.0,18.0,18.0,0.0,24,98.87201773021644,21.264246420928828,10.286586309933458,87.89435761922104,tier1_rc_physics,0.0003552436828613281,False
winter_195,winter,6.516686172711106,4.333864835152702,2.490810955644994,16.213708763016655,61.92512910731543,38.76953430446345,0.1805719869995055,39.83069907409331,concrete,concrete,brick,rock_wool,double_pane,1,-10.0,-18.0,-2.0,144.69013887796973,3.5,18.0,18.0,18.0,0.0,24,69.65983250024226,15.367205133693561,9.040346853855645,63.33297422040435,tier1_rc_physics,0.0004429817199707031,False
winter_196,winter,6.9587133227786175,5.565056854664654,3.043234762985927,38.46477489730629,27.868702378017343,50.08169347948366,0.059206566712860696,0.0,cseb,cseb,cseb,rock_wool,double_pane,0,-10.0,-18.0,-2.0,144.69013887796973,3.5,18.0,18.0,18.0,0.0,24,71.2537069861109,15.85348653160292,10.315382726016981,65.71560318052498,tier1_rc_physics,0.0003159046173095703,False
winter_197,winter,5.1201165836840055,3.4315216313277634,2.4166890950743096,21.619063197541937,54.0660605957566,125.84282602868504,0.07636472809365574,11.788652482529907,timber,sandwich_panel,concrete,xps_foam,double_pane,1,-10.0,-18.0,-2.0,144.69013887796973,3.5,18.100622977737427,18.0,18.57989796555736,0.5798979655573611,24,19.919951016945312,7.495339571212379,3.976795357517712,16.40140680325065,tier1_rc_physics,0.00032067298889160156,False
winter_198,winter,4.039895010030121,4.6906119464579294,3.047839889491783,36.066449732717786,175.62222022172793,95.41510001311364,0.2656056168818783,0.0,cseb,concrete,cseb,rock_wool,single_pane,0,-10.0,-18.0,-2.0,144.69013887796973,3.5,18.0,18.0,18.0,0.0,24,77.26029495098756,15.512683170518459,9.080615415092854,70.82822719556192,tier1_rc_physics,0.0003170967102050781,False
winter_199,winter,6.684178441283179,5.325971203914924,3.3533854761346573,12.797800579096545,97.68484730315336,101.41226887671044,0.08988601376490438,27.122548048230076,cseb,concrete,brick,mineral_wool,double_pane,1,-10.0,-18.0,-2.0,144.69013887796973,3.5,18.0,18.0,18.0,0.0,24,54.999590509019804,11.903424531695487,11.685920563151026,54.78208654047537,tier1_rc_physics,0.0003190040588378906,False
winter_200,winter,4.0014452469383,5.1885994459531055,2.881729929337364,24.777828918595358,65.2588461669506,1.361896318271717,0.05937472796617094,0.0,sandwich_panel,concrete,concrete,xps_foam,single_pane,0,-10.0,-18.0,-2.0,144.69013887796973,3.5,18.0,18.0,18.0,0.0,24,76.34995620417004,7.54913335189301,5.2402655865362595,74.04108843881326,tier1_rc_physics,0.0003046989440917969,False
winter_201,winter,6.859500715834999,5.545674844067577,2.2682368494169713,42.033631337034436,83.53689039406251,137.3108409928881,0.1645256865770725,0.0,brick,brick,concrete,eps_foam,double_pane,0,-10.0,-18.0,-2.0,144.69013887796973,3.5,18.0,18.0,18.0,0.0,24,49.76649989884659,11.167679326733625,10.621082577897752,49.21990315001074,tier1_rc_physics,0.00032067298889160156,False
winter_202,winter,3.316594903738872,4.884288326379442,3.023358996319373,11.394203353525967,45.47520115577492,112.74054267875646,0.358221735807481,0.0,cseb,timber,brick,xps_foam,double_pane,0,-10.0,-18.0,-2.0,144.69013887796973,3.5,19.74067358747077,18.0,24.175145922442326,6.175145922442326,24,51.078894586351545,31.15481654703233,9.805918785718386,29.729996825037595,tier1_rc_physics,0.00030040740966796875,False
winter_203,winter,5.793412755770685,3.442529241993701,3.121389979430239,0.42167453692865414,4.0827025035620474,43.7949756065425,0.3772740134127265,0.0,cseb,cseb,cseb,xps_foam,double_pane,0,-10.0,-18.0,-2.0,144.69013887796973,3.5,20.960544055675296,18.0,27.627873536712713,9.627873536712713,24,76.85686683595365,52.403967856149436,13.418316773897287,37.871215753701485,tier1_rc_physics,0.0002942085266113281,False
winter_204,winter,5.739295793023866,4.043095980454845,3.123073722256678,41.18822348395486,72.35798735805052,33.5383265161371,0.1477131451484941,21.045030792282855,concrete,timber,brick,eps_foam,single_pane,1,-10.0,-18.0,-2.0,144.69013887796973,3.5,18.0,18.0,18.0,0.0,24,81.17768443045576,13.476305791232393,8.509055258904178,76.21043389812755,tier1_rc_physics,0.0003197193145751953,False
winter_205,winter,4.587423781029698,4.549022120025546,3.2856376639086613,0.26991562930176694,60.488774836318505,31.76808594476856,0.23516233200790726,0.0,cseb,cseb,brick,xps_foam,double_pane,0,-10.0,-18.0,-2.0,144.69013887796973,3.5,18.09433945429486,18.0,18.65587363852225,0.6558736385222517,24,65.29925808801048,20.083207640252894,10.109368031634165,55.325418479391764,tier1_rc_physics,0.0003001689910888672,False
winter_206,winter,5.4182065851434915,4.651972793947117,2.7621805328853064,5.058879840946709,29.84716298992952,109.93248095197188,0.17256556857054567,0.9329920336404885,sandwich_panel,cseb,concrete,eps_foam,double_pane,1,-10.0,-18.0,-2.0,144.69013887796973,3.5,19.227001572351938,18.0,22.66560067219883,4.665600672198831,24,39.69120497193926,22.391200722981637,9.142796913850813,26.127668786351745,tier1_rc_physics,0.0002999305725097656,False
winter_207,winter,6.729588508757569,4.1115332894949175,2.705270153688483,38.84473247833355,128.90283505785024,104.68037482982191,0.05608661051346633,16.79817760191855,sandwich_panel,concrete,concrete,eps_foam,single_pane,1,-10.0,-18.0,-2.0,144.69013887796973,3.5,18.0,18.0,18.0,0.0,24,36.98425503883169,7.067730227676857,6.4728444805612915,36.389369291716115,tier1_rc_physics,0.0003185272216796875,False
winter_208,winter,6.301376740178898,4.121490028799478,3.331657016732402,10.165850827980115,104.36967840680995,57.066288230258714,0.10447656639980502,26.896847269804415,sandwich_panel,cseb,concrete,mineral_wool,double_pane,1,-10.0,-18.0,-2.0,144.69013887796973,3.5,18.0,18.0,18.0,0.0,24,41.207414832486734,9.772838937271393,8.89629544614437,40.330871341359696,tier1_rc_physics,0.00031065940856933594,False
winter_209,winter,7.087333885271654,3.788717067414889,2.499949700463751,10.50922328115584,11.562975020552155,44.77938862575972,0.3628105421714564,2.9120903949879073,concrete,sandwich_panel,concrete,mineral_wool,single_pane,1,-10.0,-18.0,-2.0,144.69013887796973,3.5,19.31565660649444,18.0,22.961640578782962,4.961640578782962,24,112.76438061974467,57.60725564734206,13.357202047661064,67.56059141973452,tier1_rc_physics,0.00030159950256347656,False
winter_210,winter,7.920920484536387,4.3917949405614145,3.0980861375993043,36.40682176859278,105.52929365945651,111.38083073531895,0.2465799792401896,22.91578717961782,sandwich_panel,timber,brick,eps_foam,double_pane,1,-10.0,-18.0,-2.0,144.69013887796973,3.5,18.007332004557494,18.0,18.10195934399115,0.10195934399115103,24,62.019107801948905,17.22959051531674,16.25659149834221,61.046108784974365,tier1_rc_physics,0.00031065940856933594,False
winter_211,winter,5.706955927511425,5.316048981624521,2.4002568040137167,8.86302693744792,122.2519649679123,43.131738391149064,0.11687569950536413,45.57948491678678,concrete,concrete,brick,eps_foam,single_pane,1,-10.0,-18.0,-2.0,144.69013887796973,3.5,18.0,18.0,18.0,0.0,24,71.40418739031807,10.428379207560925,7.791937789921035,68.76774597267817,tier1_rc_physics,0.00030350685119628906,False
winter_212,winter,4.413524496102097,3.242047677414173,3.4308372860956085,0.041724550164957984,106.24928400202455,124.00790736752602,0.29575594088005425,0.0,cseb,sandwich_panel,concrete,eps_foam,single_pane,0,-10.0,-18.0,-2.0,144.69013887796973,3.5,18.0,18.0,18.0,0.0,24,73.19042453060182,16.480756818560558,8.218230659716717,64.92789837175799,tier1_rc_physics,0.0003037452697753906,False
winter_213,winter,3.3254344543726986,3.5601337125313677,3.3045934994293003,29.638143762855414,37.87467657328366,64.35797434473675,0.36758090834092133,0.0,cseb,brick,concrete,xps_foam,single_pane,0,-10.0,-18.0,-2.0,144.69013887796973,3.5,19.528947852181744,18.0,24.34630306732948,6.34630306732948,24,84.89136631873521,39.43042090636807,7.907802340550316,53.368747752917464,tier1_rc_physics,0.0003170967102050781,False
winter_214,winter,3.1503336910018307,4.631164701635763,3.004694278450129,8.284471032969321,125.79788607370003,24.696818579892234,0.25456510577020786,20.028400765152384,cseb,sandwich_panel,brick,xps_foam,single_pane,1,-10.0,-18.0,-2.0,144.69013887796973,3.5,18.0,18.0,18.0,0.0,24,71.76073518051201,13.249750245202922,6.728968694363781,65.23995362967287,tier1_rc_physics,0.000316619873046875,False
winter_215,winter,5.3495924859852995,3.687798421088477,2.7125816894874495,23.01547151445457,2.102636953079314,90.47239502164601,0.0752603448026283,1.1891499613482253,concrete,sandwich_panel,brick,rock_wool,double_pane,1,-10.0,-18.0,-2.0,144.69013887796973,3.5,18.241865657903187,18.0,19.07818330191169,1.0781833019116895,24,29.688217102574345,13.44017673486415,5.017126372312359,21.226007266899718,tier1_rc_physics,0.0002963542938232422,False
winter_216,winter,4.232818452716066,5.856035637646352,2.99757102408676,26.69236788981825,39.150176549373214,107.37119369190899,0.0734889563624874,0.0,timber,concrete,concrete,rock_wool,single_pane,0,-10.0,-18.0,-2.0,144.69013887796973,3.5,18.09565586376984,18.0,18.613842647372934,0.6138426473729339,24,43.19055520863981,14.440942129816932,6.885398987012218,35.635012065835056,tier1_rc_physics,0.00029659271240234375,False
winter_217,winter,5.218571580485694,5.077840752095687,2.453364398062453,18.93310950846378,85.05258015420301,50.88462684736639,0.24246828751091953,10.173580784337425,brick,sandwich_panel,cseb,eps_foam,single_pane,1,-10.0,-18.0,-2.0,144.69013887796973,3.5,18.0,18.0,18.0,0.0,24,75.45755326654114,14.19629850218902,9.7136011937399,70.97485595809202,tier1_rc_physics,0.0002970695495605469,False
winter_218,winter,6.221499718665756,5.753644396459898,2.924776022868322,21.070258062195684,93.91431970734575,96.77523387943823,0.3945861542525458,37.96641083743461,concrete,brick,concrete,rock_wool,single_pane,1,-10.0,-18.0,-2.0,144.69013887796973,3.5,18.0,18.0,18.0,0.0,24,141.172983846026,27.82215835898831,21.020877793371625,134.37170328040926,tier1_rc_physics,0.00028204917907714844,False
winter_219,winter,7.901865688416419,3.7418824762878073,2.579818557683708,0.8132086054781213,63.51538362002999,7.013826876033201,0.33477995853109804,0.0,brick,sandwich_panel,concrete,eps_foam,single_pane,0,-10.0,-18.0,-2.0,144.69013887796973,3.5,18.0,18.0,18.0,0.0,24,138.10012554634116,29.080939521311088,13.774930349119163,122.79411637414923,tier1_rc_physics,0.00039124488830566406,False
winter_220,winter,3.9111306158716093,3.4083086529261717,2.3810823206249796,21.586499791343236,32.32793362193917,76.46434773290758,0.30317853975259434,0.0,cseb,concrete,concrete,mineral_wool,single_pane,0,-10.0,-18.0,-2.0,144.69013887796973,3.5,19.061764919196943,18.0,22.499400517449136,4.499400517449136,24,60.04915166970447,27.126682693834596,5.597666896879058,38.52013587274893,tier1_rc_physics,0.00029540061950683594,False
winter_221,winter,3.664457631984143,3.5717274540440926,2.3968189590607807,10.2338374193146,177.22145279533638,30.058912464835526,0.22892178788427453,0.0,cseb,cseb,concrete,xps_foam,double_pane,0,-10.0,-18.0,-2.0,144.69013887796973,3.5,18.0,18.0,18.0,0.0,24,38.95582090829274,7.931291464568501,4.543669091861212,35.56819853558547,tier1_rc_physics,0.00028967857360839844,False
winter_222,winter,6.0047875051039785,5.145526072482079,3.143167056767413,9.229852132132468,58.09817153694086,15.601714135098653,0.07186251225510806,3.974411408943826,cseb,brick,cseb,rock_wool,double_pane,1,-10.0,-18.0,-2.0,144.69013887796973,3.5,18.0,18.0,18.0,0.0,24,97.74608827494728,12.221204185534827,8.91557906022939,94.44046314964187,tier1_rc_physics,0.0002872943878173828,False
winter_223,winter,3.495894129303613,5.981579298482277,2.28090246105241,20.447092519574117,102.08615422160655,140.9611276665375,0.13544080486062562,0.0,sandwich_panel,concrete,cseb,mineral_wool,single_pane,0,-10.0,-18.0,-2.0,144.69013887796973,3.5,18.0,18.0,18.0,0.0,24,38.90106810128763,7.800725946836184,5.402590876633557,36.50293303108499,tier1_rc_physics,0.00028324127197265625,False
winter_224,winter,4.629722960596933,5.2931109854754705,3.3183908813014895,2.0557471186931404,87.25869971676941,87.85508294307526,0.07852000014998584,13.063022994890943,sandwich_panel,sandwich_panel,concrete,xps_foam,double_pane,1,-10.0,-18.0,-2.0,144.69013887796973,3.5,18.004700652774066,18.0,18.066792423819386,0.06679242381938622,24,28.112808164122153,8.24299148891668,7.64941415000542,27.519230825210908,tier1_rc_physics,0.0002856254577636719,True
winter_225,winter,6.973161076853497,4.193764536303572,2.5157479875670576,7.845968929561992,168.19514978617187,147.65870593889156,0.39174691768847153,19.09219352626431,sandwich_panel,cseb,cseb,eps_foam,double_pane,1,-10.0,-18.0,-2.0,144.69013887796973,3.5,18.028119723259252,18.0,18.31698741027061,0.3169874102706096,24,61.458289665631376,17.574851957977685,14.715605963588185,58.59904367124187,tier1_rc_physics,0.0002875328063964844,False
winter_226,winter,6.443182747799238,4.949132885163568,2.948703072312447,32.483855605230296,38.55425621408515,142.38146896150766,0.35936529177152093,36.242366952376756,cseb,cseb,brick,xps_foam,double_pane,1,-10.0,-18.0,-2.0,144.69013887796973,3.5,18.8072353741801,18.0,20.098369507839728,2.0983695078397275,24,72.58974167537924,46.727895673959274,18.272796207614533,41.680837086601244,tier1_rc_physics,0.00030517578125,False
winter_227,winter,3.0206596385802564,5.995274440166631,2.4318368250231703,5.757042091593054,92.4432176351005,19.254093709293546,0.276883232872207,29.233000506078742,brick,timber,brick,xps_foam,single_pane,1,-10.0,-18.0,-2.0,144.69013887796973,3.5,18.0,18.0,18.0,0.0,24,80.69789178242426,13.422251458742634,7.091901314057802,74.36754163773944,tier1_rc_physics,0.00029397010803222656,False
winter_228,winter,7.287708081045038,3.559281496645138,3.4630986877664047,36.5277612616191,47.44698900945746,58.75324670978182,0.12178695937618995,3.006300001910883,timber,timber,cseb,mineral_wool,single_pane,1,-10.0,-18.0,-2.0,144.69013887796973,3.5,18.17887377928049,18.0,19.074637247326194,1.0746372473261943,24,69.24549546755507,22.917511281988688,9.823303277079203,56.02856671025535,tier1_rc_physics,0.00027680397033691406,False
winter_229,winter,6.775823725606653,5.118191155696779,2.9443933634678414,35.23572186924945,44.39965912244463,64.78402716949977,0.3664358836551521,24.044422259533363,timber,brick,cseb,eps_foam,double_pane,1,-10.0,-18.0,-2.0,144.69013887796973,3.5,18.943887844844213,18.0,20.659716161830882,2.6597161618308824,24,88.1773272475079,45.24324864918421,20.189676669915315,51.66863300522776,tier1_rc_physics,0.0002684593200683594,False
winter_230,winter,4.532797515203286,4.9643001709640595,2.264331439789875,19.208838557285294,152.8995810002135,115.18668039115127,0.39611938857747525,0.0,timber,brick,cseb,mineral_wool,single_pane,0,-10.0,-18.0,-2.0,144.69013887796973,3.5,18.0,18.0,18.0,0.0,24,84.41206526645144,16.453464064914122,10.256588598832337,78.21518980036964,tier1_rc_physics,0.0002777576446533203,False
winter_231,winter,6.676462356725599,5.672403569476936,2.9226670571235793,15.16413122206286,66.29987421041199,146.62195342614356,0.21584198144336525,15.1668618981742,brick,brick,cseb,xps_foam,single_pane,1,-10.0,-18.0,-2.0,144.69013887796973,3.5,18.006169221742166,18.0,18.090729644704226,0.09072964470422562,24,89.28270868451017,23.29413061900645,15.546127268488865,81.53470533399255,tier1_rc_physics,0.0002617835998535156,False
winter_232,winter,7.679600905573435,4.727131075864365,2.6582481232908286,22.76056930017603,91.45053315507637,114.50323873842707,0.2868446755650585,0.0,cseb,sandwich_panel,brick,mineral_wool,single_pane,0,-10.0,-18.0,-2.0,144.69013887796973,3.5,18.0,18.0,18.0,0.0,24,101.90032593285649,20.26063195894602,15.864543346775427,97.50423732068592,tier1_rc_physics,0.0002655982971191406,False
winter_233,winter,5.989349546495589,3.8114002945629837,3.4742906216800344,40.01942090590057,156.88287496263453,123.58358147266922,0.316812930910593,0.0,brick,brick,cseb,xps_foam,double_pane,0,-10.0,-18.0,-2.0,144.69013887796973,3.5,18.066944689935237,18.0,18.481185461296977,0.4811854612969775,24,62.58237802957849,19.456688981332547,13.874143594510157,56.99983264275614,tier1_rc_physics,0.0002598762512207031,True
winter_234,winter,3.600239648308133,5.860149533032791,2.8677402038200177,42.630232748275795,91.03852169956632,103.33957496296641,0.15086150335192766,15.073203770906332,brick,concrete,cseb,eps_foam,single_pane,1,-10.0,-18.0,-2.0,144.69013887796973,3.5,18.0,18.0,18.0,0.0,24,55.859285167827146,11.62197109779854,7.168379221251338,51.40569329127997,tier1_rc_physics,0.00026679039001464844,True
winter_235,winter,7.708241619677382,5.593633297200837,3.298897266901924,13.68762387640267,92.199870044113,81.33466150152682,0.20618490304445952,41.135214631661846,cseb,concrete,brick,rock_wool,double_pane,1,-10.0,-18.0,-2.0,144.69013887796973,3.5,18.0,18.0,18.0,0.0,24,84.01348791912451,18.906250496823194,19.50954851509791,84.6167859373993,tier1_rc_physics,0.0006847381591796875,False
winter_236,winter,3.802491318684644,5.765537176614195,3.2216792395916043,23.73609883499664,110.66761132450989,62.489421994288364,0.3156309116331072,45.970499764813106,brick,cseb,concrete,eps_foam,double_pane,1,-10.0,-18.0,-2.0,144.69013887796973,3.5,18.010470090422928,18.0,18.126291810193646,0.12629181019364566,24,66.251837805749,17.57185121782733,12.302601504465386,60.98258809238707,tier1_rc_physics,0.0007290840148925781,False
winter_237,winter,4.839068785650286,5.687249689593697,3.3133852306234237,35.39175975162035,89.65096362122478,39.98913827214795,0.2625097425346746,11.474100480123788,sandwich_panel,timber,brick,eps_foam,double_pane,1,-10.0,-18.0,-2.0,144.69013887796973,3.5,18.009763113340867,18.0,18.138196596397133,0.13819659639713322,24,60.91441121299213,16.419084956489527,14.246679432981104,58.742005689483705,tier1_rc_physics,0.0005116462707519531,False
winter_238,winter,3.4732238944134095,3.6255531197198927,3.168747643407995,33.28923042864599,40.31834864987267,70.55347375762338,0.39065381388805176,0.0,timber,timber,brick,mineral_wool,double_pane,0,-10.0,-18.0,-2.0,144.69013887796973,3.5,21.169376355744518,18.0,29.27442660259115,11.274426602591149,21,52.96697862649606,32.626339213260025,8.859376117144452,29.200015530380487,tier1_rc_physics,0.00028777122497558594,False
winter_239,winter,7.168268263520075,4.834505063871999,2.221016495160925,7.019581432108627,8.604008253457732,29.137591588876564,0.06680066872332341,0.0,cseb,timber,cseb,eps_foam,single_pane,0,-10.0,-18.0,-2.0,144.69013887796973,3.5,18.0,18.0,18.0,0.0,24,64.0528967989253,14.534322484815922,6.934422619729872,56.45299693383927,tier1_rc_physics,0.00024366378784179688,False
winter_240,winter,4.141765606605637,3.5069972808785748,3.4199319907234385,10.74605005595001,134.8653504643952,148.47701837532992,0.3505890854241741,0.0,sandwich_panel,brick,concrete,rock_wool,single_pane,0,-10.0,-18.0,-2.0,144.69013887796973,3.5,18.0,18.0,18.0,0.0,24,81.76596686735348,17.94071267181214,9.235732661935264,73.0609868574766,tier1_rc_physics,0.0002434253692626953,False
winter_241,winter,6.133026036618746,3.1956082148679408,3.2718759592603837,27.658439383623854,72.73401093846677,32.0947401421701,0.31166967654226074,38.98286705064254,cseb,sandwich_panel,concrete,rock_wool,double_pane,1,-10.0,-18.0,-2.0,144.69013887796973,3.5,18.003067803282097,18.0,18.043453254734818,0.04345325473481765,24,68.41039589860651,16.89580311265089,11.080714560619054,62.5953073465747,tier1_rc_physics,0.0002391338348388672,False
winter_242,winter,6.20874962593326,5.063965940425124,2.5759358804984926,4.643617227352984,151.66584580747437,129.77255279913368,0.1195170812944363,43.47055550311214,brick,timber,brick,eps_foam,single_pane,1,-10.0,-18.0,-2.0,144.69013887796973,3.5,18.0,18.0,18.0,0.0,24,53.12705379755255,11.111795253077535,8.738349098436153,50.7536076429112,tier1_rc_physics,0.0002276897430419922,False
winter_243,winter,3.0695930742886084,3.8207431333126327,3.425460823950772,38.11056406266492,127.1892834244949,21.037518763646528,0.0652227497449056,0.0,sandwich_panel,timber,concrete,rock_wool,double_pane,0,-10.0,-18.0,-2.0,144.69013887796973,3.5,18.00640258085429,18.0,18.092257021864754,0.0922570218647536,24,21.152756282751184,5.532548892053429,3.5988443271795045,19.219051717877264,tier1_rc_physics,0.00027942657470703125,False
winter_244,winter,3.9539496783870542,5.090297984274302,2.4820744237184567,43.80439347582056,93.26980589658142,14.460921930057307,0.1563419126025608,0.0,concrete,concrete,brick,xps_foam,double_pane,0,-10.0,-18.0,-2.0,144.69013887796973,3.5,18.0,18.0,18.0,0.0,24,81.0101011112192,9.02791972248753,6.011202932363456,77.99338432109518,tier1_rc_physics,0.00030541419982910156,False
winter_245,winter,6.389754387596861,3.0458274639014133,3.488855351435075,31.776963033137083,164.5561379840603,67.96249134632423,0.21014858910511558,0.0,timber,timber,brick,xps_foam,double_pane,0,-10.0,-18.0,-2.0,144.69013887796973,3.5,18.034384173243886,18.0,18.30738743770272,0.3073874377027188,24,48.20953656782116,13.883571625719153,9.4156862241927,43.74165116629472,tier1_rc_physics,0.00022459030151367188,False
winter_246,winter,3.8254588553739253,4.71490169633943,2.415313738150671,26.85458121244116,7.3601253152642725,41.31550572334983,0.3297960580493948,49.96340340129966,timber,timber,brick,rock_wool,double_pane,1,-10.0,-18.0,-2.0,144.69013887796973,3.5,19.78184995088129,18.0,21.281610567249217,3.281610567249217,24,49.10057576469938,32.857955837383805,8.289673599338931,9.787121701719922,tier1_rc_physics,0.00024437904357910156,True
winter_247,winter,3.4089346285648325,5.620574315996857,2.981152032501703,2.817713437773128,123.68426331994866,84.31089973849517,0.18200632412012208,0.0,cseb,timber,cseb,mineral_wool,double_pane,0,-10.0,-18.0,-2.0,144.69013887796973,3.5,18.00267429880619,18.0,18.03839686041615,0.038396860416149536,24,42.147039850787024,10.840567635235878,7.368869440717885,38.67534165626903,tier1_rc_physics,0.00024962425231933594,False
winter_248,winter,6.989688989801062,4.510733295119187,3.472882459293693,6.3460610114121225,124.20761242802571,49.9247008563785,0.13156353066084925,14.220967467925865,cseb,brick,concrete,eps_foam,single_pane,1,-10.0,-18.0,-2.0,144.69013887796973,3.5,18.0,18.0,18.0,0.0,24,89.87977788817916,15.383047296293908,12.259342568561447,86.7560731604467,tier1_rc_physics,0.00023627281188964844,False
winter_249,winter,4.427671067537516,5.739287555226334,3.450273675655838,8.586934398053407,112.02892655975089,56.33247656124743,0.14118001736591188,0.0,timber,concrete,cseb,rock_wool,single_pane,0,-10.0,-18.0,-2.0,144.69013887796973,3.5,18.0,18.0,18.0,0.0,24,72.78248738838201,13.48563672735815,10.101265940086988,69.39811660111083,tier1_rc_physics,0.0002281665802001953,False
winter_250,winter,6.835954467186559,4.165536105078563,2.3172037742999065,1.4023808115423395,67.13046068080844,68.5574535058866,0.2990958572773641,0.0,sandwich_panel,sandwich_panel,brick,xps_foam,double_pane,0,-10.0,-18.0,-2.0,144.69013887796973,3.5,18.174523094650265,18.0,19.19809439001515,1.1980943900151502,24,47.9265606924633,16.1691985225919,11.18979520133988,42.947157371211276,tier1_rc_physics,0.00022172927856445312,False
winter_251,winter,7.647455164435977,4.493124660648901,2.468461385804172,21.25701093526293,34.71612744571808,11.779461285191358,0.08684992059933991,0.0,concrete,cseb,brick,xps_foam,single_pane,0,-10.0,-18.0,-2.0,144.69013887796973,3.5,18.0,18.0,18.0,0.0,24,118.96615607349098,18.063812193610104,8.215837081848822,109.11818096172968,tier1_rc_physics,0.0002276897430419922,False
winter_252,winter,6.162006061181624,3.5996795641062183,2.4573376602050145,21.99394229956765,107.60919900075596,8.945666514597866,0.3871505930854903,42.79195095868579,cseb,sandwich_panel,brick,xps_foam,single_pane,1,-10.0,-18.0,-2.0,144.69013887796973,3.5,18.0,18.0,18.0,0.0,24,109.26224992263893,18.28738106280329,10.807012237731687,101.78188109756734,tier1_rc_physics,0.00024271011352539062,False
winter_253,winter,3.6257242112834325,4.076059280258315,3.4661553555938154,34.59332435337108,27.281735292238153,65.7032422037789,0.3194745300430799,17.747477770525634,brick,concrete,brick,rock_wool,single_pane,1,-10.0,-18.0,-2.0,144.69013887796973,3.5,19.18193996585207,18.0,22.018342944977334,4.018342944977334,24,93.43078568131288,45.89969093944742,9.365026459361248,54.37232781089547,tier1_rc_physics,0.00023317337036132812,False
winter_254,winter,7.527586145676686,5.745787198723168,2.5895654212731873,12.182576915152703,126.03455744951488,36.9888655896852,0.12979839844338675,3.706025988785274,concrete,timber,concrete,xps_foam,single_pane,1,-10.0,-18.0,-2.0,144.69013887796973,3.5,18.0,18.0,18.0,0.0,24,91.42259958030253,14.187871493097468,12.473434199932818,89.7081622871379,tier1_rc_physics,0.00022983551025390625,False
winter_255,winter,5.4952532068558355,3.932124444151368,3.1332597947800127,40.51062560515934,75.01139711318774,141.97882694300066,0.23614757261213515,0.0,sandwich_panel,brick,concrete,xps_foam,double_pane,0,-10.0,-18.0,-2.0,144.69013887796973,3.5,18.053487047440964,18.0,18.47305446789504,0.47305446789503947,24,43.06598943110556,12.972633187894356,9.990310528396614,40.083666771607824,tier1_rc_physics,0.00022220611572265625,False
winter_256,winter,6.580887612779873,3.3366371416957263,2.902053527726389,4.34756543154863,2.7284952410853696,22.0786726891409,0.1791221151934942,0.0,concrete,concrete,brick,eps_foam,double_pane,0,-10.0,-18.0,-2.0,144.69013887796973,3.5,18.28929654878257,18.0,19.53954920389031,1.53954920389031,24,80.82744659968952,28.5793114233155,8.24228158243054,60.490416758804585,tier1_rc_physics,0.0002181529998779297,False
winter_257,winter,6.367032570903534,5.165251231635243,2.290432674314032,23.992241776250037,109.83275005653603,3.367095293362467,0.37841192544234137,44.651549705651675,brick,brick,brick,xps_foam,single_pane,1,-10.0,-18.0,-2.0,144.69013887796973,3.5,18.0,18.0,18.0,0.0,24,180.65357882330116,20.081413213684773,14.712572961935502,175.2847385715519,tier1_rc_physics,0.0002262592315673828,False
winter_258,winter,7.192939081324157,4.860698944807499,3.0211562103609326,40.35432972722965,156.4446986176576,34.74772738014803,0.10499721407622245,0.0,brick,cseb,concrete,rock_wool,single_pane,0,-10.0,-18.0,-2.0,144.69013887796973,3.5,18.0,18.0,18.0,0.0,24,100.40065774300714,13.163984122720171,10.878762565755503,98.11543618604244,tier1_rc_physics,0.00022220611572265625,False
winter_259,winter,6.56200854377383,3.991445246365821,3.1819771456348853,18.070391506340965,60.61408376015092,17.406758352622067,0.25264836592382645,29.66148839998836,timber,sandwich_panel,concrete,eps_foam,single_pane,1,-10.0,-18.0,-2.0,144.69013887796973,3.5,18.092425280702265,18.0,18.66865476108395,0.6686547610839497,24,96.94315544774612,27.488001948644776,12.780902527508967,82.23605602661031,tier1_rc_physics,0.0002295970916748047,False
winter_260,winter,4.276802704834832,3.2979981656941515,2.7213865152798995,36.27280178118512,121.39511234855648,25.368262285905345,0.17675224586019195,0.0,concrete,timber,concrete,rock_wool,double_pane,0,-10.0,-18.0,-2.0,144.69013887796973,3.5,18.0,18.0,18.0,0.0,24,49.73356803272009,8.764978092737877,4.8833858823680965,45.851975822350326,tier1_rc_physics,0.00022482872009277344,False
winter_261,winter,6.188054137497273,5.135334907368616,3.3771010381049718,9.922106592144083,164.0568296246153,120.393084589361,0.22628322684216573,49.27622495066106,sandwich_panel,timber,cseb,xps_foam,double_pane,1,-10.0,-18.0,-2.0,144.69013887796973,3.5,18.01931989083607,18.0,18.231600898830745,0.2316008988307452,24,55.46171793123566,16.342360609954394,15.458596903024107,54.57795422430537,tier1_rc_physics,0.000232696533203125,False
winter_262,winter,4.366017010374378,4.505053997760255,3.2264629350974228,19.16423003344264,97.95173347638756,16.93462409331184,0.1633918984049203,21.17718211864484,cseb,brick,cseb,xps_foam,single_pane,1,-10.0,-18.0,-2.0,144.69013887796973,3.5,18.0,18.0,18.0,0.0,24,89.68184522120369,12.368537406250564,7.787403617073393,85.10071143202647,tier1_rc_physics,0.0002231597900390625,False
winter_263,winter,5.389891131659867,4.402896408079772,2.7775744580237345,33.75107880640943,6.995077042679026,0.41857172437864876,0.39822763822593327,0.0,cseb,sandwich_panel,cseb,mineral_wool,double_pane,0,-10.0,-18.0,-2.0,144.69013887796973,3.5,19.597752654550447,18.0,24.545977786775612,6.545977786775612,24,104.83760803277532,51.660892519061115,14.075268504864006,67.25198401857823,tier1_rc_physics,0.00021266937255859375,True
winter_264,winter,3.997034791861731,4.323868905810059,3.3309387928216005,32.71084973963187,5.841255433307243,120.98021989580491,0.28670704231827937,0.0,cseb,brick,concrete,xps_foam,single_pane,0,-10.0,-18.0,-2.0,144.69013887796973,3.5,19.996508026571988,18.0,25.10965753577197,7.109657535771969,24,83.47632254660216,47.69815011385341,10.135909811018154,45.91408224376691,tier1_rc_physics,0.00021123886108398438,False
winter_265,winter,7.978768230523232,4.619671900005023,3.36445612914716,0.7210587395259777,104.77282744353928,99.80741613132201,0.12893782430262998,41.44534601941155,brick,concrete,brick,mineral_wool,double_pane,1,-10.0,-18.0,-2.0,144.69013887796973,3.5,18.0,18.0,18.0,0.0,24,63.56506186924335,15.094380463524281,13.774663748698925,62.24534515441801,tier1_rc_physics,0.00021910667419433594,False
winter_266,winter,7.381837812037646,5.4997479505287385,2.2857908380326553,22.836502585887505,34.805514140669324,134.53573691247132,0.32124507741853925,0.0,sandwich_panel,concrete,cseb,xps_foam,single_pane,0,-10.0,-18.0,-2.0,144.69013887796973,3.5,19.259498449315064,18.0,23.958184105660226,5.9581841056602265,24,104.84216144573048,46.27552089214788,17.068679549593945,75.63532010317653,tier1_rc_physics,0.00021266937255859375,False
winter_267,winter,7.578090307182736,3.4722606056136236,2.309352721018959,11.723359146362633,59.462697253681874,127.28282537588736,0.09810531183720828,46.69893354520068,timber,brick,concrete,mineral_wool,double_pane,1,-10.0,-18.0,-2.0,144.69013887796973,3.5,18.016111541802733,18.0,18.14789242411626,0.1478924241162609,24,33.10165697047507,9.738654129516776,6.120504760928029,29.483507601886313,tier1_rc_physics,0.0002162456512451172,False
winter_268,winter,5.061525672958371,3.0907075775599386,2.3859245201552284,24.150859623125505,6.137945569104679,12.453364547337838,0.14490106541054418,0.0,concrete,sandwich_panel,cseb,eps_foam,single_pane,0,-10.0,-18.0,-2.0,144.69013887796973,3.5,18.126156500281596,18.0,18.834885338013375,0.8348853380133754,24,66.1623543282032,19.32379074566881,4.366649102287557,51.20521268482191,tier1_rc_physics,0.00021266937255859375,False
winter_269,winter,3.5038302175092637,3.2220077707834096,2.5657228889032706,16.071470941212517,109.7412700318711,77.8620380789796,0.3551834595581419,0.0,concrete,timber,concrete,mineral_wool,single_pane,0,-10.0,-18.0,-2.0,144.69013887796973,3.5,18.0,18.0,18.0,0.0,24,61.13902058313682,12.728087733708168,5.430267748680565,53.841200598109204,tier1_rc_physics,0.0002434253692626953,False
winter_270,winter,7.025863065207147,3.127347865438874,2.297964814947559,14.186234605201156,28.87235295990739,63.36482951473618,0.07229063301649769,0.0,brick,concrete,cseb,mineral_wool,single_pane,0,-10.0,-18.0,-2.0,144.69013887796973,3.5,18.035765838179074,18.0,18.27118470699537,0.27118470699537056,24,45.89587308869661,12.716238452870567,4.648487646807171,37.828122282633245,tier1_rc_physics,0.00022840499877929688,False
winter_271,winter,3.7112032046551002,4.774974879506649,3.0171897790924276,31.31139415304173,176.69839240512235,47.92409913346059,0.20242274839980656,5.239034963437652,sandwich_panel,timber,brick,mineral_wool,double_pane,1,-10.0,-18.0,-2.0,144.69013887796973,3.5,18.026510969897082,18.0,18.30857828069391,0.30857828069391147,24,37.08623574956771,10.210392256401649,7.272560114820332,34.148403607986396,tier1_rc_physics,0.0002205371856689453,False
winter_272,winter,7.659776529260169,4.991760876389492,3.4858875390333477,44.40453426317535,151.92916678748918,137.51620348700126,0.21235550735269798,0.0,concrete,concrete,concrete,eps_foam,single_pane,0,-10.0,-18.0,-2.0,144.69013887796973,3.5,18.0,18.0,18.0,0.0,24,108.47749402870176,23.45093397576719,18.55924832303188,103.58580837596645,tier1_rc_physics,0.00021767616271972656,False
winter_273,winter,6.257892331822749,3.968300214788042,2.7727876814719488,41.76237567762251,79.64193041138586,38.035200513996415,0.32053228293780006,0.0,sandwich_panel,brick,cseb,xps_foam,double_pane,0,-10.0,-18.0,-2.0,144.69013887796973,3.5,18.0,18.0,18.0,0.0,24,63.024968708723044,15.3195030744759,12.103256343049807,59.80872197729694,tier1_rc_physics,0.000217437744140625,False
winter_274,winter,7.3546493240888875,5.479411514626675,2.8474092905227733,18.777614817680533,139.75948361134917,86.74387851444669,0.1861983499588265,39.889512591410515,cseb,cseb,brick,mineral_wool,double_pane,1,-10.0,-18.0,-2.0,144.69013887796973,3.5,18.0,18.0,18.0,0.0,24,69.90171014091894,14.895158424401457,14.964476853426167,69.97102856994364,tier1_rc_physics,0.00022125244140625,False
winter_275,winter,3.864688710548686,5.210629485693294,2.4257895094792365,17.072103837018645,26.206040469380934,102.20618251267348,0.17166226060726006,0.0,cseb,concrete,concrete,eps_foam,double_pane,0,-10.0,-18.0,-2.0,144.69013887796973,3.5,18.596129629483446,18.0,20.354368397591628,2.354368397591628,24,35.58910263447261,18.789439419504184,6.261247248346998,23.060910463315427,tier1_rc_physics,0.00020813941955566406,False
winter_276,winter,5.647395144633984,4.758958485061971,2.2260010168733713,42.98169718178348,18.076480950510902,71.75881199768544,0.3825905827550297,42.15204010287141,sandwich_panel,sandwich_panel,concrete,eps_foam,single_pane,1,-10.0,-18.0,-2.0,144.69013887796973,3.5,19.445528147873286,18.0,21.213467910487743,3.2134679104877435,24,90.91648738589679,49.04569251962988,12.377005022710934,34.716246308457585,tier1_rc_physics,0.0002143383026123047,False
winter_277,winter,5.098099680144424,4.010703678122757,2.7462275301381394,31.602792382880192,53.186901067803674,69.27377488258261,0.2431811447065882,16.468325797340068,cseb,brick,concrete,rock_wool,single_pane,1,-10.0,-18.0,-2.0,144.69013887796973,3.5,18.201295557235564,18.0,19.09927198587381,1.0992719858738091,24,74.77085138335015,23.86809330664575,8.463754512228242,58.11696786143107,tier1_rc_physics,0.00021386146545410156,False
winter_278,winter,4.435027076934343,4.847466923992943,2.3052771528922635,7.639926648339754,46.17674920108294,18.67313476371154,0.0519378148328312,0.0,brick,sandwich_panel,concrete,xps_foam,double_pane,0,-10.0,-18.0,-2.0,144.69013887796973,3.5,18.0,18.0,18.0,0.0,24,43.072231333798314,7.7010587356680835,4.216314262683754,39.587486860814,tier1_rc_physics,0.0002148151397705078,False
winter_279,winter,7.865099646630519,5.150501486200842,3.2410897706434634,39.16855991504614,157.71811766757327,99.33991951555356,0.31323693180842593,48.2438045586122,timber,sandwich_panel,brick,mineral_wool,double_pane,1,-10.0,-18.0,-2.0,144.69013887796973,3.5,18.004399293945653,18.0,18.061504209756045,0.06150420975604476,24,82.61883446849119,22.925633931007912,22.758114358565937,82.45131489604918,tier1_rc_physics,0.00022673606872558594,False
winter_280,winter,7.89505219190821,4.649393692578106,3.247068193683471,23.66181760280591,75.96844722512206,98.90152022868998,0.2211944542296745,0.0,sandwich_panel,sandwich_panel,concrete,rock_wool,double_pane,0,-10.0,-18.0,-2.0,144.69013887796973,3.5,18.0065404381342,18.0,18.094056090366834,0.09405609036683416,24,59.80245303910642,17.159204113162385,16.95634148370547,59.599590409649515,tier1_rc_physics,0.00022220611572265625,False
winter_281,winter,5.6268641027570325,4.376546166068305,3.3416864089248697,28.08422091887341,115.57267922619123,134.2062402537221,0.07920609693707047,1.413003314313658,timber,sandwich_panel,concrete,rock_wool,double_pane,1,-10.0,-18.0,-2.0,144.69013887796973,3.5,18.002207155736695,18.0,18.031055354953214,0.031055354953213765,24,31.587212503466077,8.930177530849871,7.759399317221526,30.41643428983773,tier1_rc_physics,0.00021958351135253906,True
winter_282,winter,7.068170040391374,4.252063273757436,3.0924122190461825,19.885635169279613,148.38100895527884,27.506644043775903,0.36913189432697824,0.0,cseb,brick,cseb,xps_foam,single_pane,0,-10.0,-18.0,-2.0,144.69013887796973,3.5,18.0,18.0,18.0,0.0,24,150.07521709031892,25.75698711064058,17.861681930000874,142.17991190967925,tier1_rc_physics,0.0002155303955078125,False
winter_283,winter,4.090633180421452,3.4687343620787603,2.5564100819054563,32.92384845038074,114.16594117897364,103.56531908656075,0.3047662273133101,25.8979267784578,timber,brick,cseb,mineral_wool,double_pane,1,-10.0,-18.0,-2.0,144.69013887796973,3.5,18.037728556873233,18.0,18.342136724109178,0.34213672410917795,24,36.88617515673977,10.308972512070241,6.19116709167936,32.76836973634887,tier1_rc_physics,0.00021696090698242188,False
winter_284,winter,5.3040904950760055,3.481575449985473,2.5342341002594666,26.094535470647568,37.46628582192133,144.39186534510122,0.1598295964607546,47.058600385799444,concrete,sandwich_panel,brick,xps_foam,single_pane,1,-10.0,-18.0,-2.0,144.69013887796973,3.5,18.484877337103832,18.0,19.465704082487413,1.465704082487413,24,42.85019608355097,19.915527620925918,5.784848771571016,25.768402511832818,tier1_rc_physics,0.00021839141845703125,True
winter_285,winter,6.7929962920161255,4.978118957718786,2.7878642309543475,33.34443334581897,173.27738427287304,29.953208527330812,0.26946396644873455,0.3726316084033139,timber,cseb,cseb,xps_foam,single_pane,1,-10.0,-18.0,-2.0,144.69013887796973,3.5,18.0,18.0,18.0,0.0,24,114.13063998587197,18.90192157630497,14.945342445686284,110.17406085525324,tier1_rc_physics,0.00022292137145996094,False
winter_286,winter,7.7966700844890315,5.2770768845657,2.477454362565766,39.493772326986125,128.0336867974717,144.84618575728794,0.20015102066513907,0.0,concrete,cseb,cseb,eps_foam,single_pane,0,-10.0,-18.0,-2.0,144.69013887796973,3.5,18.0,18.0,18.0,0.0,24,83.80746415347821,16.653345825870446,13.7732842466187,80.92740257422645,tier1_rc_physics,0.00022029876708984375,False
winter_287,winter,7.237858635551634,3.3295682477494313,2.7026456182029652,25.840575736820853,53.430675745710516,136.12174847613633,0.32478308644427156,39.085659125073185,brick,cseb,brick,eps_foam,double_pane,1,-10.0,-18.0,-2.0,144.69013887796973,3.5,18.619029049348544,18.0,19.753635354141267,1.7536353541412666,24,57.15701491235827,28.96630330341374,11.79693410398219,35.2791755185455,tier1_rc_physics,0.0002911090850830078,False
winter_288,winter,5.326064392955848,4.266753563328897,2.6397392384051948,1.7353273564288327,12.241099271975536,53.55093995974945,0.17017248901312224,0.0,cseb,timber,cseb,xps_foam,single_pane,0,-10.0,-18.0,-2.0,144.69013887796973,3.5,18.60855745530535,18.0,20.667940763395205,2.6679407633952046,24,61.791617480340825,27.411354374899116,7.661475327315645,42.04173843275739,tier1_rc_physics,0.000232696533203125,False
winter_289,winter,5.960255275455644,3.418192938042332,3.1604741446129894,8.056879047217736,35.89527772102392,20.617961973289354,0.2477543298000326,48.01345906963046,timber,brick,brick,mineral_wool,double_pane,1,-10.0,-18.0,-2.0,144.69013887796973,3.5,18.764794220647023,18.0,20.05262649539086,2.052626495390861,24,68.30296598043257,30.726733337279395,10.001428825112523,37.95648412156831,tier1_rc_physics,0.00022149085998535156,True
winter_290,winter,5.89945679261255,3.10933021986868,3.1299191478073016,44.237958401939395,101.2423622421511,68.0069851284617,0.2084228804579346,36.466980376431316,cseb,brick,concrete,mineral_wool,double_pane,1,-10.0,-18.0,-2.0,144.69013887796973,3.5,18.0,18.0,18.0,0.0,24,52.38973681153621,12.221924166896892,7.918216910698067,48.086029555337376,tier1_rc_physics,0.00021958351135253906,False
winter_291,winter,3.590439322186738,5.795020017092069,2.3578181007121213,40.89348970826872,115.90394258406303,125.43070972427877,0.1591668752465183,0.0,sandwich_panel,sandwich_panel,brick,xps_foam,double_pane,0,-10.0,-18.0,-2.0,144.69013887796973,3.5,18.00799311560466,18.0,18.114681009470985,0.11468100947098492,24,27.50674015096146,7.677788490805639,5.951663991475799,25.780615651631624,tier1_rc_physics,0.0002181529998779297,False
winter_292,winter,3.0521960593286184,5.3063042839364325,3.4065397690705934,27.589629008248913,25.0978085471329,130.96543091876694,0.3419841389593351,46.61865667187964,concrete,sandwich_panel,brick,mineral_wool,double_pane,1,-10.0,-18.0,-2.0,144.69013887796973,3.5,19.68341646254792,18.0,21.40789101474047,3.4078910147404713,24,55.917893143190305,44.037056950306535,10.704485827816299,13.644917481870218,tier1_rc_physics,0.00021958351135253906,False
winter_293,winter,5.587937578496803,3.7193360172095673,2.334928959531564,30.92467047028334,31.14664275416983,24.488121746771405,0.15610099638485436,0.0,timber,concrete,cseb,mineral_wool,single_pane,0,-10.0,-18.0,-2.0,144.69013887796973,3.5,18.148972334222794,18.0,19.025474501477184,1.0254745014771842,24,65.6568456190185,19.31548792336128,5.86642704731286,52.20778474297006,tier1_rc_physics,0.00021314620971679688,False
winter_294,winter,4.829421608515802,4.934517266821418,2.56215294178622,43.08067117106571,74.7066610191176,44.249669579669366,0.3381793927372501,0.0,concrete,cseb,cseb,mineral_wool,single_pane,0,-10.0,-18.0,-2.0,144.69013887796973,3.5,18.0,18.0,18.0,0.0,24,105.61336823169623,17.838701674488135,11.096275931002248,98.87094248821036,tier1_rc_physics,0.00021505355834960938,False
winter_295,winter,7.152821601020901,4.859482502543962,2.9649301886651838,3.6170497764100467,39.80087162063753,52.65739269031693,0.33785946317070076,0.0,timber,timber,cseb,xps_foam,single_pane,0,-10.0,-18.0,-2.0,144.69013887796973,3.5,19.05806149804734,18.0,22.99088615486577,4.99088615486577,24,129.64667505154003,55.45909516067878,19.42516196585132,93.61274185671259,tier1_rc_physics,0.00020933151245117188,False
winter_296,winter,7.1272236489416825,5.17478556789842,3.3679970123027108,30.85096524721845,179.81671163257727,110.37457355417246,0.1627407782119678,19.64167642034432,cseb,concrete,cseb,xps_foam,single_pane,1,-10.0,-18.0,-2.0,144.69013887796973,3.5,18.0,18.0,18.0,0.0,24,87.0996545137849,17.864732667301922,15.21549768618587,84.45041953266885,tier1_rc_physics,0.00022482872009277344,False
winter_297,winter,5.83546492829994,5.193978806081665,2.91875359215576,16.695921099868652,132.6914001192012,45.88123216397387,0.33332429930660656,0.0,cseb,sandwich_panel,concrete,xps_foam,double_pane,0,-10.0,-18.0,-2.0,144.69013887796973,3.5,18.00127617929923,18.0,18.0155658525092,0.015565852509201505,24,71.77791698067132,18.63125374115682,15.932707130671421,69.07937037018596,tier1_rc_physics,0.0002307891845703125,False
winter_298,winter,4.132545827685725,4.452377486516965,3.153388859227819,3.8932679516285584,114.75115742455208,37.964068917079516,0.28964251170427907,4.873987452928627,timber,timber,concrete,eps_foam,double_pane,1,-10.0,-18.0,-2.0,144.69013887796973,3.5,18.013454389036884,18.0,18.157541771261947,0.1575417712619469,24,52.291498260415764,13.958140358007373,9.597989621647681,47.93134752405607,tier1_rc_physics,0.00021958351135253906,False
winter_299,winter,3.577346593378871,5.339890652788894,3.02942084614079,20.551313305778994,24.445429546296904,9.905254361406392,0.39402208645845427,49.07412406334999,concrete,brick,cseb,rock_wool,double_pane,1,-10.0,-18.0,-2.0,144.69013887796973,3.5,18.75682846110325,18.0,20.29764173411679,2.297641734116791,24,113.63130604406477,47.4386328021145,11.92185622422297,67.56484672862311,tier1_rc_physics,0.00021409988403320312,False
summer_0,summer,4.687100732524067,5.945611215602479,2.9286127423470507,38.2953947956411,32.943493591267405,139.01218882418164,0.2194453370143446,0.0,brick,timber,brick,xps_foam,single_pane,0,18.0,8.0,28.0,314.3316105718456,2.5,40.90957948963703,32.86310265759129,49.01894768461446,16.15584502702317,0,65.52658348752787,80.2199949479921,9.428483305498366,0.0,tier1_rc_physics,0.0001933574676513672,False
summer_1,summer,3.447864772788741,3.3654961406210444,2.9697265418949925,5.56098525167271,117.21368092795159,114.08861919336458,0.2886493501013681,0.0,sandwich_panel,concrete,concrete,mineral_wool,double_pane,0,18.0,8.0,28.0,314.3316105718456,2.5,33.25005210477082,23.406337928898353,43.36181308054957,19.955475151651214,7,18.885134685557926,22.069752751384357,3.0958594875086756,0.0,tier1_rc_physics,0.0001976490020751953,False
summer_2,summer,3.1074235868830695,5.229361827438958,2.5820802649213657,39.055250340131686,178.94514735594876,79.32273701593508,0.10020085230487262,12.351146479779635,timber,timber,brick,eps_foam,double_pane,1,18.0,8.0,28.0,314.3316105718456,2.5,25.82908478203329,22.748078563546184,29.132839527523085,6.384760963976902,17,8.576378556426668,13.652112973488737,1.2031360094165893,0.0,tier1_rc_physics,0.0006074905395507812,False
summer_3,summer,4.703693608382104,4.1580536129214805,3.2596442089838495,34.04342943513191,133.70742630475948,62.658475523378776,0.16113111081810755,0.0,cseb,brick,cseb,rock_wool,double_pane,0,18.0,8.0,28.0,314.3316105718456,2.5,26.990180180387807,23.978244720959456,29.95908597815663,5.980841257197174,14,17.578989143513837,23.74823646760855,2.4890099677015853,0.0,tier1_rc_physics,0.0004906654357910156,False
summer_4,summer,3.1279029106976974,5.356295402939651,3.012631924817805,27.87157929613736,86.32204709679873,5.762147536887033,0.23990193909277402,5.055031000886248,cseb,cseb,brick,eps_foam,single_pane,1,18.0,8.0,28.0,314.3316105718456,2.5,24.449402598259024,19.8050683180805,29.62673659645315,9.821668278372648,19,28.78424876852642,30.264990215033112,1.8633976156020569,0.0,tier1_rc_physics,0.0004069805145263672,False
summer_5,summer,7.592714134685462,3.521673218039422,3.3582988512246565,38.05314500379269,119.50064411916289,118.5976178212516,0.20471460855779816,0.0,cseb,sandwich_panel,cseb,xps_foam,double_pane,0,18.0,8.0,28.0,314.3316105718456,2.5,29.077269709481516,25.777823216544007,32.35327267513091,6.5754494585869026,10,23.30664068668951,34.797675163712576,4.823781003248036,0.0,tier1_rc_physics,0.00028252601623535156,False
summer_6,summer,5.188625074933751,5.958602475163907,3.204467064455941,25.048895659537347,135.72784537349872,26.667574571703984,0.09584397372493594,0.0,timber,concrete,concrete,rock_wool,single_pane,0,18.0,8.0,28.0,314.3316105718456,2.5,24.25968589222175,21.08807935457144,27.355996189645914,6.267916835074473,24,21.28355705556386,24.57979653094456,2.404429058442309,0.0,tier1_rc_physics,0.0002446174621582031,False
summer_7,summer,7.775684737074361,3.214312588040471,3.2913942130081137,29.082820488969606,4.3989582229257165,132.76445189692842,0.10884055787577196,12.705833523763996,sandwich_panel,timber,concrete,xps_foam,single_pane,1,18.0,8.0,28.0,314.3316105718456,2.5,43.360188911823094,32.20043595933909,54.72964545882613,22.529209499487038,0,48.39805516579335,58.324433267913456,7.75201027621879,0.0,tier1_rc_physics,0.0002300739288330078,False
summer_8,summer,6.50608802799999,4.91446420599342,2.80424343563677,12.704407485290607,80.38150929925924,10.781641305383818,0.05441631788171055,0.0,cseb,brick,cseb,mineral_wool,double_pane,0,18.0,8.0,28.0,314.3316105718456,2.5,21.59755216876412,19.201741497272923,23.909453124555274,4.70771162728235,24,19.4777182984443,17.69245036926255,1.4006649864612946,0.0,tier1_rc_physics,0.00022792816162109375,False
summer_9,summer,3.3357766154455306,4.4176606051413465,3.3090806881193475,5.957792416196701,64.02384374533999,17.66904174263655,0.19285012915560185,0.0,timber,cseb,concrete,rock_wool,single_pane,0,18.0,8.0,28.0,314.3316105718456,2.5,29.86559251248852,23.38975183581094,36.328325777558796,12.938573941747855,10,30.64126670776401,33.96978542253765,2.738264281394129,0.0,tier1_rc_physics,0.00021338462829589844,False
summer_10,summer,7.555594774327877,4.595936131385599,2.668805911666447,1.0249540620138444,56.986372756119685,32.95497606961218,0.3314905807576375,33.423020461624766,timber,brick,brick,eps_foam,double_pane,1,18.0,8.0,28.0,314.3316105718456,2.5,33.02089344093384,24.211588084126998,42.01918782658065,17.80759974245365,7,49.08445036382536,65.61958810825988,8.845636551959458,0.0,tier1_rc_physics,0.00023055076599121094,False
summer_11,summer,6.947312137016107,3.2849895522489665,2.5546733142215765,20.74555194373834,54.932306234655584,138.30948938695175,0.3541482358959942,0.0,cseb,cseb,cseb,rock_wool,single_pane,0,18.0,8.0,28.0,314.3316105718456,2.5,36.41108704830302,27.682993549040795,45.20513652032481,17.522142971284012,2,62.54264144170522,71.20510665116292,7.164119114424474,0.0,tier1_rc_physics,0.00021028518676757812,False
summer_12,summer,7.477303123157443,5.779123500806839,2.663155307757478,28.80571535031757,143.45485158557545,102.65014643309462,0.1255231517116306,0.0,timber,timber,concrete,xps_foam,double_pane,0,18.0,8.0,28.0,314.3316105718456,2.5,25.293358025803002,22.924859289558672,27.632487881247258,4.707628591688586,24,17.05217958108215,24.683021250804252,3.4156450404942382,0.0,tier1_rc_physics,0.0002105236053466797,False
summer_13,summer,7.003687484933903,4.582831098108411,3.0517194334907103,6.859163765723227,22.7421654227079,127.54869880172808,0.1661349276618608,0.0,sandwich_panel,sandwich_panel,brick,rock_wool,single_pane,0,18.0,8.0,28.0,314.3316105718456,2.5,42.91658977114546,27.843552700021032,58.81696961769946,30.97341691767843,2,64.3814659219405,75.40188272491851,10.773386288721685,0.0,tier1_rc_physics,0.00021886825561523438,False
summer_14,summer,5.528234056264155,3.514207804310581,2.333567317940597,8.721507857386143,58.94488828209887,93.14026852202453,0.3026625581202624,0.0,timber,brick,cseb,eps_foam,double_pane,0,18.0,8.0,28.0,314.3316105718456,2.5,37.01430628992457,29.68396163162087,44.390398787810945,14.706437156190074,0,30.773165799372432,37.860641518175605,5.2122586085143015,0.0,tier1_rc_physics,0.00021123886108398438,False
summer_15,summer,5.690265033851454,5.043501533984452,2.654634074608394,39.68762888967441,142.77503149568287,11.25300459037774,0.25378182858561177,0.0,brick,timber,brick,xps_foam,double_pane,0,18.0,8.0,28.0,314.3316105718456,2.5,25.637663070093197,21.249224671172016,29.961623185426763,8.712398514254748,17,26.985494520351647,30.899961031646825,3.265804307598683,0.0,tier1_rc_physics,0.00022554397583007812,False
summer_16,summer,4.514943283871291,3.454123554278223,2.225260763803007,11.111231982243481,62.65136331617976,27.326565097732583,0.31414393192660506,41.32953268816171,cseb,cseb,brick,mineral_wool,single_pane,1,18.0,8.0,28.0,314.3316105718456,2.5,26.53704541788237,21.823216863466122,33.147873173024934,11.324656309558812,14,23.86726502986213,35.937339010073,1.8986421421803406,0.0,tier1_rc_physics,0.00023293495178222656,False
summer_17,summer,7.984024013112642,4.345176965630571,2.517274814015249,18.587590500011636,88.50800500149711,61.25464650282274,0.21107253580252922,0.0,brick,cseb,cseb,mineral_wool,single_pane,0,18.0,8.0,28.0,314.3316105718456,2.5,25.90693236878847,21.98840504821835,29.76303680521946,7.77463175700111,17,29.89957949654715,34.8041582262095,3.4870098142563393,0.0,tier1_rc_physics,0.00022172927856445312,False
summer_18,summer,6.408775176649051,5.437330243369081,2.8572298676781824,26.32189913962927,129.936653123817,139.98919396005982,0.24970265942177328,0.0,brick,timber,brick,mineral_wool,double_pane,0,18.0,8.0,28.0,314.3316105718456,2.5,28.66740770646275,24.867824091287112,32.437971380007376,7.570147288720264,11,26.830587413856293,36.3609975661205,5.735308387634357,0.0,tier1_rc_physics,0.0002143383026123047,False
summer_19,summer,7.23099584851669,3.0744596385646097,3.07486283845508,19.54916398604403,150.4312597296966,19.67028868265405,0.323318506283332,0.0,cseb,timber,concrete,mineral_wool,single_pane,0,18.0,8.0,28.0,314.3316105718456,2.5,26.83480345679084,21.159661625577936,32.46368136009961,11.304019734521678,14,41.66344097862102,45.99606752726874,3.8203377712126247,0.0,tier1_rc_physics,0.000213623046875,False
summer_20,summer,4.581537650900735,4.300839881548624,2.914002406039456,16.494388116573575,12.86708851836511,59.81453885806879,0.21353191196634552,6.19862475465595,sandwich_panel,concrete,concrete,xps_foam,double_pane,1,18.0,8.0,28.0,314.3316105718456,2.5,50.15557144579456,36.07057451302073,64.67648486040211,28.605910347381382,0,49.06859551652105,59.752616407188945,9.192932632379316,0.0,tier1_rc_physics,0.0002155303955078125,False
summer_21,summer,6.3613810184529545,3.7204710060493023,2.350406022701393,40.27274143061524,100.04642094565943,145.5319782149755,0.06380795754615431,38.32584823010128,sandwich_panel,sandwich_panel,concrete,rock_wool,single_pane,1,18.0,8.0,28.0,314.3316105718456,2.5,20.93325045383926,20.416100376939067,21.46066741419381,1.044567037254744,24,4.787342599192589,13.006309336223373,0.8340586176095514,0.0,tier1_rc_physics,0.0002276897430419922,False
summer_22,summer,4.659415048999949,5.840076244359441,2.8374693985128956,14.887708797081457,173.46552450547287,56.55327668015107,0.1345613319128825,0.0,cseb,timber,concrete,mineral_wool,double_pane,0,18.0,8.0,28.0,314.3316105718456,2.5,25.286938836810204,22.929478847849694,27.60378539863551,4.674306550785815,24,15.815765835489954,22.492491332703814,2.3563665505876465,0.0,tier1_rc_physics,0.00021648406982421875,False
summer_23,summer,6.087133126131484,3.0533833873683225,3.316380816508214,1.6358299997907726,18.751926233190584,28.368769742038566,0.06407371799104393,31.12650490416572,timber,cseb,brick,xps_foam,double_pane,1,18.0,8.0,28.0,314.3316105718456,2.5,28.92671514460464,23.77598965249332,34.1361994897581,10.36020983726478,11,17.083598952763456,28.738800142253904,2.10856265078114,0.0,tier1_rc_physics,0.00022912025451660156,False
summer_24,summer,6.431287367793142,4.951688873278751,2.242669101294627,35.823109753776336,67.44037032508749,148.56271897958126,0.32277082622333303,0.0,concrete,brick,concrete,eps_foam,double_pane,0,18.0,8.0,28.0,314.3316105718456,2.5,30.20061344249757,26.473685455494877,33.91172293371416,7.438037478219282,7,27.630889520915776,39.47935087853559,5.46171481316097,0.0,tier1_rc_physics,0.00021123886108398438,False
summer_25,summer,5.03704325269598,3.98028173573939,3.1164967881931234,25.328415374617315,167.9916382273751,46.385171985000575,0.21784620741258243,41.88705688773119,timber,timber,concrete,rock_wool,double_pane,1,18.0,8.0,28.0,314.3316105718456,2.5,24.438865853458008,22.12547022351267,28.01552589379097,5.890055670278297,23,12.789199612203433,26.3028297145874,2.2023836349225223,0.0,tier1_rc_physics,0.0002162456512451172,False
summer_26,summer,5.831302791589525,3.944936700683794,3.2803248627788806,21.812832508616864,145.08013460900398,74.09793773690888,0.07716535834878158,33.71016933268074,cseb,timber,brick,xps_foam,single_pane,1,18.0,8.0,28.0,314.3316105718456,2.5,21.991736317734517,21.179213591456094,22.817091751904844,1.63787816044875,24,9.113683634561871,21.240226425771713,1.3457490998720645,0.0,tier1_rc_physics,0.0002219676971435547,False
summer_27,summer,6.331149037474045,3.2787624619634963,2.780980562278972,7.740363270926259,80.81943078493143,85.25570797732424,0.23239332508510918,16.007396123825508,concrete,timber,brick,mineral_wool,single_pane,1,18.0,8.0,28.0,314.3316105718456,2.5,26.281321843916846,22.571565084562955,30.237256236133632,7.665691151570677,15,23.11828098559011,32.54891218931768,2.5204596870549367,0.0,tier1_rc_physics,0.0002117156982421875,False
summer_28,summer,7.8118925628852995,5.03075191570688,2.676558942203993,32.16672029365098,16.419614932991347,128.94705129812462,0.2738362704700922,0.0,concrete,brick,brick,rock_wool,single_pane,0,18.0,8.0,28.0,314.3316105718456,2.5,42.23743549055188,33.844053219591586,50.70365126546718,16.859598045875593,0,98.54697886911319,121.2228548672427,14.522549048327395,0.0,tier1_rc_physics,0.00020003318786621094,False
summer_29,summer,7.483896134797613,5.814039574467656,2.8416235660397327,14.279345862658053,129.31957103906683,119.10761827537392,0.2646458570853602,0.0,sandwich_panel,cseb,concrete,rock_wool,double_pane,0,18.0,8.0,28.0,314.3316105718456,2.5,28.481381981453666,23.23206979717854,33.71747456099827,10.48540476381973,11,30.57945172793006,38.85571612717543,7.25048601684381,0.0,tier1_rc_physics,0.00020170211791992188,False
summer_30,summer,7.819509523085288,3.9120318291167484,2.801325223451479,22.420384561410142,87.83639050757999,84.566130523112,0.18462970831643816,23.93123807178772,concrete,timber,cseb,xps_foam,double_pane,1,18.0,8.0,28.0,314.3316105718456,2.5,24.113322190398804,22.149633719968282,26.67425206385287,4.524618343884587,24,13.99364607363383,30.991606810950127,2.661379683479,0.0,tier1_rc_physics,0.00021719932556152344,False
summer_31,summer,7.043763599276547,3.185741179136265,3.4538416322224865,26.11987640523715,11.12766187075422,22.876080218524322,0.12672389390983618,2.2089976199594257,concrete,cseb,cseb,eps_foam,single_pane,1,18.0,8.0,28.0,314.3316105718456,2.5,32.86467113387864,27.622933902457188,38.0900244588437,10.467090556386513,3,56.915375574293996,68.15578958919838,4.520435322373389,0.0,tier1_rc_physics,0.0002105236053466797,False
summer_32,summer,4.753057187276268,5.238947219201458,3.179044911619861,40.710834950436535,77.31229605348437,138.58766790477182,0.08813794288042193,0.0,timber,concrete,cseb,mineral_wool,double_pane,0,18.0,8.0,28.0,314.3316105718456,2.5,26.82536355432711,24.02905676887035,29.594279372852807,5.5652226039824555,15,13.441051318711581,19.16279454903855,2.4236971571203796,0.0,tier1_rc_physics,0.00020766258239746094,False
summer_33,summer,3.534650492125209,3.9283446827726474,3.269099546309869,8.226957990721191,1.1307059618007869,6.48942599183178,0.18410203868930836,0.0,brick,brick,cseb,xps_foam,double_pane,0,18.0,8.0,28.0,314.3316105718456,2.5,34.164897527562424,26.324358337293077,42.03321975165934,15.708861414366261,5,48.48497983193523,53.05114260087531,3.394369249253437,0.0,tier1_rc_physics,0.00021076202392578125,False
summer_34,summer,6.465776967789546,4.24408856183889,2.591383570383869,25.740955431475193,30.40920534182877,98.24773688148889,0.31031249423405965,25.6914780621963,concrete,timber,concrete,mineral_wool,single_pane,1,18.0,8.0,28.0,314.3316105718456,2.5,40.49910002010523,32.06155927061553,49.03445087871671,16.97289160810118,0,78.25993132269626,99.03786418225366,9.792718452780038,0.0,tier1_rc_physics,0.00020742416381835938,False
summer_35,summer,7.215942082299787,5.578185015904035,2.7536407722252143,38.962591863625164,125.05726040895433,55.2918687871484,0.24127587019341784,0.0,timber,timber,brick,rock_wool,single_pane,0,18.0,8.0,28.0,314.3316105718456,2.5,26.33781053561988,21.011661989120512,31.62856908977196,10.61690710065145,15,35.47915896116054,40.862833859136465,4.956342793537197,0.0,tier1_rc_physics,0.00020647048950195312,False
summer_36,summer,3.974604117521373,5.258983280970963,2.5387216796002496,28.792205720030235,169.24509487858916,59.45044342921007,0.24501582922313597,0.0,brick,concrete,brick,eps_foam,double_pane,0,18.0,8.0,28.0,314.3316105718456,2.5,28.16439128965692,24.104417295956537,32.18331356308585,8.07889626712931,12,20.1681464283997,24.909087199951756,2.884991425973001,0.0,tier1_rc_physics,0.0002028942108154297,False
summer_37,summer,5.533673821990224,4.781979741197264,2.495622263989991,13.103627508600669,113.5326021872531,90.93272389579343,0.10770792062472777,0.0,brick,timber,concrete,xps_foam,double_pane,0,18.0,8.0,28.0,314.3316105718456,2.5,25.605930605664856,23.42740858559379,27.760483390766748,4.333074805172959,24,11.88458382409803,18.555666710496393,1.9114057810022698,0.0,tier1_rc_physics,0.00020074844360351562,False
summer_38,summer,5.502373797597957,5.725372006344065,2.3759979455168985,43.55406550931443,55.64012200949949,131.93011579452303,0.22327580984697232,0.0,cseb,concrete,brick,mineral_wool,single_pane,0,18.0,8.0,28.0,314.3316105718456,2.5,31.819428950241775,26.52506628146769,37.103372462318816,10.578306180851126,5,40.658522818770436,49.17424258023208,5.263805160221391,0.0,tier1_rc_physics,0.00019788742065429688,False
summer_39,summer,7.446123834324519,5.556324881898849,2.21574563271742,6.700875665338119,78.97232155216385,143.65712832727203,0.29815364411300016,34.50852367888078,brick,cseb,brick,xps_foam,double_pane,1,18.0,8.0,28.0,314.3316105718456,2.5,22.200729631868047,21.4123351758439,23.192540757904492,1.7802055820605922,24,12.602229979948168,34.42500691403452,3.007180225992422,0.0,tier1_rc_physics,0.0002148151397705078,False
summer_40,summer,5.351394199674363,5.825190895716999,2.23757710144498,11.0196847815255,90.09086370673582,45.17370632971995,0.28122820953406175,0.0,concrete,cseb,cseb,xps_foam,single_pane,0,18.0,8.0,28.0,314.3316105718456,2.5,26.102149672863277,22.151235274047746,29.990110794149732,7.838875520101986,16,29.467562239699024,34.28187488038245,3.3261779692112077,0.0,tier1_rc_physics,0.0003371238708496094,False
summer_41,summer,4.372784706178873,4.027118443858175,2.257482129629989,9.56963931103114,169.9831211227089,14.569640465837052,0.2913458800231482,22.564270043243013,sandwich_panel,cseb,brick,rock_wool,single_pane,1,18.0,8.0,28.0,314.3316105718456,2.5,24.240963396147254,20.52532490861242,31.972120701899257,11.446795793286839,19,17.5745802429842,24.56732501941695,1.6574610474584555,0.0,tier1_rc_physics,0.0002682209014892578,False
summer_42,summer,3.1984150708628345,5.412742843717286,3.495300529385098,12.309609026594906,107.31755524197732,70.02055987704546,0.09689896846123405,0.0,cseb,cseb,cseb,xps_foam,single_pane,0,18.0,8.0,28.0,314.3316105718456,2.5,26.476029095305506,23.770365548654674,29.13899108191918,5.368625533264506,16,15.82816054155866,21.839337379648804,1.8449993869360446,0.0,tier1_rc_physics,0.00022292137145996094,False
summer_43,summer,5.603622931589507,3.632048851610169,3.062567216061125,14.061992496924123,15.845954462785015,41.9524754012178,0.16828114001663852,0.0,brick,brick,cseb,mineral_wool,single_pane,0,18.0,8.0,28.0,314.3316105718456,2.5,37.711473555977044,30.257010001512533,45.19998894446404,14.942978942951505,0,56.85780562588664,65.91757715855371,5.4420741483784605,0.0,tier1_rc_physics,0.0002238750457763672,False
summer_44,summer,4.923917489808793,4.034275694859661,3.337647397670415,17.17160523367303,175.94164596599603,73.10037764174396,0.1952591545818287,0.0,concrete,brick,brick,mineral_wool,single_pane,0,18.0,8.0,28.0,314.3316105718456,2.5,27.341679551472907,23.690003293965823,30.937117807116365,7.247114513150542,13,26.946768243575367,32.93895704249831,2.940942760940702,0.0,tier1_rc_physics,0.00024175643920898438,False
summer_45,summer,3.7344793960718317,3.798802664114989,3.200492551214433,30.286843648213388,149.6052820289757,42.79069584960481,0.10626329168116785,35.054794764448566,concrete,timber,cseb,rock_wool,double_pane,1,18.0,8.0,28.0,314.3316105718456,2.5,22.786154341227586,21.575691953851702,24.43969786042767,2.8640059065759687,24,8.753850195949086,18.104171529413048,0.9836562780352374,0.0,tier1_rc_physics,0.0002460479736328125,False
summer_46,summer,7.461106037361196,4.571016334526385,2.201029027362694,40.15941975886347,49.58148478933677,149.84278000989787,0.20148278640993755,0.0,timber,sandwich_panel,cseb,eps_foam,single_pane,0,18.0,8.0,28.0,314.3316105718456,2.5,34.12229239625734,27.98005265050515,40.28469551782916,12.304642867324006,1,41.02183755244718,49.735222946721976,5.843009808788175,0.0,tier1_rc_physics,0.00023221969604492188,False
summer_47,summer,4.601064542277071,3.585620959628012,3.147338947434631,14.740547143698393,131.66820416084826,30.531930006580772,0.2217563149237724,0.0,brick,cseb,brick,xps_foam,double_pane,0,18.0,8.0,28.0,314.3316105718456,2.5,28.11552240674452,23.829147645070055,32.352019813728695,8.52287216865864,12,21.60501231075071,25.887408461919456,2.663678140824876,0.0,tier1_rc_physics,0.0002474784851074219,False
summer_48,summer,5.66039400877532,5.400133684550756,2.3225563723106513,2.5573208009994235,101.92891285366979,143.0747331604046,0.258090080468677,0.0,sandwich_panel,concrete,concrete,rock_wool,double_pane,0,18.0,8.0,28.0,314.3316105718456,2.5,28.678422999890646,23.712101238348357,33.6310250193826,9.918923781034241,11,20.879389255086807,25.976421458302852,4.1797807887495635,0.0,tier1_rc_physics,0.00025653839111328125,False
summer_49,summer,3.240195700000513,3.803139036348946,2.529280021694483,15.681852305723737,70.90476029328221,126.35232048732796,0.19413169390456836,32.926280978822014,concrete,sandwich_panel,concrete,rock_wool,double_pane,1,18.0,8.0,28.0,314.3316105718456,2.5,25.483705980411425,22.722594760000263,28.667915816057995,5.9453210560577325,18,7.631047892717698,18.135172331354777,1.1309193962179553,0.0,tier1_rc_physics,0.00026106834411621094,False
summer_50,summer,4.978301210142625,4.900815581044844,2.6949477258464634,16.033411738350583,22.801779205297454,118.06039998784613,0.23166877348915865,0.0,cseb,brick,concrete,xps_foam,double_pane,0,18.0,8.0,28.0,314.3316105718456,2.5,42.863038254671515,36.402913495691195,49.3793425036685,12.976429007977302,0,42.927387266677535,64.24961962960889,8.45360154699114,0.0,tier1_rc_physics,0.0002529621124267578,False
summer_51,summer,5.98155967446881,3.7000089526952573,2.7691153661435384,15.80248124766618,118.74573556380953,40.05148330055169,0.33113283391292814,0.0,sandwich_panel,brick,cseb,rock_wool,double_pane,0,18.0,8.0,28.0,314.3316105718456,2.5,30.122916844481654,20.254884685461136,40.332467179835994,20.07758249437486,10,27.421473112163234,32.20627549767109,4.758596508080132,0.0,tier1_rc_physics,0.00024771690368652344,False
summer_52,summer,6.147616302080556,3.032232320593078,2.745141115015411,34.81340426593037,5.006238576403506,142.98191864475265,0.22499366519351655,0.0,brick,cseb,brick,xps_foam,single_pane,0,18.0,8.0,28.0,314.3316105718456,2.5,46.83565702225801,36.910776354504875,56.87275145820601,19.961975103701135,0,64.61908604024467,77.01581476637838,7.5399729289098385,0.0,tier1_rc_physics,0.0005412101745605469,False
summer_53,summer,3.2232345803725377,4.6619851818914055,3.3256329377772813,34.37258867356154,158.36566083590805,76.59951807317915,0.2507509053314657,0.0,timber,cseb,brick,rock_wool,single_pane,0,18.0,8.0,28.0,314.3316105718456,2.5,28.728310937233303,21.579413965651966,35.89127329160706,14.31185932595509,11,28.112208353060456,31.22176164380331,2.9130076533625124,0.0,tier1_rc_physics,0.0002994537353515625,False
summer_54,summer,5.471697986933689,3.861620197813446,3.1141593443686295,27.11973268339214,37.125045792416614,106.74773450490352,0.28363061385028304,7.728331359237267,concrete,concrete,concrete,rock_wool,double_pane,1,18.0,8.0,28.0,314.3316105718456,2.5,42.43297547219343,35.54252702701527,49.38505746853164,13.842530441516374,0,50.754412108203745,74.6722622574044,9.311357892937279,0.0,tier1_rc_physics,0.00025916099548339844,False
summer_55,summer,7.252481148337301,3.0884478700755893,3.085149975268281,22.171043776369668,142.03754474920933,13.145047651359349,0.2588564277509515,13.898076065670487,concrete,brick,cseb,rock_wool,single_pane,1,18.0,8.0,28.0,314.3316105718456,2.5,24.210220129885442,20.847648825584553,28.406073601486963,7.5584247759024095,21,36.51122431733543,41.498884568814006,2.6231909625815297,0.0,tier1_rc_physics,0.0002658367156982422,False
summer_56,summer,3.0157583280834785,4.733836910300725,2.8628164809431524,19.367378143294978,174.77425302893963,51.91343607678875,0.3065596588265384,2.1360777951866137,concrete,cseb,cseb,rock_wool,single_pane,1,18.0,8.0,28.0,314.3316105718456,2.5,27.905234720600856,22.777317097832245,33.010359903096166,10.23304280526392,12,28.453962699441544,32.171810621152375,2.4677858410854,0.0,tier1_rc_physics,0.000263214111328125,False
summer_57,summer,4.450332880340763,3.265414393575415,3.3796023158905206,5.4545387486838335,123.25655211002481,109.42743487266748,0.11422963813751556,0.0,brick,sandwich_panel,cseb,xps_foam,double_pane,0,18.0,8.0,28.0,314.3316105718456,2.5,28.96248265353935,26.053925683982893,31.855387300134442,5.801461616151549,11,11.790890690780428,19.218465119722513,2.0235690839674665,0.0,tier1_rc_physics,0.00027561187744140625,False
summer_58,summer,6.757033046403207,3.6930022405541094,2.708519989660604,1.8089108385456723,83.31093660604796,48.24582363077653,0.3855286265441358,19.7543052117529,cseb,brick,cseb,eps_foam,single_pane,1,18.0,8.0,28.0,314.3316105718456,2.5,26.55694361145339,21.791275289670264,32.73985256526986,10.948577275599593,14,37.858513163639984,46.729914917798936,4.1528508232031385,0.0,tier1_rc_physics,0.000270843505859375,False
summer_59,summer,3.281346374563371,5.518659053901272,2.3417950059682813,35.654294309435876,44.74325807179119,57.694506226481685,0.10175959936301204,0.0,concrete,brick,cseb,rock_wool,single_pane,0,18.0,8.0,28.0,314.3316105718456,2.5,29.36219834099586,25.925307200148815,32.773187445503886,6.847880245355071,10,20.39180351625152,27.055199636783215,1.7426170256910356,0.0,tier1_rc_physics,0.00025081634521484375,False
summer_60,summer,5.276520281509521,3.8578237147330303,3.1637840062568943,41.50244386330241,61.778364099433574,63.79079997792157,0.3399468452123948,0.0,sandwich_panel,timber,cseb,mineral_wool,single_pane,0,18.0,8.0,28.0,314.3316105718456,2.5,34.38297556044615,18.0,53.24160438195098,35.24160438195098,9,57.54644989913713,62.55044515345216,6.87049322533639,1.8664979710213565,tier1_rc_physics,0.00026488304138183594,False
summer_61,summer,5.873792367781299,5.524342280995681,3.410291323881855,7.402807727669819,149.00854016608739,71.34189292408797,0.09924799574101639,10.075142602733386,brick,brick,cseb,eps_foam,double_pane,1,18.0,8.0,28.0,314.3316105718456,2.5,24.405164623876335,22.23560924960595,26.917057453199995,4.681448203594044,24,15.547974336478699,27.198633814837216,2.7489319464539133,0.0,tier1_rc_physics,0.0002815723419189453,False
summer_62,summer,4.642809696747002,5.633739875190589,3.008770484884049,10.873089113308986,82.35797658691065,89.05679855663814,0.2939254332698223,28.91606117913615,cseb,brick,brick,rock_wool,single_pane,1,18.0,8.0,28.0,314.3316105718456,2.5,26.08204103368932,22.236711624288326,31.137225717200113,8.900514092911788,16,30.624313386545836,41.96730122808081,3.86894554281193,0.0,tier1_rc_physics,0.0002772808074951172,False
summer_63,summer,3.4579954147543237,3.7520012958923616,2.3156373803357755,2.2743926456482395,147.90351501208954,75.44207163783237,0.1374159309950816,0.0,concrete,brick,brick,mineral_wool,double_pane,0,18.0,8.0,28.0,314.3316105718456,2.5,26.612584519795686,24.070991752598996,29.122312391821463,5.051320639222467,15,9.532428796627318,13.811913901837729,1.054531511004572,0.0,tier1_rc_physics,0.00025582313537597656,False
summer_64,summer,5.0824072013848856,4.237193885638663,2.68388543649116,25.474050833221263,167.21166397811882,34.12865371663746,0.14331620334917994,0.0,cseb,concrete,cseb,rock_wool,single_pane,0,18.0,8.0,28.0,314.3316105718456,2.5,24.70989619488668,21.47586456829255,27.867987451844453,6.392122883551902,24,19.116064348371946,21.87153195039541,1.7083492648835448,0.0,tier1_rc_physics,0.0002541542053222656,False
summer_65,summer,3.5523908662737576,5.086277384268085,3.2653343441040708,9.359873938808239,68.92819646648107,95.81754031946087,0.3522151659556156,7.167422587902728,brick,brick,brick,rock_wool,single_pane,1,18.0,8.0,28.0,314.3316105718456,2.5,30.182618410353033,22.372887353235654,38.3335013104211,15.960613957185444,10,44.01136383333065,51.38772023956366,4.779354264430343,0.0,tier1_rc_physics,0.0002789497375488281,False
summer_66,summer,4.720464918477424,3.2568903849007924,2.725686784786947,1.0941890451773981,17.167294982901808,3.6795556827069205,0.37432081774752834,0.0,timber,cseb,concrete,rock_wool,single_pane,0,18.0,8.0,28.0,314.3316105718456,2.5,43.48746003269421,25.611381495189942,62.41886337202254,36.8074818768326,4,91.49011295682884,98.99686648093997,7.396762821067571,0.0,tier1_rc_physics,0.0005741119384765625,False
summer_67,summer,5.007915194950545,5.018362486957417,2.9879477369058685,44.724554356417464,46.80652019838983,77.22201528598578,0.127187751980638,0.0,cseb,timber,cseb,xps_foam,single_pane,0,18.0,8.0,28.0,314.3316105718456,2.5,31.986406395522533,27.759342110356737,36.20268118842038,8.44333907806364,3,31.542542272520645,42.32865860018187,4.120695877614025,0.0,tier1_rc_physics,0.0006754398345947266,False
summer_68,summer,7.280973401857187,5.395517543867456,3.207965518231352,8.537992607453074,154.34680189632314,106.2831104863387,0.19878578524344453,0.0,sandwich_panel,brick,brick,eps_foam,single_pane,0,18.0,8.0,28.0,314.3316105718456,2.5,27.3433822866709,18.9982779347304,35.89849877644731,16.900220841716912,13,34.65224177261901,40.3330166158554,5.662686412377601,0.0,tier1_rc_physics,0.0003485679626464844,False
summer_69,summer,4.196984555796153,3.380928963778438,3.4434731872811115,3.565072157258444,49.02476440181128,110.75490122879921,0.10298248063148274,0.0,sandwich_panel,cseb,concrete,xps_foam,double_pane,0,18.0,8.0,28.0,314.3316105718456,2.5,40.55965044755293,31.996359557111358,49.21843954431422,17.222079987202864,0,20.067241576947996,25.22760513582433,4.018056809541555,0.0,tier1_rc_physics,0.0004086494445800781,False
summer_70,summer,4.165264744424052,4.927563325459443,2.6903444503326956,23.30436169492823,81.81051056991943,81.66489837232433,0.38860994647778724,14.990315253046427,sandwich_panel,sandwich_panel,cseb,mineral_wool,single_pane,1,18.0,8.0,28.0,314.3316105718456,2.5,27.25883372418002,20.346153270410372,38.813437584352364,18.46728431394199,14,31.07623533654033,39.50134799597938,3.7339464026685794,0.0,tier1_rc_physics,0.0005507469177246094,False
summer_71,summer,3.6772231935844566,4.274604725647383,2.666533355239045,33.473328169006926,166.51045649484763,91.61568620527031,0.17500598189697197,0.0,cseb,sandwich_panel,brick,eps_foam,double_pane,0,18.0,8.0,28.0,314.3316105718456,2.5,28.34306613724549,25.267056660373427,31.394125200783463,6.127068540410036,12,12.597188600669554,18.17585497447647,1.94764537411144,0.0,tier1_rc_physics,0.00043463706970214844,False
summer_72,summer,7.934840795935477,4.52412876059463,2.685982144705054,32.64891138066127,172.5007098248811,140.23429447949772,0.18987752366478794,0.0,concrete,cseb,brick,eps_foam,single_pane,0,18.0,8.0,28.0,314.3316105718456,2.5,26.682502851283374,23.569290020693185,29.750637344969338,6.181347324276153,15,27.85054656755047,36.30286760431544,3.9427717473854633,0.0,tier1_rc_physics,0.0004177093505859375,False
summer_73,summer,4.0513777054574724,5.053691677596353,2.4765641381427734,6.099171654658559,50.88503819420237,72.48758843410072,0.3440846294650787,10.758632111957187,concrete,sandwich_panel,cseb,rock_wool,single_pane,1,18.0,8.0,28.0,314.3316105718456,2.5,36.91215803205088,28.79085817150066,45.09576413868263,16.304905967181973,0,56.43544853924111,66.33566631052895,6.273043442220507,0.0,tier1_rc_physics,0.0004258155822753906,False
summer_74,summer,3.2115410821263204,3.6140152280844227,2.637634970689397,27.25829668400988,76.37817992058066,4.683115113465369,0.17718789306120036,20.72994038172366,cseb,cseb,brick,eps_foam,single_pane,1,18.0,8.0,28.0,314.3316105718456,2.5,23.105771339389467,20.639909405229037,26.49949273633211,5.8595833311030745,24,16.52555240552903,17.697529355946042,0.8475923466740964,0.0,tier1_rc_physics,0.00042748451232910156,False
summer_75,summer,7.692041568772872,3.76238567436816,3.171085579221489,5.1418956079922475,136.82207326587036,113.1089974146309,0.05248873165536109,13.480982654802729,sandwich_panel,sandwich_panel,concrete,rock_wool,double_pane,1,18.0,8.0,28.0,314.3316105718456,2.5,24.480083219349023,22.14490518003931,27.673291908777504,5.5283867287381945,24,8.887867450767489,17.292957395697343,1.9403125330707789,0.0,tier1_rc_physics,0.00040984153747558594,False
summer_76,summer,7.054459774950104,5.285599113004727,3.250603216856218,23.451884638577646,31.218110929976657,107.50771095928417,0.15816373371359746,18.877707750427014,brick,concrete,brick,eps_foam,single_pane,1,18.0,8.0,28.0,314.3316105718456,2.5,35.687813533269974,29.264494656578897,42.16696437510654,12.902469718527641,0,58.775891588435734,80.77483541624306,9.193768648643601,0.0,tier1_rc_physics,0.00035190582275390625,False
summer_77,summer,7.620833607701079,4.38653507138687,2.372796564308922,13.643857955957142,7.933594123482492,78.25515012909155,0.06168353646892259,12.922504423967727,brick,timber,concrete,eps_foam,single_pane,1,18.0,8.0,28.0,314.3316105718456,2.5,27.31167629498923,24.111252399890578,30.517155429565232,6.405903029674654,13,18.883704384730525,33.110349941063596,2.300075494599122,0.0,tier1_rc_physics,0.0002346038818359375,False
summer_78,summer,4.283701383682103,5.265884239978059,2.5432273773475735,27.43727710915323,138.26672297391735,23.09897010650714,0.3557545147215768,28.196236151563763,cseb,cseb,brick,mineral_wool,double_pane,1,18.0,8.0,28.0,314.3316105718456,2.5,25.171524168891796,21.88821738800434,29.90198451770041,8.01376712969607,18,22.241167035615735,31.91256582926463,2.9085437864948798,0.0,tier1_rc_physics,0.00023508071899414062,False
summer_79,summer,6.549383821213314,3.1562729765869326,2.61578897328664,16.933607656332818,120.79481662279952,7.6433709018441505,0.33609732587012314,0.0,concrete,sandwich_panel,brick,mineral_wool,double_pane,0,18.0,8.0,28.0,314.3316105718456,2.5,26.39350855937141,21.507484957959647,31.217613571103364,9.710128613143716,15,29.755898930402193,33.369825546613015,2.9592434464917363,0.0,tier1_rc_physics,0.00021076202392578125,False
summer_80,summer,5.554342808858725,3.0619912840789336,3.2397878239240994,11.664819727433803,140.62686133597484,100.57093734768759,0.3661614165209037,14.080895109647276,cseb,brick,brick,eps_foam,double_pane,1,18.0,8.0,28.0,314.3316105718456,2.5,31.32080087920586,25.56415958894252,37.0843384975724,11.520178908629884,8,28.633797562639703,37.41433378850626,4.9854533124273726,0.0,tier1_rc_physics,0.0002391338348388672,False
summer_81,summer,3.1720452100105936,5.4597039271087136,2.7962607925839356,3.0156547677924452,13.997032314686484,60.381170818319696,0.3721717553487628,40.10866142943175,concrete,timber,brick,rock_wool,single_pane,1,18.0,8.0,28.0,314.3316105718456,2.5,47.56304424628623,34.05502314085936,61.39223315112225,27.337210010262886,0,99.18914754256416,112.63873790678944,9.85813562862615,0.0,tier1_rc_physics,0.000217437744140625,False
summer_82,summer,5.2357775888142655,5.977010563488811,2.3014419455795063,37.44045898983782,9.435104969546959,36.05672121891406,0.34378114070440396,0.0,brick,concrete,cseb,mineral_wool,double_pane,0,18.0,8.0,28.0,314.3316105718456,2.5,41.937242239631985,31.93041292914174,52.061015842196106,20.130602913054368,0,79.40877034228686,93.4918412350994,11.28618686257019,0.0,tier1_rc_physics,0.00020766258239746094,False
summer_83,summer,7.727634551024239,4.1328236085235845,2.6038344630407697,17.850188494489988,13.622182765793301,112.29602902443438,0.14084037517563214,31.737521345062824,brick,brick,concrete,xps_foam,double_pane,1,18.0,8.0,28.0,314.3316105718456,2.5,32.474066054427986,27.314760480648335,37.653556388611364,10.338795907963028,4,26.466549288786986,53.46641079130797,4.867369332905661,0.0,tier1_rc_physics,0.00021457672119140625,False
summer_84,summer,4.100040332712284,3.7329911898987937,3.293754077691542,24.391144636061732,171.65082074382866,83.75154170193484,0.31817657193446813,0.0,sandwich_panel,sandwich_panel,cseb,rock_wool,single_pane,0,18.0,8.0,28.0,314.3316105718456,2.5,30.351951238247207,18.0,45.368463502159024,27.368463502159024,11,34.54294575144784,35.6973352867968,3.891319711923588,2.736930176574643,tier1_rc_physics,0.0002079010009765625,False
summer_85,summer,7.848880555519203,3.8479802096231124,2.2085901019490004,22.282008012524976,137.61927584102892,0.8283537688105461,0.08217622126657718,0.0,sandwich_panel,cseb,cseb,mineral_wool,double_pane,0,18.0,8.0,28.0,314.3316105718456,2.5,22.54332288452119,18.0,27.22006458730019,9.22006458730019,24,14.538894645967597,14.295145312780258,1.2481246654454297,0.5123974886658919,tier1_rc_physics,0.0002048015594482422,False
summer_86,summer,7.304133947973751,3.6045914336305502,3.3731003228745156,44.86545048018405,100.6589417298716,133.33732863474165,0.24377275771650658,0.0,timber,brick,cseb,mineral_wool,single_pane,0,18.0,8.0,28.0,314.3316105718456,2.5,28.29947280741469,22.19774627362897,34.38122845694047,12.1834821833115,12,37.513754408323955,42.97699458923583,4.89086522957007,0.0,tier1_rc_physics,0.00019979476928710938,False
summer_87,summer,6.887628034176367,4.144092552058362,2.548168430094292,28.605092506272776,103.655176763024,113.83875382641565,0.27848531817523603,0.0,cseb,sandwich_panel,brick,rock_wool,single_pane,0,18.0,8.0,28.0,314.3316105718456,2.5,27.606265053734017,22.986389187626383,32.17821828763959,9.191829100013205,12,31.312540696072812,36.76293811763533,4.023404205230682,0.0,tier1_rc_physics,0.0002067089080810547,False
summer_88,summer,6.4952792177791645,4.0543851060558564,2.291901444157721,37.532426383593645,108.3369682448495,121.76187134570664,0.1386728479595758,0.0,concrete,concrete,concrete,eps_foam,single_pane,0,18.0,8.0,28.0,314.3316105718456,2.5,25.485163875945872,23.14046177895084,27.792398321064603,4.651936542113763,24,15.780144039895346,22.353445444125366,1.9020978241321207,0.0,tier1_rc_physics,0.00019884109497070312,False
summer_89,summer,6.0364226926147015,5.120974460307807,3.1932537773763396,32.07222309825697,78.26269755975747,10.449052921342728,0.25690492418567534,49.5074417619687,cseb,timber,concrete,xps_foam,single_pane,1,18.0,8.0,28.0,314.3316105718456,2.5,22.28769561462765,21.22067183886429,23.88056388536698,2.659892046502687,24,27.80387086098925,44.12940038926783,3.019475860018113,0.0,tier1_rc_physics,0.0002243518829345703,False
summer_90,summer,6.624787798928332,3.2356702750713224,2.5118446814105213,19.956033821650617,34.138198389521904,149.47946045334757,0.11387958895324425,46.32241159434694,timber,concrete,brick,xps_foam,single_pane,1,18.0,8.0,28.0,314.3316105718456,2.5,28.494167754822687,22.69793526121573,35.35674770177892,12.658812440563192,12,16.25566267192933,36.457198560996915,2.0821970215741663,0.0,tier1_rc_physics,0.00020885467529296875,False
summer_91,summer,4.309081369293137,5.874839121987429,3.4986455302208763,20.24235592761377,119.33303977905048,100.30774781100503,0.20742938347403572,0.0,timber,timber,cseb,mineral_wool,double_pane,0,18.0,8.0,28.0,314.3316105718456,2.5,29.73219925976367,25.261789440882986,34.175958386367995,8.91416894548501,9,24.810502444131004,32.396265680127314,5.087961586245646,0.0,tier1_rc_physics,0.0001995563507080078,False
summer_92,summer,6.829882990974587,4.466979284312163,3.1082921216322283,24.687508555039624,131.3990035753951,49.44396481450065,0.123660108008969,0.0,timber,concrete,brick,mineral_wool,double_pane,0,18.0,8.0,28.0,314.3316105718456,2.5,25.96742018837736,22.537687202067673,29.345277553049435,6.807590350981762,17,19.749881938521302,24.38240302630812,2.9982617543578667,0.0,tier1_rc_physics,0.00020074844360351562,False
summer_93,summer,6.641530544069785,4.985104979934928,2.2548899253022876,2.4853009469780325,95.53165131748405,83.0793981468925,0.08119626003268221,0.0,sandwich_panel,concrete,cseb,mineral_wool,double_pane,0,18.0,8.0,28.0,314.3316105718456,2.5,24.966101503079386,21.62495638592119,28.274188861663383,6.649232475742192,21,12.043218541426063,14.440331745165874,1.8442196129379995,0.0,tier1_rc_physics,0.00019788742065429688,False
summer_94,summer,3.6959586191161944,4.365201365994489,2.890372547116812,13.915762068680486,77.80155855476708,82.03480769120543,0.38011000249517857,0.0,brick,concrete,concrete,mineral_wool,single_pane,0,18.0,8.0,28.0,314.3316105718456,2.5,28.593309826187767,21.759489797093345,35.42315247558062,13.663662678487277,11,34.84056941355131,38.607738212607856,3.4539480708759833,0.0,tier1_rc_physics,0.00019741058349609375,False
summer_95,summer,5.371474032640053,5.468495459884425,2.953794712579976,4.17926919425422,42.648706083881585,146.49537010908944,0.05561362436272009,0.0,concrete,cseb,cseb,rock_wool,single_pane,0,18.0,8.0,28.0,314.3316105718456,2.5,27.924797302122645,25.438974694317793,30.40011228480329,4.961137590485496,12,17.38303956705888,30.636587628116086,2.6296304858267328,0.0,tier1_rc_physics,0.00019502639770507812,False
summer_96,summer,5.29815617554063,4.213798507133717,2.627952898062131,24.514618192435396,168.84588277034032,58.075282333455114,0.11066113504160283,0.0,timber,brick,brick,mineral_wool,double_pane,0,18.0,8.0,28.0,314.3316105718456,2.5,26.026214330247342,22.859863737400552,29.14737838615058,6.2875146487500295,18,13.246476174449121,16.523940361073098,1.790151208171049,0.0,tier1_rc_physics,0.0001964569091796875,False
summer_97,summer,4.789681348559551,3.6683725651389505,2.3613172713180806,42.321676268731416,41.8474419097475,79.54060315954865,0.272303132997985,0.0,brick,timber,concrete,rock_wool,double_pane,0,18.0,8.0,28.0,314.3316105718456,2.5,40.69139025864448,33.88989511319875,47.539753003346824,13.649857890148077,0,35.32163031440918,46.30970962730149,5.336628885836528,0.0,tier1_rc_physics,0.00020170211791992188,False
summer_98,summer,4.3169225077730395,4.626384639213608,2.2094763095014462,38.65224013232574,150.7204718866551,12.69963304056868,0.2935809183555704,0.0,cseb,cseb,brick,rock_wool,double_pane,0,18.0,8.0,28.0,314.3316105718456,2.5,25.137016091366437,20.48340137325558,29.723636713767277,9.240235340511695,17,20.742595744614245,22.859644083245584,1.9543678829423483,0.0,tier1_rc_physics,0.00019478797912597656,False
summer_99,summer,6.661372739427273,3.0092189160691962,3.0708707159962345,44.04802820168892,36.588579511309504,136.9172561212091,0.15415395279234068,19.21531812738607,timber,brick,concrete,mineral_wool,double_pane,1,18.0,8.0,28.0,314.3316105718456,2.5,38.25532594616664,31.810783720003904,44.7707655811797,12.959981861175798,0,29.96941634553295,45.5238931272061,5.278079707761907,0.0,tier1_rc_physics,0.0002162456512451172,False
summer_100,summer,5.72102366022571,4.5668284682887,3.400809915685823,29.310925417795733,94.72438419495202,101.92814066927224,0.11802472200191536,0.0,cseb,timber,concrete,eps_foam,single_pane,0,18.0,8.0,28.0,314.3316105718456,2.5,26.14479961594436,23.54099548605331,28.70755106436108,5.166555578307772,18,19.64937802144046,27.756138231091814,2.8051389220479854,0.0,tier1_rc_physics,0.0002052783966064453,False
summer_101,summer,3.874878454973633,4.060082255240713,2.819649300379489,30.447513029715363,108.6041492508417,97.70768058293292,0.1746852716952284,0.0,cseb,cseb,brick,mineral_wool,double_pane,0,18.0,8.0,28.0,314.3316105718456,2.5,28.03493024234868,24.889400668362246,31.148542657156828,6.259141988794582,12,13.820176428090088,19.16063499507961,1.9993271296898576,0.0,tier1_rc_physics,0.00020313262939453125,False
summer_102,summer,3.7686603283312055,3.9746379958688864,2.461638901203937,16.60902192127487,56.369688182176795,25.70271619555457,0.20365611894126345,0.0,sandwich_panel,timber,brick,xps_foam,single_pane,0,18.0,8.0,28.0,314.3316105718456,2.5,34.60857451143106,20.472948361737245,49.53943154191446,29.066483180177215,8,28.11438289352615,31.103501266923367,2.981169651015796,0.0,tier1_rc_physics,0.00019884109497070312,False
summer_103,summer,3.4193959137192897,5.609818394560857,3.415085240309695,2.965307919046972,71.47566690125772,117.87316774671909,0.19045410151122538,11.574409859985064,cseb,sandwich_panel,concrete,rock_wool,single_pane,1,18.0,8.0,28.0,314.3316105718456,2.5,27.599706400428534,23.742925719512055,31.42915620644405,7.6862304869319935,12,23.813235814455364,32.87853944293316,2.937669849233268,0.0,tier1_rc_physics,0.0002090930938720703,False
summer_104,summer,6.276730558332346,5.653223792364002,2.4221883315829,11.46495933070209,46.34494665768914,108.50829146200353,0.19184418221411575,0.0,cseb,timber,cseb,xps_foam,double_pane,0,18.0,8.0,28.0,314.3316105718456,2.5,33.67420681203628,29.366583886507595,37.99399078293689,8.627406896429296,0,31.640171339212234,47.2201376402894,6.3240984451845375,0.0,tier1_rc_physics,0.0001976490020751953,False
summer_105,summer,5.033125502034313,4.422039714436896,2.4057456697094675,30.088805785445917,103.14355682214637,46.555171789162294,0.3715391582199527,0.0,timber,timber,brick,mineral_wool,double_pane,0,18.0,8.0,28.0,314.3316105718456,2.5,29.730157143588652,23.245732086392042,36.22076178178532,12.975029695393278,10,25.47244721252049,30.25713991460247,4.324774703103975,0.0,tier1_rc_physics,0.00020003318786621094,False
summer_106,summer,5.164177097393864,5.89038450370459,2.2728934190321057,41.67006870106508,133.88461028366535,88.04370862792904,0.050919161357889486,24.255033185304196,timber,concrete,cseb,xps_foam,double_pane,1,18.0,8.0,28.0,314.3316105718456,2.5,21.035175704442867,20.499212942401208,21.57625516539892,1.0770422229977115,24,6.018039065353056,12.758972792025478,0.9996914100445774,0.0,tier1_rc_physics,0.0002124309539794922,False
summer_107,summer,5.437775084923953,3.371216342661892,2.3933574383215053,19.722447076972585,174.15497015368817,51.1344320116736,0.06775321318163624,0.0,concrete,sandwich_panel,concrete,eps_foam,double_pane,0,18.0,8.0,28.0,314.3316105718456,2.5,24.39740957549093,22.61222444973915,26.170983487002243,3.558759037263094,24,8.4545218400019,13.840478426492917,0.9774158900902065,0.0,tier1_rc_physics,0.0001990795135498047,False
summer_108,summer,4.748256415053254,3.0209602670912195,2.7899158523296093,42.180285384627254,118.14008251370355,117.39780131645928,0.34546579957404105,0.0,timber,concrete,concrete,mineral_wool,single_pane,0,18.0,8.0,28.0,314.3316105718456,2.5,28.87355714594449,21.20622223831917,36.57808885346281,15.371866615143638,11,29.470231568130977,32.466701801172576,2.861596705813135,0.0,tier1_rc_physics,0.00019788742065429688,False
summer_109,summer,6.0670129227715455,5.026228553196443,2.4482163123540066,37.66686433672679,120.36322206710996,20.340433755700168,0.35145646868295205,1.5698351043753251,cseb,concrete,cseb,mineral_wool,single_pane,1,18.0,8.0,28.0,314.3316105718456,2.5,24.814930459023515,19.37329854897047,30.57193001042711,11.198631461456639,17,38.379201253350956,41.8718907057694,3.5776065322482675,0.0,tier1_rc_physics,0.00025534629821777344,False
summer_110,summer,3.79318100037292,5.363982252441323,2.5946133473985453,14.47985396150601,143.28195469154963,74.8113970085585,0.2712068751869747,21.978148551162295,timber,sandwich_panel,concrete,mineral_wool,double_pane,1,18.0,8.0,28.0,314.3316105718456,2.5,26.847747219059453,22.67430824732631,31.482560442046115,8.808252194719806,13,15.102896926558646,25.48966169764249,2.648951923300482,0.0,tier1_rc_physics,0.0002894401550292969,False
summer_111,summer,6.063952141657424,4.473154379266063,3.0955289297317616,6.456765241221629,57.45384195278484,86.45053774744757,0.2614542446764997,42.18649399134702,sandwich_panel,concrete,cseb,rock_wool,double_pane,1,18.0,8.0,28.0,314.3316105718456,2.5,36.43833518446657,23.936618075100572,49.38414530219596,25.44752722709539,7,40.07927829420323,53.17250845898806,8.548129939953657,0.0,tier1_rc_physics,0.00020766258239746094,False
summer_112,summer,4.262031444052142,4.097979118983545,3.035528346748892,43.72169815479503,159.9189500152519,33.37028008007273,0.392947298030179,0.0,cseb,cseb,concrete,mineral_wool,double_pane,0,18.0,8.0,28.0,314.3316105718456,2.5,28.997156819795844,23.522791464495686,34.43316038863584,10.910368924140155,10,30.5054068427679,35.730489493542514,4.162264383606104,0.0,tier1_rc_physics,0.00020122528076171875,False
summer_113,summer,7.500677794206073,4.703474807992473,2.834852804921276,7.183396188895558,162.44853822567023,2.3526130252127286,0.22994106252195823,0.0,brick,timber,cseb,xps_foam,single_pane,0,18.0,8.0,28.0,314.3316105718456,2.5,23.896501427786177,18.862766718516443,28.86466386885302,10.001897150336578,19,39.48174934336286,40.8658509040925,3.3753499509023954,0.0,tier1_rc_physics,0.00020241737365722656,False
summer_114,summer,3.6349726357738925,5.910154313917492,2.728743077706547,36.907050130084805,70.75690671569828,132.4311032320361,0.30864478905244463,0.0,concrete,cseb,concrete,xps_foam,double_pane,0,18.0,8.0,28.0,314.3316105718456,2.5,30.71920708266801,26.87950792115495,34.540138286970674,7.660630365815724,6,24.37508462788987,34.8137486304007,4.5467332549877835,0.0,tier1_rc_physics,0.00019693374633789062,False
summer_115,summer,6.298383701854908,4.221542030421979,2.829994056557332,4.86864533965467,145.70081320597964,5.373372262799901,0.2691463026375207,0.0,sandwich_panel,cseb,concrete,xps_foam,double_pane,0,18.0,8.0,28.0,314.3316105718456,2.5,27.204030871549403,20.061629105271326,34.388465160454345,14.32683605518302,13,26.969122707746646,30.961465852165876,3.9176547036600344,0.0,tier1_rc_physics,0.00020194053649902344,False
summer_116,summer,4.873596202332313,5.832648705724804,2.6190505242607234,18.694312104436758,165.35708702134409,16.119992514127983,0.12259892151437969,0.0,timber,concrete,cseb,rock_wool,single_pane,0,18.0,8.0,28.0,314.3316105718456,2.5,23.74963684421495,19.8505620357136,27.568253342575566,7.7176913068619655,24,20.313212734481173,21.728259718330232,1.8581670145470992,0.0,tier1_rc_physics,0.00022125244140625,False
summer_117,summer,4.234307685721031,5.4887934466255635,2.2481168043094977,15.434940653152527,99.44127611330921,133.57676073196603,0.18162392591559623,20.26440534478167,brick,brick,brick,eps_foam,double_pane,1,18.0,8.0,28.0,314.3316105718456,2.5,24.518614897224438,22.358653647959134,27.408791764762803,5.050138116803669,24,9.904945084055367,19.777534770240493,1.677607551576561,0.0,tier1_rc_physics,0.00023031234741210938,False
summer_118,summer,6.592502345000931,3.147547410269768,2.6215889374608774,31.822299802589672,132.07525491608666,31.33033892713172,0.2558806745399975,15.458598932689057,timber,sandwich_panel,cseb,eps_foam,single_pane,1,18.0,8.0,28.0,314.3316105718456,2.5,26.49182049056529,21.817388811561,32.289431624435956,10.472042812874957,14,23.846268935891967,30.826407908491543,2.587791911570297,0.0,tier1_rc_physics,0.0002510547637939453,False
summer_119,summer,5.679253391640831,4.768387459371481,2.325926584286501,17.416801675709163,86.5335847720034,111.74116923935614,0.11126095743190281,0.0,concrete,sandwich_panel,cseb,rock_wool,single_pane,0,18.0,8.0,28.0,314.3316105718456,2.5,25.341682810950488,23.118454444351233,27.532732668909787,4.414278224558554,24,13.929408021028774,20.380461948768392,1.7970844256202883,0.0,tier1_rc_physics,0.00021314620971679688,False
summer_120,summer,4.557723866440382,3.9556543691530233,3.278429062390801,33.131150422069716,58.22865017049259,67.25898462020683,0.3743879268876107,26.80607052038165,concrete,timber,cseb,eps_foam,single_pane,1,18.0,8.0,28.0,314.3316105718456,2.5,34.96269896457154,26.210171899415762,43.80526761691357,17.595095717497806,4,64.27679642927924,74.9720643329999,6.9220640271952485,0.0,tier1_rc_physics,0.00021839141845703125,False
summer_121,summer,6.874093057466002,5.247922827466485,2.3895695333734515,41.095491813185824,26.928628013555876,85.5415757961854,0.3004582115099373,43.2319784646809,brick,sandwich_panel,brick,rock_wool,double_pane,1,18.0,8.0,28.0,314.3316105718456,2.5,39.836770935357485,30.627349910547306,49.240662162786535,18.61331225223923,0,54.1985718971237,85.27060905001565,11.2209538131551,0.0,tier1_rc_physics,0.00021529197692871094,False
summer_122,summer,4.808916431133512,3.345995487547547,2.8086951602708337,9.7219141583077,3.0068376608882543,116.59084606564808,0.14830144959514657,0.0,concrete,sandwich_panel,concrete,eps_foam,double_pane,0,18.0,8.0,28.0,314.3316105718456,2.5,39.37588540106062,34.46999482930782,44.31349118931304,9.843496360005219,0,23.77163698133693,42.832823544534655,4.019708949883142,0.0,tier1_rc_physics,0.000202178955078125,False
summer_123,summer,6.6141187146312275,3.3007933414172643,2.233187322708013,4.04248399654546,113.19455779391363,87.10277148475207,0.22544017313084708,0.0,sandwich_panel,brick,cseb,rock_wool,double_pane,0,18.0,8.0,28.0,314.3316105718456,2.5,29.409079386716712,22.856929404934846,35.99124799179196,13.134318586857113,10,17.41708681832994,20.50830846006062,2.8515813727505526,0.0,tier1_rc_physics,0.00020051002502441406,False
summer_124,summer,7.10343941026896,5.667880453889195,2.438663605630263,13.284301559561944,48.2165918104415,147.49884561370664,0.05700773675185363,0.0,cseb,brick,brick,eps_foam,single_pane,0,18.0,8.0,28.0,314.3316105718456,2.5,26.328057511490453,23.997796887265594,28.642535417208475,4.644738529942881,18,17.22143598077927,26.465680506320307,2.5473007774821737,0.0,tier1_rc_physics,0.00019931793212890625,False
summer_125,summer,3.3989656148909972,3.1754173795846348,2.6457742030855447,37.17715099347636,15.220630312181875,121.30353630421489,0.36042450547481925,0.0,brick,cseb,cseb,mineral_wool,double_pane,0,18.0,8.0,28.0,314.3316105718456,2.5,57.98304322712979,44.64566514272894,71.53110011397706,26.885434971248124,0,52.7036637208744,64.36321224163272,7.6936882144431955,0.0,tier1_rc_physics,0.00020647048950195312,False
summer_126,summer,5.571230331193602,3.015389005698451,2.8861402110284398,20.910045696492602,163.51632961634462,135.52496945268777,0.29226683408345255,11.303794083125121,cseb,brick,cseb,mineral_wool,single_pane,1,18.0,8.0,28.0,314.3316105718456,2.5,27.933032275214597,22.786192039412942,33.267840736893376,10.481648697480434,12,27.198215528962827,33.50498481122929,2.8466786808444953,0.0,tier1_rc_physics,0.00021386146545410156,False
summer_127,summer,4.8886984323186695,4.001539924386921,2.680825567126927,42.8325550967366,153.6645073861876,94.62519069053856,0.3066762243307528,0.0,brick,brick,cseb,mineral_wool,double_pane,0,18.0,8.0,28.0,314.3316105718456,2.5,29.72974169825589,25.072970984103357,34.355280666110616,9.28230968200726,9,23.277834823375304,28.983764747744356,3.7469956297446965,0.0,tier1_rc_physics,0.00020265579223632812,False
summer_128,summer,3.5223334046866475,4.606975197188621,2.876227345734781,35.04504967671652,9.756893572388023,13.798429897940458,0.3643445445815932,0.0,cseb,brick,concrete,mineral_wool,single_pane,0,18.0,8.0,28.0,314.3316105718456,2.5,41.796071145234016,27.99745499581205,56.16316303542352,28.165708039611474,1,99.4003921711757,107.50676949942077,7.555814256863955,0.0,tier1_rc_physics,0.00019812583923339844,False
summer_129,summer,5.808184430804143,3.6409291367309047,2.956516362385646,12.952939230278501,65.79458254001997,124.79592166588449,0.09148660820706087,3.479032163614619,brick,cseb,cseb,xps_foam,single_pane,1,18.0,8.0,28.0,314.3316105718456,2.5,27.99208985830788,24.919442760934558,31.045931580690514,6.126488819755956,12,16.143499711411277,24.1368152541465,2.178264330101464,0.0,tier1_rc_physics,0.00020623207092285156,False
summer_130,summer,6.748471272015683,5.693325100768532,2.444159423133847,41.30056354286848,52.78814013279438,47.33672657866411,0.09526922184486428,0.0,timber,brick,brick,rock_wool,double_pane,0,18.0,8.0,28.0,314.3316105718456,2.5,26.598348255642634,23.09932378508751,30.058821121325774,6.959497336238265,16,22.621752519640722,27.56049902799332,2.881642243550485,0.0,tier1_rc_physics,0.0001983642578125,False
summer_131,summer,3.135656159976731,4.437533196227738,2.344439320311659,20.38059557948126,155.834908484639,65.4306727518833,0.2970025591056343,43.72087724210846,cseb,concrete,brick,rock_wool,double_pane,1,18.0,8.0,28.0,314.3316105718456,2.5,24.547465908948897,22.109031724726055,28.2920648764925,6.183033151766445,22,10.317432292819792,20.693499962233766,1.383642068517329,0.0,tier1_rc_physics,0.0009074211120605469,False
summer_132,summer,5.168161218163579,4.747974775920758,2.6093176575152137,29.74479133481348,122.42824651890867,135.19496975855643,0.3763690419138014,0.0,concrete,sandwich_panel,brick,xps_foam,single_pane,0,18.0,8.0,28.0,314.3316105718456,2.5,28.633883162825615,23.02234594660324,34.211497258865194,11.189151312261952,11,37.445286637377095,43.17580116718235,4.726094355750942,0.0,tier1_rc_physics,0.0004189014434814453,False
summer_133,summer,4.344658480638699,4.310238716093083,2.4712680700809577,36.64718584188584,28.786063450591943,105.29996927693264,0.06997904111779041,2.7316287592611257,cseb,concrete,brick,xps_foam,double_pane,1,18.0,8.0,28.0,314.3316105718456,2.5,29.730670446273848,26.638553656349853,32.824727317254215,6.1861736609043625,9,12.300098887862475,21.11837368491754,1.7501217365571025,0.0,tier1_rc_physics,0.0003266334533691406,False
summer_134,summer,6.175934285226734,3.4206406250056425,2.737966067703362,42.55166764892656,43.473270958775196,35.25508787195377,0.20909576374986605,24.77764812217354,cseb,cseb,cseb,xps_foam,double_pane,1,18.0,8.0,28.0,314.3316105718456,2.5,33.73945019500246,27.925508273750914,39.587693029442605,11.66218475569169,1,35.18053770077364,47.723325384556176,4.4576382049321595,0.0,tier1_rc_physics,0.00041675567626953125,False
summer_135,summer,7.429263249987235,5.340873281647445,3.38332987716884,26.723501567135703,136.21307734154126,2.6275042371101556,0.36994122156667764,38.706234984672896,cseb,sandwich_panel,concrete,rock_wool,single_pane,1,18.0,8.0,28.0,314.3316105718456,2.5,24.40164000823386,21.54024350190012,29.078266376567,7.538022874666879,20,54.22371431898956,69.17286527743204,6.479637946128872,0.0,tier1_rc_physics,0.00044274330139160156,False
summer_136,summer,4.908656539484295,3.1354354780548572,2.532625686136688,35.903277120846106,74.2264079183386,52.371095795148825,0.21498304506355465,0.0,timber,cseb,cseb,mineral_wool,single_pane,0,18.0,8.0,28.0,314.3316105718456,2.5,27.30243028920881,21.736721993089738,32.83192692434646,11.095204931256724,13,19.75879365672771,21.892107010227427,1.8129501184882655,0.0,tier1_rc_physics,0.00037670135498046875,False
summer_137,summer,4.0296857231867556,4.811839439832472,3.387937530349724,36.87484507204834,159.59549578032002,39.33193501573531,0.06890290402503912,0.0,timber,brick,brick,rock_wool,single_pane,0,18.0,8.0,28.0,314.3316105718456,2.5,25.520965633490693,22.14844218421622,28.830445678355048,6.682003494138829,19,15.198284415122608,17.99405505703808,1.649374768169152,0.0,tier1_rc_physics,0.0003848075866699219,False
summer_138,summer,4.0810278488314,5.882256640988169,2.901498615274993,30.691490611476517,160.20083429099284,92.90370458838456,0.16765370915365946,0.0,timber,concrete,cseb,eps_foam,single_pane,0,18.0,8.0,28.0,314.3316105718456,2.5,27.250503956158514,22.86472759214335,31.588028684359138,8.723301092215788,14,22.652957618050436,26.62613851531824,2.8505050638626193,0.0,tier1_rc_physics,0.0004019737243652344,False
summer_139,summer,5.4063388579005025,4.8206709921758675,2.8717497750360232,34.78955390451129,178.11720148959125,28.604631013052003,0.341350929155684,0.0,cseb,brick,concrete,eps_foam,double_pane,0,18.0,8.0,28.0,314.3316105718456,2.5,27.38962069630477,22.952819858458422,31.771586728176565,8.818766869718143,12,31.298304672697494,37.52203106663664,4.577697971432594,0.0,tier1_rc_physics,0.00043511390686035156,False
summer_140,summer,3.0389424457128484,4.298881551976193,3.2537257064319958,9.873546542998788,178.5459027631922,78.72390753572033,0.1695824394927397,40.385639514064145,cseb,timber,brick,mineral_wool,double_pane,1,18.0,8.0,28.0,314.3316105718456,2.5,24.47678482721069,22.140327188324047,27.639161268257787,5.49883407993374,24,9.057706820038181,20.13857012199654,1.3159171914493224,0.0,tier1_rc_physics,0.0003733634948730469,False
summer_141,summer,3.7224552210855126,5.71007957994472,3.2140025050600283,17.622531089604653,135.5428805478235,104.13607835051566,0.08269389190874732,0.0,timber,concrete,cseb,xps_foam,double_pane,0,18.0,8.0,28.0,314.3316105718456,2.5,27.409792492843252,24.571352477424092,30.22544893754005,5.654096460115959,13,12.216013330920777,17.865430947154586,2.177176966785502,0.0,tier1_rc_physics,0.00033211708068847656,False
summer_142,summer,5.208979851902707,5.925752230751845,2.9364438503302535,41.89916033531649,96.98799738295894,145.10626806268425,0.21819585991217105,0.0,cseb,timber,brick,xps_foam,double_pane,0,18.0,8.0,28.0,314.3316105718456,2.5,28.279629904862407,25.0149982401642,31.51793712516772,6.50293888500352,12,21.904932808844226,31.59621269329666,4.672240744004621,0.0,tier1_rc_physics,0.00021886825561523438,False
summer_143,summer,5.109722233366002,5.446784543177591,3.2280884432881094,32.27979158492359,161.70524553216518,4.053484490231848,0.2679987731879084,0.0,cseb,cseb,cseb,eps_foam,double_pane,0,18.0,8.0,28.0,314.3316105718456,2.5,24.37382339976395,19.626535181989816,29.045395888031443,9.418860706041627,19,34.790402793503105,37.21965085305302,3.4782414341502847,0.0,tier1_rc_physics,0.00022935867309570312,False
summer_144,summer,5.931731746117135,5.908464744779454,2.6310200266091464,31.48987222797189,0.5683157391599338,21.99974062791715,0.0938242972303567,0.0,timber,cseb,concrete,rock_wool,single_pane,0,18.0,8.0,28.0,314.3316105718456,2.5,30.074767035043948,25.35319138439768,34.77291547499721,9.419724090599534,8,38.86377580823444,45.925298230171286,3.9328305858632513,0.0,tier1_rc_physics,0.0002086162567138672,False
summer_145,summer,4.1827526941620015,5.7834774239353415,2.4087664482911966,44.37479987271332,68.31188175910715,40.56959951318973,0.11203968795505824,36.57684303895597,concrete,concrete,brick,eps_foam,single_pane,1,18.0,8.0,28.0,314.3316105718456,2.5,21.83981167287656,21.015619545777813,22.67081119074614,1.6551916449683262,24,12.586633966756505,22.450390835157684,1.151776486290986,0.0,tier1_rc_physics,0.00024056434631347656,False
summer_146,summer,5.8530133353451,3.879072439225755,2.8136239134222656,31.089330366584043,73.64552882440563,73.62383554278323,0.35741179162821074,37.04162233534196,sandwich_panel,sandwich_panel,cseb,eps_foam,single_pane,1,18.0,8.0,28.0,314.3316105718456,2.5,24.874429637395497,21.03401341811112,33.33493194502025,12.300918526909133,18,25.827830696835495,41.41232464854783,3.285532729758623,0.0,tier1_rc_physics,0.0002231597900390625,False
summer_147,summer,7.408922006035711,5.646320956597782,3.1913835133952593,37.918743098784745,51.74910551365716,128.440544825983,0.15373302059153726,0.0,concrete,cseb,concrete,mineral_wool,single_pane,0,18.0,8.0,28.0,314.3316105718456,2.5,30.673719224134715,26.982696582868826,34.348595005229186,7.36589842236036,6,45.55619872982896,65.15428654255086,7.171805573185209,0.0,tier1_rc_physics,0.00030112266540527344,False
summer_148,summer,5.947077558142435,3.161768923771931,2.8656064712982783,25.50144173139593,116.91767324532563,91.17323008715317,0.23730981557493186,46.101180303883815,sandwich_panel,brick,brick,rock_wool,double_pane,1,18.0,8.0,28.0,314.3316105718456,2.5,26.015448348188,21.887048773099412,33.85988720816663,11.97283843506722,16,13.167536032522912,24.983002334505326,2.38704792507407,0.0,tier1_rc_physics,0.00023031234741210938,False
summer_149,summer,4.852081930015765,3.310244043541716,3.3965509445119784,10.47115489814473,111.46752124727463,96.17196306045247,0.34716273582142215,23.544212478203235,sandwich_panel,timber,concrete,eps_foam,double_pane,1,18.0,8.0,28.0,314.3316105718456,2.5,32.401585276476425,22.6126631819259,43.79836661489961,21.185703432973707,9,27.027784695639625,34.46136883153572,5.174441795885535,0.0,tier1_rc_physics,0.00022077560424804688,False
summer_150,summer,3.2905596558198393,5.964490912315096,2.4347429633256987,25.093420084238595,147.58405334100163,75.97527043142699,0.34796484847213466,0.0,cseb,concrete,brick,rock_wool,single_pane,0,18.0,8.0,28.0,314.3316105718456,2.5,27.79226622020319,21.693509322792746,33.86656663298212,12.173057310189375,12,31.017215240098704,34.489054127759104,3.089906257294596,0.0,tier1_rc_physics,0.00021147727966308594,False
summer_151,summer,5.262330255744284,3.545813439126852,3.137049055285491,28.22600827730131,23.663266159265973,119.80731525957145,0.28068418711158905,0.0,sandwich_panel,cseb,concrete,rock_wool,double_pane,0,18.0,8.0,28.0,314.3316105718456,2.5,55.14855772756536,36.882898980460844,74.36120766992244,37.47830868946159,0,63.11882297551983,76.41389410430097,12.5967974319973,0.0,tier1_rc_physics,0.0002162456512451172,False
summer_152,summer,5.461420839690594,5.504359048629528,3.436401173009125,35.54008811836209,106.19935952098635,1.8938614305796286,0.0886230699193281,17.892284872795237,timber,concrete,cseb,mineral_wool,single_pane,1,18.0,8.0,28.0,314.3316105718456,2.5,21.733793361373532,20.166042545729724,23.602844169845834,3.436801624116111,24,27.158694031782918,25.047110481887305,1.8734077172763792,0.0,tier1_rc_physics,0.000225067138671875,False
summer_153,summer,3.947133994134383,3.7710973603817637,3.393963524258755,24.0785862364982,1.238674833694407,105.97025665390832,0.26674895867959986,21.735704779140878,brick,timber,brick,xps_foam,single_pane,1,18.0,8.0,28.0,314.3316105718456,2.5,49.54704670081404,36.910852887582635,62.38059967460389,25.469746787021258,0,80.21319416298951,93.01706091387327,8.949681211162826,0.0,tier1_rc_physics,0.00022482872009277344,False
summer_154,summer,5.780075224840299,4.08320472990791,2.9400722667462076,17.835126454410176,130.6758089042155,122.78863298286397,0.34962783865096475,0.0,cseb,sandwich_panel,cseb,rock_wool,double_pane,0,18.0,8.0,28.0,314.3316105718456,2.5,30.761229507565627,26.033419101285233,35.465691089817135,9.432271988531902,7,28.73934056566649,37.65506839279127,5.848311059612273,0.0,tier1_rc_physics,0.00021886825561523438,False
summer_155,summer,3.7523286352296843,5.386796027964027,2.523436712358421,39.891709438574814,20.18557822589877,130.3675964113392,0.22778776742143458,0.0,cseb,sandwich_panel,cseb,mineral_wool,single_pane,0,18.0,8.0,28.0,314.3316105718456,2.5,43.01660619141179,34.87166884924066,51.23086425848034,16.359195409239675,0,54.6644849520665,66.90300748253038,6.558363414049613,0.0,tier1_rc_physics,0.00020956993103027344,False
summer_156,summer,6.701860575782286,5.370703333790805,2.9622340654189006,43.48388955655671,153.5308041371334,123.19021537184484,0.23419103620842208,0.0,sandwich_panel,concrete,concrete,eps_foam,double_pane,0,18.0,8.0,28.0,314.3316105718456,2.5,28.836979590414035,23.367069447376203,34.2983779458929,10.9313084985167,11,27.060528965052995,33.93787901215735,6.041234703740303,0.0,tier1_rc_physics,0.00022840499877929688,False
summer_157,summer,4.5374288080843685,4.53180191141762,3.4587204043834943,11.850498418272126,166.1734949382335,122.29936751790694,0.08578874055290608,18.67522575021456,timber,cseb,brick,rock_wool,single_pane,1,18.0,8.0,28.0,314.3316105718456,2.5,24.57267090659565,22.097327941248647,27.81097252893894,5.713644587690293,24,11.444700896268904,20.561310750741676,1.7271766993892461,0.0,tier1_rc_physics,0.00022935867309570312,False
summer_158,summer,6.107052317358373,3.391938090345553,2.82326185482748,18.153204878414936,21.30081627187421,42.25316396186468,0.39886730115003,35.43654460646381,concrete,sandwich_panel,cseb,eps_foam,double_pane,1,18.0,8.0,28.0,314.3316105718456,2.5,50.73101827954998,39.27351535542343,62.378746108868704,23.105230753445277,0,80.85080627614852,105.64449212821148,13.754746237433336,0.0,tier1_rc_physics,0.00021529197692871094,False
summer_159,summer,5.91004124959075,5.424152472971951,3.447445105354293,39.40183715603822,89.28407500653292,53.44835826044648,0.2846561646259472,0.0,concrete,brick,brick,rock_wool,double_pane,0,18.0,8.0,28.0,314.3316105718456,2.5,27.903847546400822,23.971660266899587,31.78696362128412,7.8153033543845325,12,36.303177337974496,46.430610320050576,6.374729238312054,0.0,tier1_rc_physics,0.0002193450927734375,False
summer_160,summer,6.027355453474535,4.445913306226332,2.9087967509840214,15.055027622678294,127.2439383651066,108.03361019017152,0.13237659269054758,0.0,brick,brick,concrete,eps_foam,double_pane,0,18.0,8.0,28.0,314.3316105718456,2.5,26.690968654242592,24.158452578725065,29.197338592945997,5.038886014220932,15,15.562756616267052,23.82910999600868,2.7153305491166515,0.0,tier1_rc_physics,0.00023293495178222656,False
summer_161,summer,3.8424825583302455,4.284320657695715,2.2759987890503846,37.25118698852749,144.26736058597214,89.83964222665296,0.13359664739327692,0.0,sandwich_panel,cseb,brick,xps_foam,double_pane,0,18.0,8.0,28.0,314.3316105718456,2.5,28.990488904785238,23.05804239633926,34.943498226074524,11.885455829735264,11,10.84995557088458,12.710592422847911,1.654899296329416,0.0,tier1_rc_physics,0.00023865699768066406,False
summer_162,summer,3.38175600386251,3.6783393736758603,3.1025331735240367,5.341635493271688,20.871276616463913,93.71866379471257,0.1961185372004477,33.6237629396091,timber,brick,cseb,xps_foam,double_pane,1,18.0,8.0,28.0,314.3316105718456,2.5,48.01350442855206,38.03448829099374,58.1587146926598,20.124226401666057,0,33.277595213854234,46.0071162444307,5.494680913622445,0.0,tier1_rc_physics,0.00024580955505371094,False
summer_163,summer,6.236220168634604,5.0007249514037495,2.994744623707347,18.349657851151264,141.56845440580616,72.52724005448904,0.2607087678100243,0.0,cseb,sandwich_panel,cseb,xps_foam,single_pane,0,18.0,8.0,28.0,314.3316105718456,2.5,27.441793761234123,23.08541114818907,31.745348414633252,8.659937266444182,12,35.20285582020768,42.09156676032289,4.887581963970755,0.0,tier1_rc_physics,0.0002598762512207031,False
summer_164,summer,7.7403503745874955,4.559953812011567,3.2354996513362653,29.897937179149512,81.26239919170084,69.98673378139696,0.15179929671190723,0.0,timber,sandwich_panel,brick,mineral_wool,single_pane,0,18.0,8.0,28.0,314.3316105718456,2.5,26.931126158505425,22.72063537108373,31.093451595245895,8.372816224162165,14,28.765703926661548,34.60881525614129,4.325291093364118,0.0,tier1_rc_physics,0.0002732276916503906,False
summer_165,summer,4.391726375292678,4.105342425596428,2.35597628319505,27.93200254312596,170.80157035995234,23.56061819010873,0.18723142931451564,0.0,sandwich_panel,brick,cseb,xps_foam,single_pane,0,18.0,8.0,28.0,314.3316105718456,2.5,26.467944679327115,18.415771123653187,34.683914109111704,16.268142985458518,14,17.41275452898402,19.096040034157852,1.688271850232771,0.0,tier1_rc_physics,0.0002570152282714844,False
summer_166,summer,4.995494303530011,5.58839411687415,2.5043087324186812,34.125511428173056,64.47810724574865,141.01729202325913,0.3802091567690742,0.0,sandwich_panel,cseb,brick,eps_foam,single_pane,0,18.0,8.0,28.0,314.3316105718456,2.5,32.088896879485446,18.0,47.6066954395847,29.606695439584698,10,52.04195407738406,57.98600807918284,6.892269319824521,0.9482153180257546,tier1_rc_physics,0.00025200843811035156,False
summer_167,summer,3.9302065117872496,4.354057273056984,2.850528027826493,2.193830409532659,96.53933630043865,61.59451854888004,0.32710460919007744,8.572601219940138,concrete,timber,brick,xps_foam,single_pane,1,18.0,8.0,28.0,314.3316105718456,2.5,28.19968103301096,22.862793282575907,33.591114753162735,10.728321470586828,12,30.4820655281094,35.76272922210799,3.1523976337417077,0.0,tier1_rc_physics,0.00025200843811035156,False
summer_168,summer,6.333630928394703,3.353927885695059,2.826491755995447,1.2945023448229203,171.3494284244076,9.440800458410667,0.1972394576818462,0.0,concrete,brick,concrete,eps_foam,double_pane,0,18.0,8.0,28.0,314.3316105718456,2.5,23.955127129136226,20.586890607754853,27.230536455926597,6.643645848171744,24,25.183381514061153,26.668409551622346,1.8966181530085535,0.0,tier1_rc_physics,0.0004119873046875,False
summer_169,summer,7.328593381090443,4.896962033815901,2.4865445515558826,4.796404446670807,85.48772553373966,48.76816214265925,0.33386151876882514,23.13943471664176,sandwich_panel,cseb,concrete,eps_foam,double_pane,1,18.0,8.0,28.0,314.3316105718456,2.5,26.526932360215454,22.26292439658898,32.41749121595798,10.154566819369002,14,24.788260215179623,36.73486617582976,4.9707272025903855,0.0,tier1_rc_physics,0.0002734661102294922,False
summer_170,summer,3.8888611543200806,5.8062326599212515,2.9729855692945986,23.243985748519084,69.32296368168929,129.23887455300883,0.09291661919666919,0.0,cseb,concrete,concrete,mineral_wool,double_pane,0,18.0,8.0,28.0,314.3316105718456,2.5,26.146303060027964,23.95031420630719,28.32311792518449,4.3728037188773,20,11.98805743957373,20.122351146638067,1.9498196042257054,0.0,tier1_rc_physics,0.0002541542053222656,False
summer_171,summer,7.963525428283128,5.936558589219366,3.0619138226863454,6.157902030640559,95.1570035631025,54.095515198746625,0.11536318002303969,0.0,timber,sandwich_panel,brick,rock_wool,single_pane,0,18.0,8.0,28.0,314.3316105718456,2.5,25.48640220138456,22.197293282307967,28.72453569957836,6.527242417270394,19,25.740190164326744,31.98128562059279,4.24308238031839,0.0,tier1_rc_physics,0.00026226043701171875,False
summer_172,summer,7.872472175534417,3.201285909132588,3.037918317452811,14.63564608179639,155.14135418541724,116.48205055699633,0.1380429657901625,0.0,timber,sandwich_panel,brick,mineral_wool,single_pane,0,18.0,8.0,28.0,314.3316105718456,2.5,27.924685335467917,23.76280640299768,32.04533328772614,8.282526884728458,12,22.92170486634892,27.75382658199099,3.0884767636687807,0.0,tier1_rc_physics,0.0002613067626953125,False
summer_173,summer,4.4673548745671345,4.679596007711578,2.9769415463176054,28.45473526999546,98.4582065079563,131.47744262714536,0.2740748135476538,0.0,sandwich_panel,cseb,cseb,eps_foam,single_pane,0,18.0,8.0,28.0,314.3316105718456,2.5,28.797133210572458,18.0,40.35424328877804,22.354243288778036,12,30.366894880411106,33.73484576670616,3.8417736389910075,0.4738227526959303,tier1_rc_physics,0.00026416778564453125,False
summer_174,summer,4.498041593629123,4.179401756626827,2.7163829334545833,15.576636349353814,19.47906110821448,66.04212757106065,0.08433797720085913,0.0,sandwich_panel,cseb,brick,mineral_wool,double_pane,0,18.0,8.0,28.0,314.3316105718456,2.5,38.23715686766338,29.07317664663966,47.54817409964735,18.47499745300769,0,21.627155992811797,25.707307465207794,3.538891856795879,0.0,tier1_rc_physics,0.00025963783264160156,False
summer_175,summer,4.9592497324191,3.8893688282929615,2.3648020732740997,29.203401872237833,22.086381904996287,54.8569763490798,0.30087489793929334,0.0,timber,brick,cseb,eps_foam,single_pane,0,18.0,8.0,28.0,314.3316105718456,2.5,43.866402396263105,30.302250970875384,57.930960769571115,27.62870979869573,0,68.16087280824237,75.93495730941187,7.122240805459661,0.0,tier1_rc_physics,0.00027823448181152344,False
summer_176,summer,7.53554494932498,3.9029215610559858,2.244069916890311,21.303615368944815,146.49470720668987,60.528308824361076,0.32635190886707727,30.700701905805506,sandwich_panel,timber,brick,xps_foam,single_pane,1,18.0,8.0,28.0,314.3316105718456,2.5,23.25842316101067,20.76706878470429,28.784769307914452,8.017700523210163,22,20.451808630736693,36.20423231851664,2.6700576482703116,0.0,tier1_rc_physics,0.0002770423889160156,False
summer_177,summer,7.757572071765315,4.874565044049201,3.3487713398359444,29.404229427202992,69.77709700617409,55.75853080526411,0.2758008621657812,0.0,brick,cseb,cseb,rock_wool,single_pane,0,18.0,8.0,28.0,314.3316105718456,2.5,27.88418889059258,22.28613963446514,33.445289442402114,11.159149807936974,12,54.238032916806475,62.54578947471609,7.1740207383223495,0.0,tier1_rc_physics,0.0002532005310058594,False
summer_178,summer,4.677306682840456,4.686084931583156,3.430277735980578,3.2883845872109347,112.3320780936766,15.276963553539886,0.12008086809669795,0.0,sandwich_panel,cseb,concrete,rock_wool,single_pane,0,18.0,8.0,28.0,314.3316105718456,2.5,26.477552985401925,19.82256742482058,33.15219144700021,13.329624022179633,14,21.038849334838893,23.560536935340938,2.474013647487814,0.0,tier1_rc_physics,0.00026488304138183594,False
summer_179,summer,5.14941373363026,3.498424766586825,3.083108114230277,34.20363959634155,14.868777464309021,6.742122161855974,0.3965744602464198,0.0,cseb,timber,concrete,eps_foam,double_pane,0,18.0,8.0,28.0,314.3316105718456,2.5,46.80361547615694,34.30699544385438,59.52023002648438,25.213234582629994,0,92.97858661224089,106.89971697392237,11.493742006682044,0.0,tier1_rc_physics,0.0002503395080566406,False
summer_180,summer,6.81272732607694,5.5395088235625,3.347667725392337,17.390500728194617,139.0829254553446,82.71571514264814,0.30910214307098843,23.410463519384276,concrete,sandwich_panel,brick,rock_wool,single_pane,1,18.0,8.0,28.0,314.3316105718456,2.5,25.886358215389787,22.08973634893065,30.557526580099236,8.467790231168586,16,41.088288621543974,60.293192697808685,6.285407740357511,0.0,tier1_rc_physics,0.0002722740173339844,False
summer_181,summer,4.939566840721682,3.8979813274839046,3.07619747097708,13.407331663724161,40.88151790248436,88.52557844649711,0.14409411576161732,0.0,brick,sandwich_panel,concrete,xps_foam,single_pane,0,18.0,8.0,28.0,314.3316105718456,2.5,36.15924611818293,30.89760176317578,41.432973289717374,10.535371526541596,0,34.52615834280305,46.28182394182662,4.4379751451028655,0.0,tier1_rc_physics,0.0002446174621582031,False
summer_182,summer,5.762901184034721,5.205621584343241,2.763568660842094,3.393253526643988,25.337536071800777,8.229761653914622,0.14662005643449721,0.0,timber,timber,brick,rock_wool,single_pane,0,18.0,8.0,28.0,314.3316105718456,2.5,34.76209100291061,27.32168349603925,42.24125280041851,14.919569304379259,3,50.68854771262436,58.24199211908943,5.798952447898298,0.0,tier1_rc_physics,0.0002567768096923828,False
summer_183,summer,6.9057801352496195,3.653271466053151,2.735449374430494,44.66570315960068,84.1668559322924,80.41556347919364,0.3277405520261574,0.8020160701605873,sandwich_panel,concrete,cseb,xps_foam,single_pane,1,18.0,8.0,28.0,314.3316105718456,2.5,28.234225516922304,18.0,39.925521002342904,21.925521002342904,12,37.355658607859354,40.87047169659019,4.495170108380265,1.0664044531504817,tier1_rc_physics,0.0002753734588623047,False
summer_184,summer,7.614878127286125,4.795023522976346,2.9907486184081913,30.523771062783265,17.737999506396697,37.002592553585195,0.238432672618551,0.0,brick,timber,concrete,rock_wool,single_pane,0,18.0,8.0,28.0,314.3316105718456,2.5,39.001225829656924,30.80931018698863,47.2489592976929,16.43964911070427,0,97.20875065757372,114.53124497612264,12.097284244391624,0.0,tier1_rc_physics,0.00025773048400878906,False
summer_185,summer,3.092970565621424,4.489331742452985,2.6480971879316852,12.115804834166523,162.81743461186255,97.47458326902576,0.2483550483818715,0.0,brick,concrete,cseb,mineral_wool,single_pane,0,18.0,8.0,28.0,314.3316105718456,2.5,28.44343582434834,23.413042304076072,33.42811370809661,10.015071404020539,12,21.91343130737139,24.888343148841752,2.0722868759967845,0.0,tier1_rc_physics,0.0002560615539550781,False
summer_186,summer,6.918387410473488,3.835244388267671,3.057738566452845,9.02666796808593,158.61108976219973,92.10912147621303,0.14983380182590633,0.0,timber,sandwich_panel,brick,mineral_wool,single_pane,0,18.0,8.0,28.0,314.3316105718456,2.5,27.574069119745996,23.28937160801791,31.81489935598106,8.52552774796315,12,23.679365256577288,28.38501641357772,3.2688304938173705,0.0,tier1_rc_physics,0.0002665519714355469,False
summer_187,summer,7.13572951660339,3.5336893455712812,3.1864934142490444,33.65062056084507,42.19688748683156,18.019706518746688,0.27940060229153474,47.42915303874764,concrete,cseb,brick,rock_wool,double_pane,1,18.0,8.0,28.0,314.3316105718456,2.5,33.160670335351924,25.763853322077455,40.640707818719505,14.87685449664205,6,63.279361459899164,81.0290949307281,6.987698391196023,0.0,tier1_rc_physics,0.00025582313537597656,False
summer_188,summer,7.336464617313549,4.184942376852573,2.894474849929832,0.5310435803319612,33.47070291491238,26.127398078609495,0.06151365230261784,0.0,timber,cseb,brick,xps_foam,single_pane,0,18.0,8.0,28.0,314.3316105718456,2.5,28.78030270280531,24.62897927224323,32.9018157722696,8.272836500026369,11,26.911148733296617,32.45991164506771,3.0108028124140342,0.0,tier1_rc_physics,0.00025153160095214844,False
summer_189,summer,3.256219583620263,5.61252730199808,2.7551230191569065,22.609112025387617,10.733565444839666,126.52197667023867,0.18865317306397417,35.96705550295756,concrete,sandwich_panel,concrete,mineral_wool,single_pane,1,18.0,8.0,28.0,314.3316105718456,2.5,39.176584405345146,32.377128175134395,46.05448033106644,13.677352155932049,0,42.19240929415393,64.38771331041724,4.945980732720863,0.0,tier1_rc_physics,0.0007464885711669922,False
summer_190,summer,3.3618111757740254,5.704706086459737,3.210174422547186,7.235918096590519,49.97510546769442,35.912409716072,0.3844160369298864,47.25359917898555,cseb,timber,brick,rock_wool,double_pane,1,18.0,8.0,28.0,314.3316105718456,2.5,40.8057526971352,30.683384758641818,51.08965980784039,20.406275049198573,0,61.75236912702666,78.00156193820366,9.84730642257873,0.0,tier1_rc_physics,0.0005402565002441406,False
summer_191,summer,6.480876234108574,5.107265702978733,2.5713305561162043,43.33090857025064,161.06985618485504,115.64748590173791,0.28325174642994366,0.0,sandwich_panel,timber,brick,mineral_wool,single_pane,0,18.0,8.0,28.0,314.3316105718456,2.5,27.35421638562882,18.0,37.05456737764796,19.054567377647963,12,33.27035391686278,37.81241975188119,4.639895964024785,0.09783012900639083,tier1_rc_physics,0.0005290508270263672,False
summer_192,summer,4.203629813412204,4.802520098710476,2.599468016583052,12.532763905024407,145.9076657504161,80.87962346439286,0.36224572101167957,31.637274070597034,brick,sandwich_panel,cseb,mineral_wool,double_pane,1,18.0,8.0,28.0,314.3316105718456,2.5,28.772511145393565,23.144884953431905,34.45015150458013,11.305266551148222,11,21.52290402211884,31.70931074639989,3.788255454925851,0.0,tier1_rc_physics,0.00043773651123046875,False
summer_193,summer,7.392208591009523,4.206079399775845,3.152289315828871,26.43723289361538,51.411691936733014,66.86359783492708,0.3823472946140078,35.76019638303301,cseb,cseb,cseb,eps_foam,single_pane,1,18.0,8.0,28.0,314.3316105718456,2.5,35.78275985021558,25.203199393735314,46.58805328530489,21.384853891569573,6,94.28112775655487,114.61120722678197,12.172961987000505,0.0,tier1_rc_physics,0.0004563331604003906,False
summer_194,summer,4.778283922852712,3.1163072715865905,3.4816440118619774,4.385526676527015,139.84199799158716,94.25103407360555,0.38758316850610236,45.022137953898884,brick,concrete,concrete,eps_foam,single_pane,1,18.0,8.0,28.0,314.3316105718456,2.5,27.487124510214358,21.966496189288563,34.71530575366214,12.74880956437358,13,34.95095653327139,46.19544135433031,3.522821493065327,0.0,tier1_rc_physics,0.00047469139099121094,False
summer_195,summer,6.516686172711106,4.333864835152702,2.490810955644994,16.213708763016655,61.92512910731543,38.76953430446345,0.1805719869995055,39.83069907409331,concrete,concrete,brick,rock_wool,double_pane,1,18.0,8.0,28.0,314.3316105718456,2.5,22.954680893476933,21.601567329485434,25.104542246922346,3.5029749174369122,24,15.354769046165776,33.38443363950145,1.9351456310155966,0.0,tier1_rc_physics,0.0005161762237548828,False
summer_196,summer,6.9587133227786175,5.565056854664654,3.043234762985927,38.46477489730629,27.868702378017343,50.08169347948366,0.059206566712860696,0.0,cseb,cseb,cseb,rock_wool,double_pane,0,18.0,8.0,28.0,314.3316105718456,2.5,26.460954847649237,23.791003498559597,29.09690975225944,5.305906253699842,16,24.880273608654115,34.44085404369288,3.1308475379929006,0.0,tier1_rc_physics,0.0005640983581542969,False
summer_197,summer,5.1201165836840055,3.4315216313277634,2.4166890950743096,21.619063197541937,54.0660605957566,125.84282602868504,0.07636472809365574,11.788652482529907,timber,sandwich_panel,concrete,xps_foam,double_pane,1,18.0,8.0,28.0,314.3316105718456,2.5,27.28882966744602,23.99282157668888,30.59433200636667,6.601510429677791,13,8.105287131960102,16.28322550156041,1.2935771051900458,0.0,tier1_rc_physics,0.0005872249603271484,False
summer_198,summer,4.039895010030121,4.6906119464579294,3.047839889491783,36.066449732717786,175.62222022172793,95.41510001311364,0.2656056168818783,0.0,cseb,concrete,cseb,rock_wool,single_pane,0,18.0,8.0,28.0,314.3316105718456,2.5,27.95864218125639,23.112149399685915,32.75341932487519,9.641269925189274,12,29.23395455872376,33.70047691634541,3.223258825906109,0.0,tier1_rc_physics,0.0004477500915527344,False
summer_199,summer,6.684178441283179,5.325971203914924,3.3533854761346573,12.797800579096545,97.68484730315336,101.41226887671044,0.08988601376490438,27.122548048230076,cseb,concrete,brick,mineral_wool,double_pane,1,18.0,8.0,28.0,314.3316105718456,2.5,21.753743225586067,20.982787182190865,22.536799684060156,1.5540125018692912,24,10.438536361471302,25.859555000661842,2.1664121110111214,0.0,tier1_rc_physics,0.0003376007080078125,False
summer_200,summer,4.0014452469383,5.1885994459531055,2.881729929337364,24.777828918595358,65.2588461669506,1.361896318271717,0.05937472796617094,0.0,sandwich_panel,concrete,concrete,xps_foam,single_pane,0,18.0,8.0,28.0,314.3316105718456,2.5,23.517385775079294,18.0,29.512505937563873,11.512505937563873,19,17.354003586364392,16.400089621335372,1.1421236723170958,1.3320480450427572,tier1_rc_physics,0.000278472900390625,False
summer_201,summer,6.859500715834999,5.545674844067577,2.2682368494169713,42.033631337034436,83.53689039406251,137.3108409928881,0.1645256865770725,0.0,brick,brick,concrete,eps_foam,double_pane,0,18.0,8.0,28.0,314.3316105718456,2.5,25.484052160225243,23.160845334355706,27.778672938199158,4.617827603843452,24,16.503560263275652,24.261187779235485,2.9240687679792425,0.0,tier1_rc_physics,0.00025153160095214844,False
summer_202,summer,3.316594903738872,4.884288326379442,3.023358996319373,11.394203353525967,45.47520115577492,112.74054267875646,0.358221735807481,0.0,cseb,timber,brick,xps_foam,double_pane,0,18.0,8.0,28.0,314.3316105718456,2.5,47.43061830429434,37.74259888507589,57.22678358282505,19.484184697749157,0,52.9419831263448,67.68217750180149,9.670310414743494,0.0,tier1_rc_physics,0.00032258033752441406,False
summer_203,summer,5.793412755770685,3.442529241993701,3.121389979430239,0.42167453692865414,4.0827025035620474,43.7949756065425,0.3772740134127265,0.0,cseb,cseb,cseb,xps_foam,double_pane,0,18.0,8.0,28.0,314.3316105718456,2.5,54.04766978266798,41.167935644521584,67.12320402366788,25.955268379146297,0,92.77344977725978,113.8448255307239,15.58385437553165,0.0,tier1_rc_physics,0.0002474784851074219,False
summer_204,summer,5.739295793023866,4.043095980454845,3.123073722256678,41.18822348395486,72.35798735805052,33.5383265161371,0.1477131451484941,21.045030792282855,concrete,timber,brick,eps_foam,single_pane,1,18.0,8.0,28.0,314.3316105718456,2.5,23.92917628338599,21.887088703698357,26.611154246798087,4.72406554309973,24,19.801515028234146,29.27655565725453,2.013570757887038,0.0,tier1_rc_physics,0.0002772808074951172,False
summer_205,summer,4.587423781029698,4.549022120025546,3.2856376639086613,0.26991562930176694,60.488774836318505,31.76808594476856,0.23516233200790726,0.0,cseb,cseb,brick,xps_foam,double_pane,0,18.0,8.0,28.0,314.3316105718456,2.5,32.12593608436193,26.978317218078384,37.255998849219814,10.27768163114143,5,35.012078921891664,43.629697586603534,5.064726120565893,0.0,tier1_rc_physics,0.0002598762512207031,False
summer_206,summer,5.4182065851434915,4.651972793947117,2.7621805328853064,5.058879840946709,29.84716298992952,109.93248095197188,0.17256556857054567,0.9329920336404885,sandwich_panel,cseb,concrete,eps_foam,double_pane,1,18.0,8.0,28.0,314.3316105718456,2.5,43.51903313351762,34.0690961747635,53.09615435230541,19.02705817754191,0,38.27193431694396,48.64368947650463,7.961900644578096,0.0,tier1_rc_physics,0.0002796649932861328,False
summer_207,summer,6.729588508757569,4.1115332894949175,2.705270153688483,38.84473247833355,128.90283505785024,104.68037482982191,0.05608661051346633,16.79817760191855,sandwich_panel,concrete,concrete,eps_foam,single_pane,1,18.0,8.0,28.0,314.3316105718456,2.5,22.970696564166513,21.711263437036017,24.98816355517313,3.276900118137114,24,8.67419753427922,15.354267006590328,1.3884880457358675,0.0,tier1_rc_physics,0.00027632713317871094,False
summer_208,summer,6.301376740178898,4.121490028799478,3.331657016732402,10.165850827980115,104.36967840680995,57.066288230258714,0.10447656639980502,26.896847269804415,sandwich_panel,cseb,concrete,mineral_wool,double_pane,1,18.0,8.0,28.0,314.3316105718456,2.5,24.387550869757717,22.02032706609058,28.2250054676454,6.204678401554819,22,11.403949865847588,21.230971418187536,2.21538313141093,0.0,tier1_rc_physics,0.0002722740173339844,False
summer_209,summer,7.087333885271654,3.788717067414889,2.499949700463751,10.50922328115584,11.562975020552155,44.77938862575972,0.3628105421714564,2.9120903949879073,concrete,sandwich_panel,concrete,mineral_wool,single_pane,1,18.0,8.0,28.0,314.3316105718456,2.5,45.022516394936815,34.373488768424345,55.80043411560118,21.426945347176833,0,107.79074815397965,125.14869077238914,12.28469550242192,0.0,tier1_rc_physics,0.00026488304138183594,False
summer_210,summer,7.920920484536387,4.3917949405614145,3.0980861375993043,36.40682176859278,105.52929365945651,111.38083073531895,0.2465799792401896,22.91578717961782,sandwich_panel,timber,brick,eps_foam,double_pane,1,18.0,8.0,28.0,314.3316105718456,2.5,26.787499916324247,22.05228036874164,34.123549908079575,12.071269539337933,14,22.52225397838301,37.43036656244102,5.2487661413940465,0.0,tier1_rc_physics,0.0002703666687011719,False
summer_211,summer,5.706955927511425,5.316048981624521,2.4002568040137167,8.86302693744792,122.2519649679123,43.131738391149064,0.11687569950536413,45.57948491678678,concrete,concrete,brick,eps_foam,single_pane,1,18.0,8.0,28.0,314.3316105718456,2.5,20.984121015894953,20.39163564913974,21.583987731927312,1.192352082787572,24,12.004399674170285,22.655097696265116,1.321658698389889,0.0,tier1_rc_physics,0.00027942657470703125,False
summer_212,summer,4.413524496102097,3.242047677414173,3.4308372860956085,0.041724550164957984,106.24928400202455,124.00790736752602,0.29575594088005425,0.0,cseb,sandwich_panel,concrete,eps_foam,single_pane,0,18.0,8.0,28.0,314.3316105718456,2.5,29.358007881151796,24.078625988672645,34.594287192532946,10.5156612038603,10,31.064947766292082,35.80356529058406,3.3267078305213125,0.0,tier1_rc_physics,0.0002598762512207031,False
summer_213,summer,3.3254344543726986,3.5601337125313677,3.3045934994293003,29.638143762855414,37.87467657328366,64.35797434473675,0.36758090834092133,0.0,cseb,brick,concrete,xps_foam,single_pane,0,18.0,8.0,28.0,314.3316105718456,2.5,44.331584046197406,31.640202307099884,57.3155929554364,25.675390648336517,0,77.38987127828382,85.66048664503406,7.044608899779041,0.0,tier1_rc_physics,0.00025463104248046875,False
summer_214,summer,3.1503336910018307,4.631164701635763,3.004694278450129,8.284471032969321,125.79788607370003,24.696818579892234,0.25456510577020786,20.028400765152384,cseb,sandwich_panel,brick,xps_foam,single_pane,1,18.0,8.0,28.0,314.3316105718456,2.5,26.6513435230657,22.234189954077504,31.771674277096587,9.537484323019083,14,23.361803402195708,28.78437581542378,2.087101680438602,0.0,tier1_rc_physics,0.00028967857360839844,False
summer_215,summer,5.3495924859852995,3.687798421088477,2.7125816894874495,23.01547151445457,2.102636953079314,90.47239502164601,0.0752603448026283,1.1891499613482253,concrete,sandwich_panel,brick,rock_wool,double_pane,1,18.0,8.0,28.0,314.3316105718456,2.5,31.466590563727475,28.209618076756705,34.72789498763668,6.518276910879976,0,16.1314632567398,29.198067209011004,2.36867942971501,0.0,tier1_rc_physics,0.0002715587615966797,False
summer_216,summer,4.232818452716066,5.856035637646352,2.99757102408676,26.69236788981825,39.150176549373214,107.37119369190899,0.0734889563624874,0.0,timber,concrete,concrete,rock_wool,single_pane,0,18.0,8.0,28.0,314.3316105718456,2.5,31.22462637629717,27.3046814608912,35.13721527681327,7.832533815922073,4,22.855171608079225,31.372176660003966,3.221565094283176,0.0,tier1_rc_physics,0.00029158592224121094,False
summer_217,summer,5.218571580485694,5.077840752095687,2.453364398062453,18.93310950846378,85.05258015420301,50.88462684736639,0.24246828751091953,10.173580784337425,brick,sandwich_panel,cseb,eps_foam,single_pane,1,18.0,8.0,28.0,314.3316105718456,2.5,26.134655850362435,22.31520435362433,30.455733297367424,8.140528943743092,16,24.137350713158018,30.840701425514915,2.8545854654368,0.0,tier1_rc_physics,0.00027942657470703125,False
summer_218,summer,6.221499718665756,5.753644396459898,2.924776022868322,21.070258062195684,93.91431970734575,96.77523387943823,0.3945861542525458,37.96641083743461,concrete,brick,concrete,rock_wool,single_pane,1,18.0,8.0,28.0,314.3316105718456,2.5,25.3211091089554,22.096127418661393,30.001103803180317,7.904976384518925,18,40.39329245806085,60.442155314685984,5.766854017480698,0.0,tier1_rc_physics,0.0002644062042236328,False
summer_219,summer,7.901865688416419,3.7418824762878073,2.579818557683708,0.8132086054781213,63.51538362002999,7.013826876033201,0.33477995853109804,0.0,brick,sandwich_panel,concrete,eps_foam,single_pane,0,18.0,8.0,28.0,314.3316105718456,2.5,29.011559256229134,22.08401984216975,35.94246517065182,13.858445328482073,11,57.21219818039119,63.17679026063849,5.4138172591245315,0.0,tier1_rc_physics,0.0002467632293701172,False
summer_220,summer,3.9111306158716093,3.4083086529261717,2.3810823206249796,21.586499791343236,32.32793362193917,76.46434773290758,0.30317853975259434,0.0,cseb,concrete,concrete,mineral_wool,single_pane,0,18.0,8.0,28.0,314.3316105718456,2.5,42.27876263274586,32.65801830476844,51.9917886342724,19.333770329503963,0,51.97053238476064,58.93127152096963,4.666445112441742,0.0,tier1_rc_physics,0.000263214111328125,False
summer_221,summer,3.664457631984143,3.5717274540440926,2.3968189590607807,10.2338374193146,177.22145279533638,30.058912464835526,0.22892178788427453,0.0,cseb,cseb,concrete,xps_foam,double_pane,0,18.0,8.0,28.0,314.3316105718456,2.5,27.162543646144808,23.73626920879577,30.53821506119911,6.8019458524033425,13,13.904448830285064,17.2303077411182,1.4818128418763659,0.0,tier1_rc_physics,0.0002627372741699219,False
summer_222,summer,6.0047875051039785,5.145526072482079,3.143167056767413,9.229852132132468,58.09817153694086,15.601714135098653,0.07186251225510806,3.974411408943826,cseb,brick,cseb,rock_wool,double_pane,1,18.0,8.0,28.0,314.3316105718456,2.5,23.402848168319125,21.041653713260143,25.935973230712186,4.894319517452043,24,22.400045116330595,26.549914351844226,1.9886688872468024,0.0,tier1_rc_physics,0.00025963783264160156,False
summer_223,summer,3.495894129303613,5.981579298482277,2.28090246105241,20.447092519574117,102.08615422160655,140.9611276665375,0.13544080486062562,0.0,sandwich_panel,concrete,cseb,mineral_wool,single_pane,0,18.0,8.0,28.0,314.3316105718456,2.5,27.385955139621355,21.434233134249418,33.34463378267946,11.910400648430041,13,14.986593141397638,16.94666111673725,1.809809930345386,0.0,tier1_rc_physics,0.0002491474151611328,False
summer_224,summer,4.629722960596933,5.2931109854754705,3.3183908813014895,2.0557471186931404,87.25869971676941,87.85508294307526,0.07852000014998584,13.063022994890943,sandwich_panel,sandwich_panel,concrete,xps_foam,double_pane,1,18.0,8.0,28.0,314.3316105718456,2.5,26.403944947254363,22.695812242805463,30.675179903247134,7.979367660441671,15,10.5302485979866,17.907459421449907,2.2989107912302513,0.0,tier1_rc_physics,0.00025963783264160156,False
summer_225,summer,6.973161076853497,4.193764536303572,2.5157479875670576,7.845968929561992,168.19514978617187,147.65870593889156,0.39174691768847153,19.09219352626431,sandwich_panel,cseb,cseb,eps_foam,double_pane,1,18.0,8.0,28.0,314.3316105718456,2.5,28.339066783087315,21.997726981663003,36.95090357536006,14.953176593697055,12,25.408507201473125,38.18042863426959,5.459063834837003,0.0,tier1_rc_physics,0.00025081634521484375,False
summer_226,summer,6.443182747799238,4.949132885163568,2.948703072312447,32.483855605230296,38.55425621408515,142.38146896150766,0.35936529177152093,36.242366952376756,cseb,cseb,brick,xps_foam,double_pane,1,18.0,8.0,28.0,314.3316105718456,2.5,44.371919460338695,34.592300582505146,54.320809822979115,19.72850924047397,0,70.80697989652202,101.51386141260501,16.612619458294663,0.0,tier1_rc_physics,0.0002396106719970703,False
summer_227,summer,3.0206596385802564,5.995274440166631,2.4318368250231703,5.757042091593054,92.4432176351005,19.254093709293546,0.276883232872207,29.233000506078742,brick,timber,brick,xps_foam,single_pane,1,18.0,8.0,28.0,314.3316105718456,2.5,24.478077233491362,21.415768119102225,29.119797640636367,7.704029521534142,20,21.095249334895342,29.15912550256913,1.8028403252922358,0.0,tier1_rc_physics,0.00024175643920898438,False
summer_228,summer,7.287708081045038,3.559281496645138,3.4630986877664047,36.5277612616191,47.44698900945746,58.75324670978182,0.12178695937618995,3.006300001910883,timber,timber,cseb,mineral_wool,single_pane,1,18.0,8.0,28.0,314.3316105718456,2.5,33.41534622294553,27.52395518702531,39.31338520083317,11.789430013807856,3,40.71564305387437,49.787071098476694,5.354634492993153,0.0,tier1_rc_physics,0.0002543926239013672,False
summer_229,summer,6.775823725606653,5.118191155696779,2.9443933634678414,35.23572186924945,44.39965912244463,64.78402716949977,0.3664358836551521,24.044422259533363,timber,brick,cseb,eps_foam,double_pane,1,18.0,8.0,28.0,314.3316105718456,2.5,41.834955715462094,30.93426951396531,52.91719487410641,21.982925360141095,0,77.33379713035555,98.28854492561324,16.578409809306617,0.0,tier1_rc_physics,0.00026345252990722656,False
summer_230,summer,4.532797515203286,4.9643001709640595,2.264331439789875,19.208838557285294,152.8995810002135,115.18668039115127,0.39611938857747525,0.0,timber,brick,cseb,mineral_wool,single_pane,0,18.0,8.0,28.0,314.3316105718456,2.5,27.91699324155381,20.18033721760444,35.713179249438774,15.532842031834335,13,32.038288121234544,35.74427323877492,3.6319815828613087,0.0,tier1_rc_physics,0.00023508071899414062,False
summer_231,summer,6.676462356725599,5.672403569476936,2.9226670571235793,15.16413122206286,66.29987421041199,146.62195342614356,0.21584198144336525,15.1668618981742,brick,brick,cseb,xps_foam,single_pane,1,18.0,8.0,28.0,314.3316105718456,2.5,28.015022530135315,23.199551789347193,32.84644358053089,9.646891791183695,12,35.21005080057919,50.60525652351894,5.501829450936672,0.0,tier1_rc_physics,0.0002560615539550781,False
summer_232,summer,7.679600905573435,4.727131075864365,2.6582481232908286,22.76056930017603,91.45053315507637,114.50323873842707,0.2868446755650585,0.0,cseb,sandwich_panel,brick,mineral_wool,single_pane,0,18.0,8.0,28.0,314.3316105718456,2.5,27.312855531086445,22.689510598910587,31.887474259519294,9.197963660608707,13,37.21039688450668,44.015142457151754,5.2664417279749625,0.0,tier1_rc_physics,0.00024199485778808594,False
summer_233,summer,5.989349546495589,3.8114002945629837,3.4742906216800344,40.01942090590057,156.88287496263453,123.58358147266922,0.316812930910593,0.0,brick,brick,cseb,xps_foam,double_pane,0,18.0,8.0,28.0,314.3316105718456,2.5,31.4768638617041,26.439149873480456,36.494253884018434,10.055104010537978,6,32.408788197270354,42.26861921154,6.6390217928809045,0.0,tier1_rc_physics,0.00023865699768066406,False
summer_234,summer,3.600239648308133,5.860149533032791,2.8677402038200177,42.630232748275795,91.03852169956632,103.33957496296641,0.15086150335192766,15.073203770906332,brick,concrete,cseb,eps_foam,single_pane,1,18.0,8.0,28.0,314.3316105718456,2.5,25.733211249777792,22.593175577826166,29.28212791703001,6.688952339203844,17,17.10516512214494,25.24811242507334,2.0164527362651126,0.0,tier1_rc_physics,0.0002532005310058594,False
summer_235,summer,7.708241619677382,5.593633297200837,3.298897266901924,13.68762387640267,92.199870044113,81.33466150152682,0.20618490304445952,41.135214631661846,cseb,concrete,brick,rock_wool,double_pane,1,18.0,8.0,28.0,314.3316105718456,2.5,22.250470476804242,21.497689630174893,23.16820571605113,1.670516085876237,24,16.92915771855232,41.07282095812567,3.8352058048081172,0.0,tier1_rc_physics,0.0002410411834716797,False
summer_236,summer,3.802491318684644,5.765537176614195,3.2216792395916043,23.73609883499664,110.66761132450989,62.489421994288364,0.3156309116331072,45.970499764813106,brick,cseb,concrete,eps_foam,double_pane,1,18.0,8.0,28.0,314.3316105718456,2.5,26.020832320607685,22.43430907986263,30.81584386111157,8.381534781248941,15,20.539200824104476,38.1739096863186,3.569061952312325,0.0,tier1_rc_physics,0.00023889541625976562,False
summer_237,summer,4.839068785650286,5.687249689593697,3.3133852306234237,35.39175975162035,89.65096362122478,39.98913827214795,0.2625097425346746,11.474100480123788,sandwich_panel,timber,brick,eps_foam,double_pane,1,18.0,8.0,28.0,314.3316105718456,2.5,28.400950580959442,21.434555477553438,37.643856652972865,16.209301175419426,12,25.30047994735342,35.6695864591165,5.336009662039044,0.0,tier1_rc_physics,0.0002510547637939453,False
summer_238,summer,3.4732238944134095,3.6255531197198927,3.168747643407995,33.28923042864599,40.31834864987267,70.55347375762338,0.39065381388805176,0.0,timber,timber,brick,mineral_wool,double_pane,0,18.0,8.0,28.0,314.3316105718456,2.5,52.27431664890286,35.803067713652304,69.4259130349747,33.622845321322394,0,60.33378425010639,70.87898201975442,9.733780369767944,0.0,tier1_rc_physics,0.0002193450927734375,False
summer_239,summer,7.168268263520075,4.834505063871999,2.221016495160925,7.019581432108627,8.604008253457732,29.137591588876564,0.06680066872332341,0.0,cseb,timber,cseb,eps_foam,single_pane,0,18.0,8.0,28.0,314.3316105718456,2.5,27.366332776902894,24.279685589754994,30.421305402900334,6.14161981314534,13,24.540414715541317,31.575040501384052,2.3068504353580797,0.0,tier1_rc_physics,0.00021338462829589844,False
summer_240,summer,4.141765606605637,3.5069972808785748,3.4199319907234385,10.74605005595001,134.8653504643952,148.47701837532992,0.3505890854241741,0.0,sandwich_panel,brick,concrete,rock_wool,single_pane,0,18.0,8.0,28.0,314.3316105718456,2.5,30.25286228113266,18.0,44.6990024008619,26.6990024008619,11,37.28810288255197,38.975241524189755,4.041577156144697,2.3544385145069153,tier1_rc_physics,0.0006005764007568359,False
summer_241,summer,6.133026036618746,3.1956082148679408,3.2718759592603837,27.658439383623854,72.73401093846677,32.0947401421701,0.31166967654226074,38.98286705064254,cseb,sandwich_panel,concrete,rock_wool,double_pane,1,18.0,8.0,28.0,314.3316105718456,2.5,25.931423916585235,22.32555249839423,30.425702412651273,8.100149914257042,15,20.90656842851426,36.70523123060586,3.207707804229667,0.0,tier1_rc_physics,0.0006241798400878906,False
summer_242,summer,6.20874962593326,5.063965940425124,2.5759358804984926,4.643617227352984,151.66584580747437,129.77255279913368,0.1195170812944363,43.47055550311214,brick,timber,brick,eps_foam,single_pane,1,18.0,8.0,28.0,314.3316105718456,2.5,21.54533277289991,20.937481984145688,22.163828419725885,1.2263464355801972,24,9.743639486778095,24.139782609443994,1.5862299434680036,0.0,tier1_rc_physics,0.0004374980926513672,False
summer_243,summer,3.0695930742886084,3.8207431333126327,3.425460823950772,38.11056406266492,127.1892834244949,21.037518763646528,0.0652227497449056,0.0,sandwich_panel,timber,concrete,rock_wool,double_pane,0,18.0,8.0,28.0,314.3316105718456,2.5,29.839789216275232,24.287137713335415,35.38888304475636,11.101745331420947,10,10.124743302333412,12.019167424210824,1.5186584023642937,0.0,tier1_rc_physics,0.0003895759582519531,False
summer_244,summer,3.9539496783870542,5.090297984274302,2.4820744237184567,43.80439347582056,93.26980589658142,14.460921930057307,0.1563419126025608,0.0,concrete,concrete,brick,xps_foam,double_pane,0,18.0,8.0,28.0,314.3316105718456,2.5,23.5465389928366,20.401424571629793,26.599880542597262,6.198455970967469,24,18.704652091100957,19.612674149661117,1.3557817953183315,0.0,tier1_rc_physics,0.0003573894500732422,False
summer_245,summer,6.389754387596861,3.0458274639014133,3.488855351435075,31.776963033137083,164.5561379840603,67.96249134632423,0.21014858910511558,0.0,timber,timber,brick,xps_foam,double_pane,0,18.0,8.0,28.0,314.3316105718456,2.5,30.778015831778664,25.737483191158137,35.79749811695402,10.06001492579588,7,23.959207585999934,30.161318963709554,4.278621382506143,0.0,tier1_rc_physics,0.0003581047058105469,False
summer_246,summer,3.8254588553739253,4.71490169633943,2.415313738150671,26.85458121244116,7.3601253152642725,41.31550572334983,0.3297960580493948,49.96340340129966,timber,timber,brick,rock_wool,double_pane,1,18.0,8.0,28.0,314.3316105718456,2.5,51.63918023092405,37.250856745621974,66.39958770329743,29.148730957675454,0,58.3944097013757,71.3821567838442,9.333200830160067,0.0,tier1_rc_physics,0.0005109310150146484,False
summer_247,summer,3.4089346285648325,5.620574315996857,2.981152032501703,2.817713437773128,123.68426331994866,84.31089973849517,0.18200632412012208,0.0,cseb,timber,cseb,mineral_wool,double_pane,0,18.0,8.0,28.0,314.3316105718456,2.5,27.98372313318409,24.86487341163685,31.070360058860732,6.205486647223882,12,16.76337668084259,23.550555073905883,2.611162606595596,0.0,tier1_rc_physics,0.00037932395935058594,False
summer_248,summer,6.989688989801062,4.510733295119187,3.472882459293693,6.3460610114121225,124.20761242802571,49.9247008563785,0.13156353066084925,14.220967467925865,cseb,brick,concrete,eps_foam,single_pane,1,18.0,8.0,28.0,314.3316105718456,2.5,24.06071575992375,21.903020207336564,26.69716392112873,4.794143713792167,24,22.35737145928645,33.418849892908376,2.9249373574422686,0.0,tier1_rc_physics,0.000400543212890625,False
summer_249,summer,4.427671067537516,5.739287555226334,3.450273675655838,8.586934398053407,112.02892655975089,56.33247656124743,0.14118001736591188,0.0,timber,concrete,cseb,rock_wool,single_pane,0,18.0,8.0,28.0,314.3316105718456,2.5,26.734539779162372,22.46111891049686,30.951981937061955,8.490863026565094,14,24.97165990554356,29.296826618380816,3.157807907136397,0.0,tier1_rc_physics,0.0003592967987060547,False
summer_250,summer,6.835954467186559,4.165536105078563,2.3172037742999065,1.4023808115423395,67.13046068080844,68.5574535058866,0.2990958572773641,0.0,sandwich_panel,sandwich_panel,brick,xps_foam,double_pane,0,18.0,8.0,28.0,314.3316105718456,2.5,33.09940587980244,24.125518287590953,42.285581889816264,18.16006360222531,7,28.905298185494477,35.12672150759866,5.993731250297296,0.0,tier1_rc_physics,0.0003504753112792969,False
summer_251,summer,7.647455164435977,4.493124660648901,2.468461385804172,21.25701093526293,34.71612744571808,11.779461285191358,0.08684992059933991,0.0,concrete,cseb,brick,xps_foam,single_pane,0,18.0,8.0,28.0,314.3316105718456,2.5,25.540040004907194,21.923933337667087,29.08564964904964,7.161716311382552,18,34.937471325891835,39.242668670555375,2.2763433986457797,0.0,tier1_rc_physics,0.0002186298370361328,False
summer_252,summer,6.162006061181624,3.5996795641062183,2.4573376602050145,21.99394229956765,107.60919900075596,8.945666514597866,0.3871505930854903,42.79195095868579,cseb,sandwich_panel,brick,xps_foam,single_pane,1,18.0,8.0,28.0,314.3316105718456,2.5,24.93925203627245,21.827258992882367,30.298329258071984,8.471070265189617,18,30.08627873625412,39.728360116234946,2.8877423303785323,0.0,tier1_rc_physics,0.0002193450927734375,False
summer_253,summer,3.6257242112834325,4.076059280258315,3.4661553555938154,34.59332435337108,27.281735292238153,65.7032422037789,0.3194745300430799,17.747477770525634,brick,concrete,brick,rock_wool,single_pane,1,18.0,8.0,28.0,314.3316105718456,2.5,45.29314026434927,31.287760414320733,59.77154951490577,28.48378910058504,0,89.55924813561343,99.71463079398009,8.74968247304572,0.0,tier1_rc_physics,0.00020432472229003906,False
summer_254,summer,7.527586145676686,5.745787198723168,2.5895654212731873,12.182576915152703,126.03455744951488,36.9888655896852,0.12979839844338675,3.706025988785274,concrete,timber,concrete,xps_foam,single_pane,1,18.0,8.0,28.0,314.3316105718456,2.5,23.64460519325353,21.63400954284359,25.805050806112124,4.171041263268535,24,22.01786278893721,30.822394197665172,2.8453487848743735,0.0,tier1_rc_physics,0.00021123886108398438,False
summer_255,summer,5.4952532068558355,3.932124444151368,3.1332597947800127,40.51062560515934,75.01139711318774,141.97882694300066,0.23614757261213515,0.0,sandwich_panel,brick,concrete,xps_foam,double_pane,0,18.0,8.0,28.0,314.3316105718456,2.5,31.447249685474407,24.359691346450383,38.570865222532824,14.21117387608244,8,22.95247393190785,28.182353786720103,4.783671048220129,0.0,tier1_rc_physics,0.00020599365234375,False
summer_256,summer,6.580887612779873,3.3366371416957263,2.902053527726389,4.34756543154863,2.7284952410853696,22.0786726891409,0.1791221151934942,0.0,concrete,concrete,brick,eps_foam,double_pane,0,18.0,8.0,28.0,314.3316105718456,2.5,35.117275071086134,29.302468141716226,40.933745916773496,11.63127777505727,0,51.35451357674623,62.08702996892969,4.967515767481184,0.0,tier1_rc_physics,0.00024008750915527344,False
summer_257,summer,6.367032570903534,5.165251231635243,2.290432674314032,23.992241776250037,109.83275005653603,3.367095293362467,0.37841192544234137,44.651549705651675,brick,brick,brick,xps_foam,single_pane,1,18.0,8.0,28.0,314.3316105718456,2.5,22.53391910603615,21.17735923954606,25.410150013933972,4.232790774387912,24,37.55321184768198,43.62579929057877,3.031328149035008,0.0,tier1_rc_physics,0.000232696533203125,False
summer_258,summer,7.192939081324157,4.860698944807499,3.0211562103609326,40.35432972722965,156.4446986176576,34.74772738014803,0.10499721407622245,0.0,brick,cseb,concrete,rock_wool,single_pane,0,18.0,8.0,28.0,314.3316105718456,2.5,23.94974117414429,21.177592607356022,26.646763556270788,5.4691709489147655,24,24.635619315325286,28.598053488127906,2.564099954232441,0.0,tier1_rc_physics,0.00020742416381835938,False
summer_259,summer,6.56200854377383,3.991445246365821,3.1819771456348853,18.070391506340965,60.61408376015092,17.406758352622067,0.25264836592382645,29.66148839998836,timber,sandwich_panel,concrete,eps_foam,single_pane,1,18.0,8.0,28.0,314.3316105718456,2.5,30.97107975044959,23.31320438357312,38.737173242751176,15.423968859178057,9,47.180594944595455,59.716218333349765,5.854876341694104,0.0,tier1_rc_physics,0.0002067089080810547,False
summer_260,summer,4.276802704834832,3.2979981656941515,2.7213865152798995,36.27280178118512,121.39511234855648,25.368262285905345,0.17675224586019195,0.0,concrete,timber,concrete,rock_wool,double_pane,0,18.0,8.0,28.0,314.3316105718456,2.5,25.86575893470163,22.97274842439246,28.700422686411603,5.727674262019143,18,15.142629288650337,19.041447481371716,1.399236366425433,0.0,tier1_rc_physics,0.00020456314086914062,False
summer_261,summer,6.188054137497273,5.135334907368616,3.3771010381049718,9.922106592144083,164.0568296246153,120.393084589361,0.22628322684216573,49.27622495066106,sandwich_panel,timber,cseb,xps_foam,double_pane,1,18.0,8.0,28.0,314.3316105718456,2.5,23.009163786041956,21.702485455067148,26.04881860008641,4.346333145019262,24,12.691785713266858,35.502906907880444,3.367449254110721,0.0,tier1_rc_physics,0.00021648406982421875,False
summer_262,summer,4.366017010374378,4.505053997760255,3.2264629350974228,19.16423003344264,97.95173347638756,16.93462409331184,0.1633918984049203,21.17718211864484,cseb,brick,cseb,xps_foam,single_pane,1,18.0,8.0,28.0,314.3316105718456,2.5,24.001847989184636,21.689478965743014,27.125743708853985,5.436264743110971,24,21.95701487390388,26.869987916756433,1.8633740279815079,0.0,tier1_rc_physics,0.00021004676818847656,False
summer_263,summer,5.389891131659867,4.402896408079772,2.7775744580237345,33.75107880640943,6.995077042679026,0.41857172437864876,0.39822763822593327,0.0,cseb,sandwich_panel,cseb,mineral_wool,double_pane,0,18.0,8.0,28.0,314.3316105718456,2.5,44.66179522286916,31.97759742114518,57.661441426767624,25.683844005622444,0,97.90157980481801,112.23053398815941,12.666174457725786,0.0,tier1_rc_physics,0.00019931793212890625,False
summer_264,summer,3.997034791861731,4.323868905810059,3.3309387928216005,32.71084973963187,5.841255433307243,120.98021989580491,0.28670704231827937,0.0,cseb,brick,concrete,xps_foam,single_pane,0,18.0,8.0,28.0,314.3316105718456,2.5,48.673020541309654,37.647511827442685,59.8330739769722,22.185562149529517,0,87.93413498606289,103.62168744084337,10.33725949128691,0.0,tier1_rc_physics,0.0001971721649169922,False
summer_265,summer,7.978768230523232,4.619671900005023,3.36445612914716,0.7210587395259777,104.77282744353928,99.80741613132201,0.12893782430262998,41.44534601941155,brick,concrete,brick,mineral_wool,double_pane,1,18.0,8.0,28.0,314.3316105718456,2.5,21.965956556553053,21.260929181987674,22.68369857330032,1.4227693913126451,24,12.37811144599106,32.791736592950336,2.622283785144264,0.0,tier1_rc_physics,0.0002276897430419922,False
summer_266,summer,7.381837812037646,5.4997479505287385,2.2857908380326553,22.836502585887505,34.805514140669324,134.53573691247132,0.32124507741853925,0.0,sandwich_panel,concrete,cseb,xps_foam,single_pane,0,18.0,8.0,28.0,314.3316105718456,2.5,40.73954204844602,25.91786395761356,56.36653020317587,30.44866624556231,4,87.05348085447744,100.53110132368985,13.262480424018745,0.0,tier1_rc_physics,0.00020456314086914062,False
summer_267,summer,7.578090307182736,3.4722606056136236,2.309352721018959,11.723359146362633,59.462697253681874,127.28282537588736,0.09810531183720828,46.69893354520068,timber,brick,concrete,mineral_wool,double_pane,1,18.0,8.0,28.0,314.3316105718456,2.5,21.840954172961816,21.25731421735316,22.43532261535882,1.1780083980056624,24,6.517971882191156,21.156706746372826,1.1493655665027405,0.0,tier1_rc_physics,0.00021338462829589844,False
summer_268,summer,5.061525672958371,3.0907075775599386,2.3859245201552284,24.150859623125505,6.137945569104679,12.453364547337838,0.14490106541054418,0.0,concrete,sandwich_panel,cseb,eps_foam,single_pane,0,18.0,8.0,28.0,314.3316105718456,2.5,32.86636408984072,27.323490137028827,38.39375439505763,11.0702642580288,3,36.617391428969384,41.97990488185392,2.300372122431259,0.0,tier1_rc_physics,0.0002052783966064453,False
summer_269,summer,3.5038302175092637,3.2220077707834096,2.5657228889032706,16.071470941212517,109.7412700318711,77.8620380789796,0.3551834595581419,0.0,concrete,timber,concrete,mineral_wool,single_pane,0,18.0,8.0,28.0,314.3316105718456,2.5,28.82538402134467,23.421220440350577,34.18476698643525,10.763546546084672,10,24.710143854907063,27.651091828797746,2.0958522676363165,0.0,tier1_rc_physics,0.00020432472229003906,False
summer_270,summer,7.025863065207147,3.127347865438874,2.297964814947559,14.186234605201156,28.87235295990739,63.36482951473618,0.07229063301649769,0.0,brick,concrete,cseb,mineral_wool,single_pane,0,18.0,8.0,28.0,314.3316105718456,2.5,29.730653708074254,26.085178012163254,33.355528211911405,7.270350199748151,8,21.326626980029506,27.625349898085087,1.9339212849429799,0.0,tier1_rc_physics,0.0002002716064453125,False
summer_271,summer,3.7112032046551002,4.774974879506649,3.0171897790924276,31.31139415304173,176.69839240512235,47.92409913346059,0.20242274839980656,5.239034963437652,sandwich_panel,timber,brick,mineral_wool,double_pane,1,18.0,8.0,28.0,314.3316105718456,2.5,29.775954842285724,21.816149261576008,38.93965292269836,17.12350366112235,11,17.384413746463856,22.18153266983764,3.0545992800994988,0.0,tier1_rc_physics,0.00021338462829589844,False
summer_272,summer,7.659776529260169,4.991760876389492,3.4858875390333477,44.40453426317535,151.92916678748918,137.51620348700126,0.21235550735269798,0.0,concrete,concrete,concrete,eps_foam,single_pane,0,18.0,8.0,28.0,314.3316105718456,2.5,27.087671357134166,23.833900183410883,30.292518366099696,6.458618182688813,13,38.56767287569647,50.94590345395865,6.00519141041827,0.0,tier1_rc_physics,0.0002048015594482422,False
summer_273,summer,6.257892331822749,3.968300214788042,2.7727876814719488,41.76237567762251,79.64193041138586,38.035200513996415,0.32053228293780006,0.0,sandwich_panel,brick,cseb,xps_foam,double_pane,0,18.0,8.0,28.0,314.3316105718456,2.5,29.458654346368068,20.199624880933058,39.00378098964975,18.80415610871669,11,28.295785086422107,33.28080345974106,4.9526158767755275,0.0,tier1_rc_physics,0.00020051002502441406,False
summer_274,summer,7.3546493240888875,5.479411514626675,2.8474092905227733,18.777614817680533,139.75948361134917,86.74387851444669,0.1861983499588265,39.889512591410515,cseb,cseb,brick,mineral_wool,double_pane,1,18.0,8.0,28.0,314.3316105718456,2.5,21.783235546322846,21.105221372381575,22.47164655802801,1.3664251856464347,24,13.261206405296198,32.358937337213234,2.7918227723170905,0.0,tier1_rc_physics,0.0002257823944091797,False
summer_275,summer,3.864688710548686,5.210629485693294,2.4257895094792365,17.072103837018645,26.206040469380934,102.20618251267348,0.17166226060726006,0.0,cseb,concrete,concrete,eps_foam,double_pane,0,18.0,8.0,28.0,314.3316105718456,2.5,37.582398524732255,32.60208657452161,42.590200208974515,9.988113634452908,0,26.765595730368087,40.81905512203586,4.255551925124058,0.0,tier1_rc_physics,0.0003604888916015625,False
summer_276,summer,5.647395144633984,4.758958485061971,2.2260010168733713,42.98169718178348,18.076480950510902,71.75881199768544,0.3825905827550297,42.15204010287141,sandwich_panel,sandwich_panel,concrete,eps_foam,single_pane,1,18.0,8.0,28.0,314.3316105718456,2.5,46.77128848020462,28.168640027979723,66.48307239018541,38.31443236220569,0,92.94404643835824,106.54915145467517,12.076511249590876,0.0,tier1_rc_physics,0.00022172927856445312,False
summer_277,summer,5.098099680144424,4.010703678122757,2.7462275301381394,31.602792382880192,53.186901067803674,69.27377488258261,0.2431811447065882,16.468325797340068,cseb,brick,concrete,rock_wool,single_pane,1,18.0,8.0,28.0,314.3316105718456,2.5,32.68561995410542,26.42466578755293,38.979520458745405,12.554854671192476,5,40.97054613714426,51.85215985371732,4.3790764558261674,0.0,tier1_rc_physics,0.0002086162567138672,False
summer_278,summer,4.435027076934343,4.847466923992943,2.3052771528922635,7.639926648339754,46.17674920108294,18.67313476371154,0.0519378148328312,0.0,brick,sandwich_panel,concrete,xps_foam,double_pane,0,18.0,8.0,28.0,314.3316105718456,2.5,25.11590067944117,22.72075753914165,27.467717207661444,4.746959668519793,24,12.712538920359881,16.73013941559979,1.1191488484254715,0.0,tier1_rc_physics,0.0002396106719970703,False
summer_279,summer,7.865099646630519,5.150501486200842,3.2410897706434634,39.16855991504614,157.71811766757327,99.33991951555356,0.31323693180842593,48.2438045586122,timber,sandwich_panel,brick,mineral_wool,double_pane,1,18.0,8.0,28.0,314.3316105718456,2.5,24.94569133684182,22.25146293387669,29.48152335435226,7.230060420475567,18,23.728150522806132,49.80471712030043,6.032376598514008,0.0,tier1_rc_physics,0.00022912025451660156,False
summer_280,summer,7.89505219190821,4.649393692578106,3.247068193683471,23.66181760280591,75.96844722512206,98.90152022868998,0.2211944542296745,0.0,sandwich_panel,sandwich_panel,concrete,rock_wool,double_pane,0,18.0,8.0,28.0,314.3316105718456,2.5,29.87538022513118,24.15737840048705,35.59434725844739,11.436968857960341,10,29.07198683164714,37.277455857377724,7.177982685463048,0.0,tier1_rc_physics,0.00021195411682128906,False
summer_281,summer,5.6268641027570325,4.376546166068305,3.3416864089248697,28.08422091887341,115.57267922619123,134.2062402537221,0.07920609693707047,1.413003314313658,timber,sandwich_panel,concrete,rock_wool,double_pane,1,18.0,8.0,28.0,314.3316105718456,2.5,26.649877459177123,24.11096337075488,29.171638935719127,5.060675564964246,15,11.906683094608852,19.40033445079471,2.3947497787311582,0.0,tier1_rc_physics,0.0002219676971435547,False
summer_282,summer,7.068170040391374,4.252063273757436,3.0924122190461825,19.885635169279613,148.38100895527884,27.506644043775903,0.36913189432697824,0.0,cseb,brick,cseb,xps_foam,single_pane,0,18.0,8.0,28.0,314.3316105718456,2.5,26.829413861378992,20.37117444857906,33.27404737093531,12.902872922356249,13,50.05693534459153,55.95568091059893,5.644726370888966,0.0,tier1_rc_physics,0.0003275871276855469,False
summer_283,summer,4.090633180421452,3.4687343620787603,2.5564100819054563,32.92384845038074,114.16594117897364,103.56531908656075,0.3047662273133101,25.8979267784578,timber,brick,cseb,mineral_wool,double_pane,1,18.0,8.0,28.0,314.3316105718456,2.5,29.0722237870926,22.964197187067608,35.38401582628439,12.419818639216782,11,15.816530542540864,22.39569301811837,2.4187865089234784,0.0,tier1_rc_physics,0.00035762786865234375,False
summer_284,summer,5.3040904950760055,3.481575449985473,2.5342341002594666,26.094535470647568,37.46628582192133,144.39186534510122,0.1598295964607546,47.058600385799444,concrete,sandwich_panel,brick,xps_foam,single_pane,1,18.0,8.0,28.0,314.3316105718456,2.5,33.08252463603885,27.39980476069044,38.814122968463884,11.414318207773444,4,24.411511653853356,43.26542168677721,3.0160358331727837,0.0,tier1_rc_physics,0.00037169456481933594,False
summer_285,summer,6.7929962920161255,4.978118957718786,2.7878642309543475,33.34443334581897,173.27738427287304,29.953208527330812,0.26946396644873455,0.3726316084033139,timber,cseb,cseb,xps_foam,single_pane,1,18.0,8.0,28.0,314.3316105718456,2.5,26.164227379417934,20.402547799467175,31.99718832423627,11.594640524769094,15,36.27588086520692,41.06341660915564,4.412575688047802,0.0,tier1_rc_physics,0.0003917217254638672,False
summer_286,summer,7.7966700844890315,5.2770768845657,2.477454362565766,39.493772326986125,128.0336867974717,144.84618575728794,0.20015102066513907,0.0,concrete,cseb,cseb,eps_foam,single_pane,0,18.0,8.0,28.0,314.3316105718456,2.5,26.087624331356242,23.138150258244398,28.990624573711333,5.852474315466935,18,27.742067894698124,36.178505705013194,4.030669296815121,0.0,tier1_rc_physics,0.0003380775451660156,False
summer_287,summer,7.237858635551634,3.3295682477494313,2.7026456182029652,25.840575736820853,53.430675745710516,136.12174847613633,0.32478308644427156,39.085659125073185,brick,cseb,brick,eps_foam,double_pane,1,18.0,8.0,28.0,314.3316105718456,2.5,37.609338801764615,29.208989045341323,46.16993896829688,16.96094992295556,0,41.80627831247585,62.92774919065976,7.993167619015162,0.0,tier1_rc_physics,0.0003676414489746094,False
summer_288,summer,5.326064392955848,4.266753563328897,2.6397392384051948,1.7353273564288327,12.241099271975536,53.55093995974945,0.17017248901312224,0.0,cseb,timber,cseb,xps_foam,single_pane,0,18.0,8.0,28.0,314.3316105718456,2.5,38.72967259205,32.21998590695859,45.272059861543916,13.052073954585325,0,47.578591363734155,59.54970556690467,5.526896988193951,0.0,tier1_rc_physics,0.00039839744567871094,False
summer_289,summer,5.960255275455644,3.418192938042332,3.1604741446129894,8.056879047217736,35.89527772102392,20.617961973289354,0.2477543298000326,48.01345906963046,timber,brick,brick,mineral_wool,double_pane,1,18.0,8.0,28.0,314.3316105718456,2.5,39.43442144421531,28.639480685103184,50.45799615649159,21.818515471388405,0,53.31738041135473,66.75218955774477,7.407194526690467,0.0,tier1_rc_physics,0.00036907196044921875,False
summer_290,summer,5.89945679261255,3.10933021986868,3.1299191478073016,44.237958401939395,101.2423622421511,68.0069851284617,0.2084228804579346,36.466980376431316,cseb,brick,concrete,mineral_wool,double_pane,1,18.0,8.0,28.0,314.3316105718456,2.5,24.04034869036127,22.011787868156354,26.915718856667578,4.903930988511224,24,13.029823730899592,26.551478472957626,1.8914530156417555,0.0,tier1_rc_physics,0.0003914833068847656,False
summer_291,summer,3.590439322186738,5.795020017092069,2.3578181007121213,40.89348970826872,115.90394258406303,125.43070972427877,0.1591668752465183,0.0,sandwich_panel,sandwich_panel,brick,xps_foam,double_pane,0,18.0,8.0,28.0,314.3316105718456,2.5,29.91645472319065,23.868066430253403,35.992594043971664,12.12452761371826,10,13.820481701532497,16.679586049608606,2.5289409702589136,0.0,tier1_rc_physics,0.0003838539123535156,False
summer_292,summer,3.0521960593286184,5.3063042839364325,3.4065397690705934,27.589629008248913,25.0978085471329,130.96543091876694,0.3419841389593351,46.61865667187964,concrete,sandwich_panel,brick,mineral_wool,double_pane,1,18.0,8.0,28.0,314.3316105718456,2.5,52.62617991465078,41.91412525039104,63.50894530885706,21.59482005846602,0,67.63397511713951,95.66815778446622,12.402086395459433,0.0,tier1_rc_physics,0.00038170814514160156,False
summer_293,summer,5.587937578496803,3.7193360172095673,2.334928959531564,30.92467047028334,31.14664275416983,24.488121746771405,0.15610099638485436,0.0,timber,concrete,cseb,mineral_wool,single_pane,0,18.0,8.0,28.0,314.3316105718456,2.5,33.23548714722315,25.850472562673524,40.65078321296393,14.800310650290406,6,37.857606242710865,41.96186744316972,3.1707806444354807,0.0,tier1_rc_physics,0.0003695487976074219,False
summer_294,summer,4.829421608515802,4.934517266821418,2.56215294178622,43.08067117106571,74.7066610191176,44.249669579669366,0.3381793927372501,0.0,concrete,cseb,cseb,mineral_wool,single_pane,0,18.0,8.0,28.0,314.3316105718456,2.5,26.632136941642006,21.450440362083004,31.759467638354465,10.309027276271461,14,34.68888528137436,38.75362807261973,3.436196472079862,0.0,tier1_rc_physics,0.0003719329833984375,False
summer_295,summer,7.152821601020901,4.859482502543962,2.9649301886651838,3.6170497764100467,39.80087162063753,52.65739269031693,0.33785946317070076,0.0,timber,timber,cseb,xps_foam,single_pane,0,18.0,8.0,28.0,314.3316105718456,2.5,40.42636386465767,27.68076500597374,53.65749902058866,25.97673401461492,2,104.77648135093474,120.48192667377178,14.98459699257505,0.0,tier1_rc_physics,0.00054168701171875,False
summer_296,summer,7.1272236489416825,5.17478556789842,3.3679970123027108,30.85096524721845,179.81671163257727,110.37457355417246,0.1627407782119678,19.64167642034432,cseb,concrete,cseb,xps_foam,single_pane,1,18.0,8.0,28.0,314.3316105718456,2.5,24.270826092290957,21.979565846986812,27.226007763465134,5.246441916478322,24,22.547438239867223,38.81017901630803,3.713220050353867,0.0,tier1_rc_physics,0.0005867481231689453,False
summer_297,summer,5.83546492829994,5.193978806081665,2.91875359215576,16.695921099868652,132.6914001192012,45.88123216397387,0.33332429930660656,0.0,cseb,sandwich_panel,concrete,xps_foam,double_pane,0,18.0,8.0,28.0,314.3316105718456,2.5,28.820997639508608,24.795734897136857,32.809418173807,8.013683276670147,10,30.614783150606375,40.47540517166668,6.132989210153091,0.0,tier1_rc_physics,0.0005393028259277344,False
summer_298,summer,4.132545827685725,4.452377486516965,3.153388859227819,3.8932679516285584,114.75115742455208,37.964068917079516,0.28964251170427907,4.873987452928627,timber,timber,concrete,eps_foam,double_pane,1,18.0,8.0,28.0,314.3316105718456,2.5,29.929174835403085,24.54302164786064,35.303697848687825,10.760676200827184,10,24.066961723086383,30.323315557950338,4.071540886687864,0.0,tier1_rc_physics,0.00042057037353515625,False
summer_299,summer,3.577346593378871,5.339890652788894,3.02942084614079,20.551313305778994,24.445429546296904,9.905254361406392,0.39402208645845427,49.07412406334999,concrete,brick,cseb,rock_wool,double_pane,1,18.0,8.0,28.0,314.3316105718456,2.5,40.32389871639696,28.857377445049966,52.01230241533806,23.154924970288096,0,90.64515571824833,103.05789992081777,9.234721134828288,0.0,tier1_rc_physics,0.0003800392150878906,False
