sample_id,climate_scenario,length,width,wall_height,roof_angle,orientation_deg,wall_material,roof_material,floor_material,insulation_material,insulation_thickness_mm,window_ratio,pcm_present,pcm_thickness_mm,glazing_type,T_amb_mean,T_amb_min,T_amb_max,solar_radiation_mean,wind_speed_mean,indoor_temp_mean,indoor_temp_min,indoor_temp_max,indoor_temp_swing,comfort_hours,total_heat_loss_kWh,total_solar_gain_kWh,heating_energy_required_kWh,fidelity_tier,simulation_time_sec,ansys_validation_candidate
winter_0,winter,4.687100732524067,5.945611215602479,2.9286127423470507,38.2953947956411,32.943493591267405,brick,timber,brick,xps_foam,139.01218882418164,0.2194453370143446,0,0.0,single_pane,-10.0,-18.0,-2.0,144.69013887796973,3.5,19.80418866858865,18.0,26.37117094569143,8.371170945691428,24,77.05875507603035,36.926105486810506,85.8237212856577,tier1_rc,0.00024771690368652344,True
winter_1,winter,3.447864772788741,3.3654961406210444,2.9697265418949925,5.56098525167271,117.21368092795159,sandwich_panel,concrete,concrete,mineral_wool,114.08861919336458,0.2886493501013681,0,0.0,double_pane,-10.0,-18.0,-2.0,144.69013887796973,3.5,18.191890406547284,18.0,19.323854356288443,1.323854356288443,24,30.988224191198206,10.158938786941961,46.17152367496727,tier1_rc,0.00015211105346679688,False
winter_2,winter,3.1074235868830695,5.229361827438958,2.5820802649213657,39.055250340131686,178.94514735594876,timber,timber,brick,eps_foam,79.32273701593508,0.10020085230487262,1,12.351146479779635,double_pane,-10.0,-18.0,-2.0,144.69013887796973,3.5,18.0,18.0,18.0,0.0,24,24.66921011936208,6.284210864183275,42.1606755115952,tier1_rc,0.0001571178436279297,False
winter_3,winter,4.703693608382104,4.1580536129214805,3.2596442089838495,34.04342943513191,133.70742630475948,cseb,brick,cseb,rock_wool,62.658475523378776,0.16113111081810755,0,0.0,double_pane,-10.0,-18.0,-2.0,144.69013887796973,3.5,18.0,18.0,18.0,0.0,24,47.13667451866379,10.931562455185404,70.53159577696111,tier1_rc,0.00013256072998046875,False
winter_4,winter,3.1279029106976974,5.356295402939651,3.012631924817805,27.87157929613736,86.32204709679873,cseb,cseb,brick,eps_foam,5.762147536887033,0.23990193909277402,1,5.055031000886248,single_pane,-10.0,-18.0,-2.0,144.69013887796973,3.5,18.0,18.0,18.0,0.0,24,108.14588805242187,13.931292590608333,121.77388610694057,tier1_rc,0.00014019012451171875,False
winter_5,winter,7.592714134685462,3.521673218039422,3.3582988512246565,38.05314500379269,119.50064411916289,cseb,sandwich_panel,cseb,xps_foam,118.5976178212516,0.20471460855779816,0,0.0,double_pane,-10.0,-18.0,-2.0,144.69013887796973,3.5,18.075083310801386,18.0,18.64522739066657,0.6452273906665695,24,50.227750098790544,16.017735037555976,82.76899368488989,tier1_rc,0.00020241737365722656,True
winter_6,winter,5.188625074933751,5.958602475163907,3.204467064455941,25.048895659537347,135.72784537349872,timber,concrete,concrete,rock_wool,26.667574571703984,0.09584397372493594,0,0.0,single_pane,-10.0,-18.0,-2.0,144.69013887796973,3.5,18.0,18.0,18.0,0.0,24,79.34109864204302,11.314338278560507,130.49844969964124,tier1_rc,0.00017452239990234375,False
winter_7,winter,7.775684737074361,3.214312588040471,3.2913942130081137,29.082820488969606,4.3989582229257165,sandwich_panel,timber,concrete,xps_foam,132.76445189692842,0.10884055787577196,1,12.705833523763996,single_pane,-10.0,-18.0,-2.0,144.69013887796973,3.5,18.810676900725785,18.0,20.593900006903397,2.5939000069033966,24,48.59459528579441,26.847348677916102,71.2955139205418,tier1_rc,0.0001766681671142578,False
winter_8,winter,6.50608802799999,4.91446420599342,2.80424343563677,12.704407485290607,80.38150929925924,cseb,brick,cseb,mineral_wool,10.781641305383818,0.05441631788171055,0,0.0,double_pane,-10.0,-18.0,-2.0,144.69013887796973,3.5,18.0,18.0,18.0,0.0,24,102.20297265156687,8.144020565933738,145.24648804378225,tier1_rc,0.00016951560974121094,False
winter_9,winter,3.3357766154455306,4.4176606051413465,3.3090806881193475,5.957792416196701,64.02384374533999,timber,cseb,concrete,rock_wool,17.66904174263655,0.19285012915560185,0,0.0,single_pane,-10.0,-18.0,-2.0,144.69013887796973,3.5,18.00450466470953,18.0,18.054153437788045,0.05415343778804527,24,65.7050365086957,15.636648701987234,81.53490052915274,tier1_rc,0.0002219676971435547,False
winter_10,winter,7.555594774327877,4.595936131385599,2.668805911666447,1.0249540620138444,56.986372756119685,timber,brick,brick,eps_foam,32.95497606961218,0.3314905807576375,1,33.423020461624766,double_pane,-10.0,-18.0,-2.0,144.69013887796973,3.5,18.55223295082443,18.0,19.853059996099727,1.8530599960997272,24,82.71132800912085,30.20538500479311,98.80835613772541,tier1_rc,0.0002512931823730469,False
winter_11,winter,6.947312137016107,3.2849895522489665,2.5546733142215765,20.74555194373834,54.932306234655584,cseb,cseb,cseb,rock_wool,138.30948938695175,0.3541482358959942,0,0.0,single_pane,-10.0,-18.0,-2.0,144.69013887796973,3.5,18.868258242577785,18.0,22.861685159766328,4.861685159766328,24,89.6149756345971,32.77645780338267,98.82619356134103,tier1_rc,0.0001499652862548828,False
winter_12,winter,7.477303123157443,5.779123500806839,2.663155307757478,28.80571535031757,143.45485158557545,timber,timber,concrete,xps_foam,102.65014643309462,0.1255231517116306,0,0.0,double_pane,-10.0,-18.0,-2.0,144.69013887796973,3.5,18.0,18.0,18.0,0.0,24,49.06579096344094,11.36185370033106,123.64069737109719,tier1_rc,0.00014352798461914062,False
winter_13,winter,7.003687484933903,4.582831098108411,3.0517194334907103,6.859163765723227,22.7421654227079,sandwich_panel,sandwich_panel,brick,rock_wool,127.54869880172808,0.1661349276618608,0,0.0,single_pane,-10.0,-18.0,-2.0,144.69013887796973,3.5,19.67152439576297,18.0,25.387606964497568,7.387606964497568,24,68.06026120011573,34.7082778702437,84.7315276535007,tier1_rc,0.00013756752014160156,False
winter_14,winter,5.528234056264155,3.514207804310581,2.333567317940597,8.721507857386143,58.94488828209887,timber,brick,cseb,eps_foam,93.14026852202453,0.3026625581202624,0,0.0,double_pane,-10.0,-18.0,-2.0,144.69013887796973,3.5,18.76441945957831,18.0,21.955480010951746,3.955480010951746,24,41.01503528938972,17.427650592658917,57.687835324964354,tier1_rc,0.00013518333435058594,False
winter_15,winter,5.690265033851454,5.043501533984452,2.654634074608394,39.68762888967441,142.77503149568287,brick,timber,brick,xps_foam,11.25300459037774,0.25378182858561177,0,0.0,double_pane,-10.0,-18.0,-2.0,144.69013887796973,3.5,18.0,18.0,18.0,0.0,24,85.7471826332354,14.223576320749745,117.51148386080128,tier1_rc,0.00012826919555664062,False
winter_16,winter,4.514943283871291,3.454123554278223,2.225260763803007,11.111231982243481,62.65136331617976,cseb,cseb,brick,mineral_wool,27.326565097732583,0.31414393192660506,1,41.32953268816171,single_pane,-10.0,-18.0,-2.0,144.69013887796973,3.5,18.01087992937013,18.0,18.143919405923132,0.1439194059231319,24,69.53308272968613,16.542334265435414,77.61158844599946,tier1_rc,0.00013017654418945312,False
winter_17,winter,7.984024013112642,4.345176965630571,2.517274814015249,18.587590500011636,88.50800500149711,brick,cseb,cseb,mineral_wool,61.25464650282274,0.21107253580252922,0,0.0,single_pane,-10.0,-18.0,-2.0,144.69013887796973,3.5,18.0,18.0,18.0,0.0,24,90.86259672552838,16.020719259255248,133.87773039061673,tier1_rc,0.0001342296600341797,False
winter_18,winter,6.408775176649051,5.437330243369081,2.8572298676781824,26.32189913962927,129.936653123817,brick,timber,brick,mineral_wool,139.98919396005982,0.24970265942177328,0,0.0,double_pane,-10.0,-18.0,-2.0,144.69013887796973,3.5,18.00481282582341,18.0,18.06198049830515,0.06198049830515018,24,58.841214123885415,16.737348744570482,98.91905539299948,tier1_rc,0.00012087821960449219,False
winter_19,winter,7.23099584851669,3.0744596385646097,3.07486283845508,19.54916398604403,150.4312597296966,cseb,timber,concrete,mineral_wool,19.67028868265405,0.323318506283332,0,0.0,single_pane,-10.0,-18.0,-2.0,144.69013887796973,3.5,18.0,18.0,18.0,0.0,24,119.99475172395911,21.17247255614414,148.45679828841492,tier1_rc,0.00011873245239257812,False
winter_20,winter,4.581537650900735,4.300839881548624,2.914002406039456,16.494388116573575,12.86708851836511,sandwich_panel,concrete,concrete,xps_foam,59.81453885806879,0.21353191196634552,1,6.19862475465595,double_pane,-10.0,-18.0,-2.0,144.69013887796973,3.5,19.75229213612096,18.0,24.116625037509564,6.116625037509564,24,40.549587936953756,27.5047563639869,55.11707559493663,tier1_rc,0.0001266002655029297,False
winter_21,winter,6.3613810184529545,3.7204710060493023,2.350406022701393,40.27274143061524,100.04642094565943,sandwich_panel,sandwich_panel,concrete,rock_wool,145.5319782149755,0.06380795754615431,1,38.32584823010128,single_pane,-10.0,-18.0,-2.0,144.69013887796973,3.5,18.0,18.0,18.0,0.0,24,26.774976534528033,5.9869406730185,65.89551757001936,tier1_rc,0.00012826919555664062,False
winter_22,winter,4.659415048999949,5.840076244359441,2.8374693985128956,14.887708797081457,173.46552450547287,cseb,timber,concrete,mineral_wool,56.55327668015107,0.1345613319128825,0,0.0,double_pane,-10.0,-18.0,-2.0,144.69013887796973,3.5,18.0,18.0,18.0,0.0,24,49.69259782810079,10.353529792055674,94.23424460636484,tier1_rc,0.00012135505676269531,True
winter_23,winter,6.087133126131484,3.0533833873683225,3.316380816508214,1.6358299997907726,18.751926233190584,timber,cseb,brick,xps_foam,28.368769742038566,0.06407371799104393,1,31.12650490416572,double_pane,-10.0,-18.0,-2.0,144.69013887796973,3.5,18.34172771961281,18.0,19.381975563449938,1.381975563449938,24,38.42151269646772,13.22877128458102,51.07664350925229,tier1_rc,0.0001239776611328125,False
winter_24,winter,6.431287367793142,4.951688873278751,2.242669101294627,35.823109753776336,67.44037032508749,concrete,brick,concrete,eps_foam,148.56271897958126,0.32277082622333303,0,0.0,double_pane,-10.0,-18.0,-2.0,144.69013887796973,3.5,18.105372922420344,18.0,18.743061888281748,0.7430618882817477,24,53.766128249272604,18.172759497638168,101.98758123141357,tier1_rc,0.00012111663818359375,False
winter_25,winter,5.03704325269598,3.98028173573939,3.1164967881931234,25.328415374617315,167.9916382273751,timber,timber,concrete,rock_wool,46.385171985000575,0.21784620741258243,1,41.88705688773119,double_pane,-10.0,-18.0,-2.0,144.69013887796973,3.5,18.002163114883114,18.0,18.028767222207712,0.028767222207711995,24,46.01910407518236,12.10746853414977,76.6970547832378,tier1_rc,0.0001277923583984375,True
winter_26,winter,5.831302791589525,3.944936700683794,3.2803248627788806,21.812832508616864,145.08013460900398,cseb,timber,brick,xps_foam,74.09793773690888,0.07716535834878158,1,33.71016933268074,single_pane,-10.0,-18.0,-2.0,144.69013887796973,3.5,18.0,18.0,18.0,0.0,24,44.89439015019618,9.777099114382553,69.931341508381,tier1_rc,0.00019097328186035156,False
winter_27,winter,6.331149037474045,3.2787624619634963,2.780980562278972,7.740363270926259,80.81943078493143,concrete,timber,brick,mineral_wool,85.25570797732424,0.23239332508510918,1,16.007396123825508,single_pane,-10.0,-18.0,-2.0,144.69013887796973,3.5,18.0,18.0,18.0,0.0,24,69.09334291377992,14.982605842382448,87.38640102720193,tier1_rc,0.0002586841583251953,False
winter_28,winter,7.8118925628852995,5.03075191570688,2.676558942203993,32.16672029365098,16.419614932991347,concrete,brick,brick,rock_wool,128.94705129812462,0.2738362704700922,0,0.0,single_pane,-10.0,-18.0,-2.0,144.69013887796973,3.5,20.16368008300576,18.0,27.645628668879617,9.645628668879617,24,111.19577002882811,55.80015218328263,120.48654428329743,tier1_rc,0.0002503395080566406,True
winter_29,winter,7.483896134797613,5.814039574467656,2.8416235660397327,14.279345862658053,129.31957103906683,sandwich_panel,cseb,concrete,rock_wool,119.10761827537392,0.2646458570853602,0,0.0,double_pane,-10.0,-18.0,-2.0,144.69013887796973,3.5,18.0,18.0,18.0,0.0,24,67.15112676090824,17.88569387729133,142.25503566442455,tier1_rc,0.000278472900390625,False
winter_30,winter,7.819509523085288,3.9120318291167484,2.801325223451479,22.420384561410142,87.83639050757999,concrete,timber,cseb,xps_foam,84.566130523112,0.18462970831643816,1,23.93123807178772,double_pane,-10.0,-18.0,-2.0,144.69013887796973,3.5,18.00578500916997,18.0,18.079159863652567,0.079159863652567,24,51.12064660560959,14.26576183467515,89.42135687935695,tier1_rc,0.00027060508728027344,False
winter_31,winter,7.043763599276547,3.185741179136265,3.4538416322224865,26.11987640523715,11.12766187075422,concrete,cseb,cseb,eps_foam,22.876080218524322,0.12672389390983618,1,2.2089976199594257,single_pane,-10.0,-18.0,-2.0,144.69013887796973,3.5,18.45909150620864,18.0,20.721659692570896,2.7216596925708956,24,99.91112380186844,31.372825160849665,106.8910355494756,tier1_rc,0.00025963783264160156,False
winter_32,winter,4.753057187276268,5.238947219201458,3.179044911619861,40.710834950436535,77.31229605348437,timber,concrete,cseb,mineral_wool,138.58766790477182,0.08813794288042193,0,0.0,double_pane,-10.0,-18.0,-2.0,144.69013887796973,3.5,18.0,18.0,18.0,0.0,24,33.94809795507684,8.820835421376279,66.71259960599878,tier1_rc,0.0002551078796386719,False
winter_33,winter,3.534650492125209,3.9283446827726474,3.269099546309869,8.226957990721191,1.1307059618007869,brick,brick,cseb,xps_foam,6.48942599183178,0.18410203868930836,0,0.0,double_pane,-10.0,-18.0,-2.0,144.69013887796973,3.5,18.541769468559874,18.0,21.576096308887298,3.5760963088872977,24,79.18236483602125,24.419997647042738,79.59936115979042,tier1_rc,0.0002589225769042969,False
winter_34,winter,6.465776967789546,4.24408856183889,2.591383570383869,25.740955431475193,30.40920534182877,concrete,timber,concrete,mineral_wool,98.24773688148889,0.31031249423405965,1,25.6914780621963,single_pane,-10.0,-18.0,-2.0,144.69013887796973,3.5,18.86554131822373,18.0,20.634800645758478,2.634800645758478,24,91.81919149634174,45.5881681662191,99.91622903224189,tier1_rc,0.00027298927307128906,False
winter_35,winter,7.215942082299787,5.578185015904035,2.7536407722252143,38.962591863625164,125.05726040895433,timber,timber,brick,rock_wool,55.2918687871484,0.24127587019341784,0,0.0,single_pane,-10.0,-18.0,-2.0,144.69013887796973,3.5,18.0,18.0,18.0,0.0,24,102.14998047645008,18.809591231596713,148.01731971581358,tier1_rc,0.00025391578674316406,False
winter_36,winter,3.974604117521373,5.258983280970963,2.5387216796002496,28.792205720030235,169.24509487858916,brick,concrete,brick,eps_foam,59.45044342921007,0.24501582922313597,0,0.0,double_pane,-10.0,-18.0,-2.0,144.69013887796973,3.5,18.0,18.0,18.0,0.0,24,47.8608356994966,11.465914229013576,69.36038974223446,tier1_rc,0.000263214111328125,False
winter_37,winter,5.533673821990224,4.781979741197264,2.495622263989991,13.103627508600669,113.5326021872531,brick,timber,concrete,xps_foam,90.93272389579343,0.10770792062472777,0,0.0,double_pane,-10.0,-18.0,-2.0,144.69013887796973,3.5,18.0,18.0,18.0,0.0,24,33.861267301743766,8.541368106219732,77.06391343832856,tier1_rc,0.0002741813659667969,False
winter_38,winter,5.502373797597957,5.725372006344065,2.3759979455168985,43.55406550931443,55.64012200949949,cseb,concrete,brick,mineral_wool,131.93011579452303,0.22327580984697232,0,0.0,single_pane,-10.0,-18.0,-2.0,144.69013887796973,3.5,18.180956636459914,18.0,19.274461423660455,1.2744614236604548,24,72.64598144791587,22.635419884143335,98.45134110501512,tier1_rc,0.0002474784851074219,False
winter_39,winter,7.446123834324519,5.556324881898849,2.21574563271742,6.700875665338119,78.97232155216385,brick,cseb,brick,xps_foam,143.65712832727203,0.29815364411300016,1,34.50852367888078,double_pane,-10.0,-18.0,-2.0,144.69013887796973,3.5,18.0,18.0,18.0,0.0,24,58.94598143472099,15.846191931524634,107.869034619973,tier1_rc,0.00025844573974609375,False
winter_40,winter,5.351394199674363,5.825190895716999,2.23757710144498,11.0196847815255,90.09086370673582,concrete,cseb,cseb,xps_foam,45.17370632971995,0.28122820953406175,0,0.0,single_pane,-10.0,-18.0,-2.0,144.69013887796973,3.5,18.0,18.0,18.0,0.0,24,88.21794795072441,15.78030675443625,125.82001763701399,tier1_rc,0.00024509429931640625,False
winter_41,winter,4.372784706178873,4.027118443858175,2.257482129629989,9.56963931103114,169.9831211227089,sandwich_panel,cseb,brick,rock_wool,14.569640465837052,0.2913458800231482,1,22.564270043243013,single_pane,-10.0,-18.0,-2.0,144.69013887796973,3.5,18.0,18.0,18.0,0.0,24,64.30344006917589,11.308597510930852,80.60090647025879,tier1_rc,0.0002570152282714844,False
winter_42,winter,3.1984150708628345,5.412742843717286,3.495300529385098,12.309609026594906,107.31755524197732,cseb,cseb,cseb,xps_foam,70.02055987704546,0.09689896846123405,0,0.0,single_pane,-10.0,-18.0,-2.0,144.69013887796973,3.5,18.0,18.0,18.0,0.0,24,45.24761725853638,10.052876173400215,64.84148753431131,tier1_rc,0.0002503395080566406,False
winter_43,winter,5.603622931589507,3.632048851610169,3.062567216061125,14.061992496924123,15.845954462785015,brick,brick,cseb,mineral_wool,41.9524754012178,0.16828114001663852,0,0.0,single_pane,-10.0,-18.0,-2.0,144.69013887796973,3.5,19.20544407086976,18.0,24.32395230982249,6.3239523098224915,24,77.09495575576649,30.34255249167962,82.44311857986759,tier1_rc,0.00023818016052246094,False
winter_44,winter,4.923917489808793,4.034275694859661,3.337647397670415,17.17160523367303,175.94164596599603,concrete,brick,brick,mineral_wool,73.10037764174396,0.1952591545818287,0,0.0,single_pane,-10.0,-18.0,-2.0,144.69013887796973,3.5,18.0,18.0,18.0,0.0,24,72.05787071876534,15.162147581352551,89.59765322713497,tier1_rc,0.0002758502960205078,False
winter_45,winter,3.7344793960718317,3.798802664114989,3.200492551214433,30.286843648213388,149.6052820289757,concrete,timber,cseb,rock_wool,42.79069584960481,0.10626329168116785,1,35.054794764448566,double_pane,-10.0,-18.0,-2.0,144.69013887796973,3.5,18.0,18.0,18.0,0.0,24,39.09337308279589,8.333540136468814,54.748595355209986,tier1_rc,0.0002777576446533203,False
winter_46,winter,7.461106037361196,4.571016334526385,2.201029027362694,40.15941975886347,49.58148478933677,timber,sandwich_panel,cseb,eps_foam,149.84278000989787,0.20148278640993755,0,0.0,single_pane,-10.0,-18.0,-2.0,144.69013887796973,3.5,18.351108532158825,18.0,20.06778924519843,2.06778924519843,24,62.30180470170098,22.89364503365207,95.80158633388648,tier1_rc,0.0002503395080566406,True
winter_47,winter,4.601064542277071,3.585620959628012,3.147338947434631,14.740547143698393,131.66820416084826,brick,cseb,brick,xps_foam,30.531930006580772,0.2217563149237724,0,0.0,double_pane,-10.0,-18.0,-2.0,144.69013887796973,3.5,18.0,18.0,18.0,0.0,24,53.03322422734265,11.9162457722009,68.28838492612225,tier1_rc,0.00024437904357910156,True
winter_48,winter,5.66039400877532,5.400133684550756,2.3225563723106513,2.5573208009994235,101.92891285366979,sandwich_panel,concrete,concrete,rock_wool,143.0747331604046,0.258090080468677,0,0.0,double_pane,-10.0,-18.0,-2.0,144.69013887796973,3.5,18.0,18.0,18.0,0.0,24,44.7538940902438,11.957219388520393,95.43392703682147,tier1_rc,0.0002486705780029297,False
winter_49,winter,3.240195700000513,3.803139036348946,2.529280021694483,15.681852305723737,70.90476029328221,concrete,sandwich_panel,concrete,rock_wool,126.35232048732796,0.19413169390456836,1,32.926280978822014,double_pane,-10.0,-18.0,-2.0,144.69013887796973,3.5,18.277809597069453,18.0,19.21621262126636,1.2162126212663615,24,24.152916065458573,8.347810130918678,39.26297074918514,tier1_rc,0.00025463104248046875,False
winter_50,winter,4.978301210142625,4.900815581044844,2.6949477258464634,16.033411738350583,22.801779205297454,cseb,brick,concrete,xps_foam,118.06039998784613,0.23166877348915865,0,0.0,double_pane,-10.0,-18.0,-2.0,144.69013887796973,3.5,20.218900974345605,18.0,26.184251583830132,8.184251583830132,24,46.200847142529724,29.574774137900526,68.25452177463012,tier1_rc,0.00024008750915527344,False
winter_51,winter,5.98155967446881,3.7000089526952573,2.7691153661435384,15.80248124766618,118.74573556380953,sandwich_panel,brick,cseb,rock_wool,40.05148330055169,0.33113283391292814,0,0.0,double_pane,-10.0,-18.0,-2.0,144.69013887796973,3.5,18.0074199701001,18.0,18.101269151456663,0.1012691514566626,24,55.39126609512859,14.824886577658031,81.40042031822192,tier1_rc,0.0002434253692626953,False
winter_52,winter,6.147616302080556,3.032232320593078,2.745141115015411,34.81340426593037,5.006238576403506,brick,cseb,brick,xps_foam,142.98191864475265,0.22499366519351655,0,0.0,single_pane,-10.0,-18.0,-2.0,144.69013887796973,3.5,21.60087888324054,18.0,32.803728042997996,14.803728042997996,19,65.18392046748332,35.451187725201024,60.336670375748156,tier1_rc,0.0002655982971191406,False
winter_53,winter,3.2232345803725377,4.6619851818914055,3.3256329377772813,34.37258867356154,158.36566083590805,timber,cseb,brick,rock_wool,76.59951807317915,0.2507509053314657,0,0.0,single_pane,-10.0,-18.0,-2.0,144.69013887796973,3.5,18.0,18.0,18.0,0.0,24,66.38486220389075,14.371704519435298,77.62077041187703,tier1_rc,0.0002498626708984375,False
winter_54,winter,5.471697986933689,3.861620197813446,3.1141593443686295,27.11973268339214,37.125045792416614,concrete,concrete,concrete,rock_wool,106.74773450490352,0.28363061385028304,1,7.728331359237267,double_pane,-10.0,-18.0,-2.0,144.69013887796973,3.5,19.745531886426132,18.0,23.876860845342943,5.876860845342943,24,56.015771480785205,34.37242591255871,66.1753045649073,tier1_rc,0.0002532005310058594,False
winter_55,winter,7.252481148337301,3.0884478700755893,3.085149975268281,22.171043776369668,142.03754474920933,concrete,brick,cseb,rock_wool,13.145047651359349,0.2588564277509515,1,13.898076065670487,single_pane,-10.0,-18.0,-2.0,144.69013887796973,3.5,18.0,18.0,18.0,0.0,24,139.86800463312483,19.10237204784758,161.76208664580713,tier1_rc,0.0002605915069580078,False
winter_56,winter,3.0157583280834785,4.733836910300725,2.8628164809431524,19.367378143294978,174.77425302893963,concrete,cseb,cseb,rock_wool,51.91343607678875,0.3065596588265384,1,2.1360777951866137,single_pane,-10.0,-18.0,-2.0,144.69013887796973,3.5,18.0,18.0,18.0,0.0,24,73.2712944871688,14.80902203332909,84.71896048902792,tier1_rc,0.00025916099548339844,True
winter_57,winter,4.450332880340763,3.265414393575415,3.3796023158905206,5.4545387486838335,123.25655211002481,brick,sandwich_panel,cseb,xps_foam,109.42743487266748,0.11422963813751556,0,0.0,double_pane,-10.0,-18.0,-2.0,144.69013887796973,3.5,18.18255169814893,18.0,19.24811440494796,1.2481144049479589,24,25.59756381163219,8.846461169257708,41.76781216194357,tier1_rc,0.0002491474151611328,False
winter_58,winter,6.757033046403207,3.6930022405541094,2.708519989660604,1.8089108385456723,83.31093660604796,cseb,brick,cseb,eps_foam,48.24582363077653,0.3855286265441358,1,19.7543052117529,single_pane,-10.0,-18.0,-2.0,144.69013887796973,3.5,18.0,18.0,18.0,0.0,24,111.18057829697355,21.51027021084989,136.61950819285943,tier1_rc,0.0002536773681640625,False
winter_59,winter,3.281346374563371,5.518659053901272,2.3417950059682813,35.654294309435876,44.74325807179119,concrete,brick,cseb,rock_wool,57.694506226481685,0.10175959936301204,0,0.0,single_pane,-10.0,-18.0,-2.0,144.69013887796973,3.5,18.093485404600944,18.0,18.780969872445368,0.7809698724453682,24,44.08827143498899,12.453792304552872,60.515666987231135,tier1_rc,0.0002384185791015625,False
winter_60,winter,5.276520281509521,3.8578237147330303,3.1637840062568943,41.50244386330241,61.778364099433574,sandwich_panel,timber,cseb,mineral_wool,63.79079997792157,0.3399468452123948,0,0.0,single_pane,-10.0,-18.0,-2.0,144.69013887796973,3.5,18.39546650198578,18.0,20.65425487519663,2.6542548751966315,24,91.30151749972073,28.79262629573553,101.86983373517884,tier1_rc,0.00026607513427734375,False
winter_61,winter,5.873792367781299,5.524342280995681,3.410291323881855,7.402807727669819,149.00854016608739,brick,brick,cseb,eps_foam,71.34189292408797,0.09924799574101639,1,10.075142602733386,double_pane,-10.0,-18.0,-2.0,144.69013887796973,3.5,18.0,18.0,18.0,0.0,24,54.313208045350464,12.519816561880107,97.15326776278881,tier1_rc,0.00025582313537597656,False
winter_62,winter,4.642809696747002,5.633739875190589,3.008770484884049,10.873089113308986,82.35797658691065,cseb,brick,brick,rock_wool,89.05679855663814,0.2939254332698223,1,28.91606117913615,single_pane,-10.0,-18.0,-2.0,144.69013887796973,3.5,18.0,18.0,18.0,0.0,24,93.99771506016293,19.31798915157688,119.06180736602347,tier1_rc,0.00025272369384765625,False
winter_63,winter,3.4579954147543237,3.7520012958923616,2.3156373803357755,2.2743926456482395,147.90351501208954,concrete,brick,brick,mineral_wool,75.44207163783237,0.1374159309950816,0,0.0,double_pane,-10.0,-18.0,-2.0,144.69013887796973,3.5,18.0,18.0,18.0,0.0,24,26.094613800309453,6.357768908420632,38.71137286102285,tier1_rc,0.0008265972137451172,False
winter_64,winter,5.0824072013848856,4.237193885638663,2.68388543649116,25.474050833221263,167.21166397811882,cseb,concrete,cseb,rock_wool,34.12865371663746,0.14331620334917994,0,0.0,single_pane,-10.0,-18.0,-2.0,144.69013887796973,3.5,18.0,18.0,18.0,0.0,24,68.45883732165808,10.067695672158134,94.28612171796114,tier1_rc,0.0004553794860839844,False
winter_65,winter,3.5523908662737576,5.086277384268085,3.2653343441040708,9.359873938808239,68.92819646648107,brick,brick,brick,rock_wool,95.81754031946087,0.3522151659556156,1,7.167422587902728,single_pane,-10.0,-18.0,-2.0,144.69013887796973,3.5,18.041986496051333,18.0,18.573336874110705,0.573336874110705,24,92.75619020735013,23.654306878516326,101.67168293329513,tier1_rc,0.0002930164337158203,False
winter_66,winter,4.720464918477424,3.2568903849007924,2.725686784786947,1.0941890451773981,17.167294982901808,timber,cseb,concrete,rock_wool,3.6795556827069205,0.37432081774752834,0,0.0,single_pane,-10.0,-18.0,-2.0,144.69013887796973,3.5,20.593310107498315,18.0,30.3107944637878,12.3107944637878,21,102.75450459916851,45.569296494082906,91.99179714740077,tier1_rc,0.00024890899658203125,False
winter_67,winter,5.007915194950545,5.018362486957417,2.9879477369058685,44.724554356417464,46.80652019838983,cseb,timber,cseb,xps_foam,77.22201528598578,0.127187751980638,0,0.0,single_pane,-10.0,-18.0,-2.0,144.69013887796973,3.5,18.33020097695392,18.0,20.06518202237163,2.06518202237163,24,55.97773383401101,19.484325741965492,79.01302029468053,tier1_rc,0.00014829635620117188,True
winter_68,winter,7.280973401857187,5.395517543867456,3.207965518231352,8.537992607453074,154.34680189632314,sandwich_panel,brick,brick,eps_foam,106.2831104863387,0.19878578524344453,0,0.0,single_pane,-10.0,-18.0,-2.0,144.69013887796973,3.5,18.0,18.0,18.0,0.0,24,88.54701172283994,18.565710794720452,134.09642453061988,tier1_rc,0.0002849102020263672,False
winter_69,winter,4.196984555796153,3.380928963778438,3.4434731872811115,3.565072157258444,49.02476440181128,sandwich_panel,cseb,concrete,xps_foam,110.75490122879921,0.10298248063148274,0,0.0,double_pane,-10.0,-18.0,-2.0,144.69013887796973,3.5,18.915994066262638,18.0,21.996270579476754,3.9962705794767537,24,22.20603489980223,11.61253137735791,39.89943160455848,tier1_rc,0.0002372264862060547,False
winter_70,winter,4.165264744424052,4.927563325459443,2.6903444503326956,23.30436169492823,81.81051056991943,sandwich_panel,sandwich_panel,cseb,mineral_wool,81.66489837232433,0.38860994647778724,1,14.990315253046427,single_pane,-10.0,-18.0,-2.0,144.69013887796973,3.5,18.0,18.0,18.0,0.0,24,83.1922613091166,18.18288500163081,103.60606867527922,tier1_rc,0.00020599365234375,False
winter_71,winter,3.6772231935844566,4.274604725647383,2.666533355239045,33.473328169006926,166.51045649484763,cseb,sandwich_panel,brick,eps_foam,91.61568620527031,0.17500598189697197,0,0.0,double_pane,-10.0,-18.0,-2.0,144.69013887796973,3.5,18.037808283205774,18.0,18.389028248172522,0.38902824817252224,24,28.816111725261283,8.366536778462944,44.60874924462717,tier1_rc,0.0001842975616455078,False
winter_72,winter,7.934840795935477,4.52412876059463,2.685982144705054,32.64891138066127,172.5007098248811,concrete,cseb,brick,eps_foam,140.23429447949772,0.18987752366478794,0,0.0,single_pane,-10.0,-18.0,-2.0,144.69013887796973,3.5,18.0,18.0,18.0,0.0,24,75.97245270945723,16.710590913147655,114.97423196372661,tier1_rc,0.0001857280731201172,False
winter_73,winter,4.0513777054574724,5.053691677596353,2.4765641381427734,6.099171654658559,50.88503819420237,concrete,sandwich_panel,cseb,rock_wool,72.48758843410072,0.3440846294650787,1,10.758632111957187,single_pane,-10.0,-18.0,-2.0,144.69013887796973,3.5,18.859261176398945,18.0,21.351504100748375,3.3515041007483752,24,78.8048597784522,30.535003315676025,81.52075833497159,tier1_rc,0.0002033710479736328,True
winter_74,winter,3.2115410821263204,3.6140152280844227,2.637634970689397,27.25829668400988,76.37817992058066,cseb,cseb,brick,eps_foam,4.683115113465369,0.17718789306120036,1,20.72994038172366,single_pane,-10.0,-18.0,-2.0,144.69013887796973,3.5,18.0,18.0,18.0,0.0,24,71.80523677092944,8.146358476801998,81.47015527697043,tier1_rc,0.0001804828643798828,False
winter_75,winter,7.692041568772872,3.76238567436816,3.171085579221489,5.1418956079922475,136.82207326587036,sandwich_panel,sandwich_panel,concrete,rock_wool,113.1089974146309,0.05248873165536109,1,13.480982654802729,double_pane,-10.0,-18.0,-2.0,144.69013887796973,3.5,18.0,18.0,18.0,0.0,24,27.25262787716069,7.960129758003968,76.33140204084782,tier1_rc,0.0001773834228515625,True
winter_76,winter,7.054459774950104,5.285599113004727,3.250603216856218,23.451884638577646,31.218110929976657,brick,concrete,brick,eps_foam,107.50771095928417,0.15816373371359746,1,18.877707750427014,single_pane,-10.0,-18.0,-2.0,144.69013887796973,3.5,18.83359907998107,18.0,20.558333501135504,2.558333501135504,24,85.08927656000975,37.181504376729016,96.73685325348616,tier1_rc,0.00024271011352539062,False
winter_77,winter,7.620833607701079,4.38653507138687,2.372796564308922,13.643857955957142,7.933594123482492,brick,timber,concrete,eps_foam,78.25515012909155,0.06168353646892259,1,12.922504423967727,single_pane,-10.0,-18.0,-2.0,144.69013887796973,3.5,18.101413893913627,18.0,18.70154124975571,0.7015412497557101,24,45.98602874242135,15.241041531124237,94.51137300866581,tier1_rc,0.0001995563507080078,False
winter_78,winter,4.283701383682103,5.265884239978059,2.5432273773475735,27.43727710915323,138.26672297391735,cseb,cseb,brick,mineral_wool,23.09897010650714,0.3557545147215768,1,28.196236151563763,double_pane,-10.0,-18.0,-2.0,144.69013887796973,3.5,18.0,18.0,18.0,0.0,24,74.87465277288094,14.689688935161238,97.82604780944514,tier1_rc,0.00013947486877441406,False
winter_79,winter,6.549383821213314,3.1562729765869326,2.61578897328664,16.933607656332818,120.79481662279952,concrete,sandwich_panel,brick,mineral_wool,7.6433709018441505,0.33609732587012314,0,0.0,double_pane,-10.0,-18.0,-2.0,144.69013887796973,3.5,18.0,18.0,18.0,0.0,24,88.93475401425532,15.360480875242667,108.00957275046069,tier1_rc,0.00017261505126953125,False
winter_80,winter,5.554342808858725,3.0619912840789336,3.2397878239240994,11.664819727433803,140.62686133597484,cseb,brick,brick,eps_foam,100.57093734768759,0.3661614165209037,1,14.080895109647276,double_pane,-10.0,-18.0,-2.0,144.69013887796973,3.5,18.239706470800524,18.0,19.246034543973064,1.2460345439730638,24,54.546557320587254,17.22221046122992,66.8244220535211,tier1_rc,0.00023031234741210938,False
winter_81,winter,3.1720452100105936,5.4597039271087136,2.7962607925839356,3.0156547677924452,13.997032314686484,concrete,timber,brick,rock_wool,60.381170818319696,0.3721717553487628,1,40.10866142943175,single_pane,-10.0,-18.0,-2.0,144.69013887796973,3.5,19.305721217134195,18.0,21.593357897826838,3.593357897826838,24,91.62008711359039,51.848793066415105,67.69529580231064,tier1_rc,0.0002281665802001953,False
winter_82,winter,5.2357775888142655,5.977010563488811,2.3014419455795063,37.44045898983782,9.435104969546959,brick,concrete,cseb,mineral_wool,36.05672121891406,0.34378114070440396,0,0.0,double_pane,-10.0,-18.0,-2.0,144.69013887796973,3.5,19.73228176234006,18.0,25.9541975982637,7.9541975982637005,24,89.29480341877415,43.035275604811424,102.4519059618599,tier1_rc,0.00021529197692871094,True
winter_83,winter,7.727634551024239,4.1328236085235845,2.6038344630407697,17.850188494489988,13.622182765793301,brick,brick,concrete,xps_foam,112.29602902443438,0.14084037517563214,1,31.737521345062824,double_pane,-10.0,-18.0,-2.0,144.69013887796973,3.5,18.834768990311737,18.0,19.996277100272067,1.9962771002720672,24,44.37099583094894,24.611149952838513,75.25782305995241,tier1_rc,0.00022339820861816406,False
winter_84,winter,4.100040332712284,3.7329911898987937,3.293754077691542,24.391144636061732,171.65082074382866,sandwich_panel,sandwich_panel,cseb,rock_wool,83.75154170193484,0.31817657193446813,0,0.0,single_pane,-10.0,-18.0,-2.0,144.69013887796973,3.5,18.0,18.0,18.0,0.0,24,71.29675364931902,16.431858033061303,84.34774438641747,tier1_rc,0.00026154518127441406,False
winter_85,winter,7.848880555519203,3.8479802096231124,2.2085901019490004,22.282008012524976,137.61927584102892,sandwich_panel,cseb,cseb,mineral_wool,0.8283537688105461,0.08217622126657718,0,0.0,double_pane,-10.0,-18.0,-2.0,144.69013887796973,3.5,18.0,18.0,18.0,0.0,24,67.42925496536522,6.580205397809252,108.140754612812,tier1_rc,0.00025463104248046875,False
winter_86,winter,7.304133947973751,3.6045914336305502,3.3731003228745156,44.86545048018405,100.6589417298716,timber,brick,cseb,mineral_wool,133.33732863474165,0.24377275771650658,0,0.0,single_pane,-10.0,-18.0,-2.0,144.69013887796973,3.5,18.0,18.0,18.0,0.0,24,90.79037018278297,19.78276160123254,119.96238569632489,tier1_rc,0.00025081634521484375,False
winter_87,winter,6.887628034176367,4.144092552058362,2.548168430094292,28.605092506272776,103.655176763024,cseb,sandwich_panel,brick,rock_wool,113.83875382641565,0.27848531817523603,0,0.0,single_pane,-10.0,-18.0,-2.0,144.69013887796973,3.5,18.0,18.0,18.0,0.0,24,79.75197754868,16.922366198314837,108.67200443489287,tier1_rc,0.0002510547637939453,False
winter_88,winter,6.4952792177791645,4.0543851060558564,2.291901444157721,37.532426383593645,108.3369682448495,concrete,concrete,concrete,eps_foam,121.76187134570664,0.1386728479595758,0,0.0,single_pane,-10.0,-18.0,-2.0,144.69013887796973,3.5,18.0,18.0,18.0,0.0,24,48.47055530185375,10.289525510423848,89.69220651536008,tier1_rc,0.00024962425231933594,False
winter_89,winter,6.0364226926147015,5.120974460307807,3.1932537773763396,32.07222309825697,78.26269755975747,cseb,timber,concrete,xps_foam,10.449052921342728,0.25690492418567534,1,49.5074417619687,single_pane,-10.0,-18.0,-2.0,144.69013887796973,3.5,18.0,18.0,18.0,0.0,24,133.11006911428612,20.313226084098467,180.35220738251908,tier1_rc,0.0002808570861816406,True
winter_90,winter,6.624787798928332,3.2356702750713224,2.5118446814105213,19.956033821650617,34.138198389521904,timber,concrete,brick,xps_foam,149.47946045334757,0.11387958895324425,1,46.32241159434694,single_pane,-10.0,-18.0,-2.0,144.69013887796973,3.5,18.781132924499932,18.0,19.843820603582493,1.8438206035824933,24,38.21078514202129,16.781631072025686,44.002498082797025,tier1_rc,0.00025582313537597656,False
winter_91,winter,4.309081369293137,5.874839121987429,3.4986455302208763,20.24235592761377,119.33303977905048,timber,timber,cseb,mineral_wool,100.30774781100503,0.20742938347403572,0,0.0,double_pane,-10.0,-18.0,-2.0,144.69013887796973,3.5,18.02185408022126,18.0,18.267577370779232,0.2675773707792324,24,50.80966329712763,14.912341052360814,82.42593854678192,tier1_rc,0.00024962425231933594,False
winter_92,winter,6.829882990974587,4.466979284312163,3.1082921216322283,24.687508555039624,131.3990035753951,timber,concrete,brick,mineral_wool,49.44396481450065,0.123660108008969,0,0.0,double_pane,-10.0,-18.0,-2.0,144.69013887796973,3.5,18.0,18.0,18.0,0.0,24,57.31324020418971,11.223475976969219,93.16208672311286,tier1_rc,0.00030922889709472656,False
winter_93,winter,6.641530544069785,4.985104979934928,2.2548899253022876,2.4853009469780325,95.53165131748405,sandwich_panel,concrete,cseb,mineral_wool,83.0793981468925,0.08119626003268221,0,0.0,double_pane,-10.0,-18.0,-2.0,144.69013887796973,3.5,18.0,18.0,18.0,0.0,24,35.43304677563588,6.647036236193132,80.73233977245796,tier1_rc,0.0002713203430175781,False
winter_94,winter,3.6959586191161944,4.365201365994489,2.890372547116812,13.915762068680486,77.80155855476708,brick,concrete,concrete,mineral_wool,82.03480769120543,0.38011000249517857,0,0.0,single_pane,-10.0,-18.0,-2.0,144.69013887796973,3.5,18.0,18.0,18.0,0.0,24,83.9814333504963,17.771547040986267,102.55231420912588,tier1_rc,0.00025153160095214844,True
winter_95,winter,5.371474032640053,5.468495459884425,2.953794712579976,4.17926919425422,42.648706083881585,concrete,cseb,cseb,rock_wool,146.49537010908944,0.05561362436272009,0,0.0,single_pane,-10.0,-18.0,-2.0,144.69013887796973,3.5,18.159950816497428,18.0,19.084651530653463,1.0846515306534634,24,39.82257318741317,14.102342779317814,73.2262342103253,tier1_rc,0.0002512931823730469,False
winter_96,winter,5.29815617554063,4.213798507133717,2.627952898062131,24.514618192435396,168.84588277034032,timber,brick,brick,mineral_wool,58.075282333455114,0.11066113504160283,0,0.0,double_pane,-10.0,-18.0,-2.0,144.69013887796973,3.5,18.0,18.0,18.0,0.0,24,37.61360095846938,7.606143147058665,62.979894532304336,tier1_rc,0.0003123283386230469,False
winter_97,winter,4.789681348559551,3.6683725651389505,2.3613172713180806,42.321676268731416,41.8474419097475,brick,timber,concrete,rock_wool,79.54060315954865,0.272303132997985,0,0.0,double_pane,-10.0,-18.0,-2.0,144.69013887796973,3.5,19.527099651304237,18.0,24.40890768038836,6.40890768038836,24,41.15683056999779,21.316845306085384,56.50351152936806,tier1_rc,0.00026416778564453125,False
winter_98,winter,4.3169225077730395,4.626384639213608,2.2094763095014462,38.65224013232574,150.7204718866551,cseb,cseb,brick,rock_wool,12.69963304056868,0.2935809183555704,0,0.0,double_pane,-10.0,-18.0,-2.0,144.69013887796973,3.5,18.0,18.0,18.0,0.0,24,71.03554274242495,10.522534055956061,91.6921386271802,tier1_rc,0.0003008842468261719,False
winter_99,winter,6.661372739427273,3.0092189160691962,3.0708707159962345,44.04802820168892,36.588579511309504,timber,brick,concrete,mineral_wool,136.9172561212091,0.15415395279234068,1,19.21531812738607,double_pane,-10.0,-18.0,-2.0,144.69013887796973,3.5,18.70174574083993,18.0,20.114405266130827,2.1144052661308272,24,37.33682915240896,20.955125724893556,56.48499708912358,tier1_rc,0.0002982616424560547,False
winter_100,winter,5.72102366022571,4.5668284682887,3.400809915685823,29.310925417795733,94.72438419495202,cseb,timber,concrete,eps_foam,101.92814066927224,0.11802472200191536,0,0.0,single_pane,-10.0,-18.0,-2.0,144.69013887796973,3.5,18.0,18.0,18.0,0.0,24,57.163265223167336,12.776441695019626,98.3566085083565,tier1_rc,0.00012731552124023438,False
winter_101,winter,3.874878454973633,4.060082255240713,2.819649300379489,30.447513029715363,108.6041492508417,cseb,cseb,brick,mineral_wool,97.70768058293292,0.1746852716952284,0,0.0,double_pane,-10.0,-18.0,-2.0,144.69013887796973,3.5,18.009874705485032,18.0,18.13961185931096,0.13961185931096054,24,32.97610027284555,8.819841356027059,48.642234383423656,tier1_rc,0.00011301040649414062,True
winter_102,winter,3.7686603283312055,3.9746379958688864,2.461638901203937,16.60902192127487,56.369688182176795,sandwich_panel,timber,brick,xps_foam,25.70271619555457,0.20365611894126345,0,0.0,single_pane,-10.0,-18.0,-2.0,144.69013887796973,3.5,18.411919067070322,18.0,20.660049414282597,2.6600494142825966,24,43.01724986885797,14.317268026957214,51.7282302999843,tier1_rc,0.00012063980102539062,True
winter_103,winter,3.4193959137192897,5.609818394560857,3.415085240309695,2.965307919046972,71.47566690125772,cseb,sandwich_panel,concrete,rock_wool,117.87316774671909,0.19045410151122538,1,11.574409859985064,single_pane,-10.0,-18.0,-2.0,144.69013887796973,3.5,18.00022898452497,18.0,18.005495628599277,0.005495628599277325,24,61.745819999826445,15.134336726262758,87.7974454267683,tier1_rc,0.00012564659118652344,False
winter_104,winter,6.276730558332346,5.653223792364002,2.4221883315829,11.46495933070209,46.34494665768914,cseb,timber,cseb,xps_foam,108.50829146200353,0.19184418221411575,0,0.0,double_pane,-10.0,-18.0,-2.0,144.69013887796973,3.5,18.545452733439276,18.0,20.770802585681917,2.770802585681917,24,48.191290463384554,21.735924874309422,86.04558573368074,tier1_rc,0.00011730194091796875,False
winter_105,winter,5.033125502034313,4.422039714436896,2.4057456697094675,30.088805785445917,103.14355682214637,timber,timber,brick,mineral_wool,46.555171789162294,0.3715391582199527,0,0.0,double_pane,-10.0,-18.0,-2.0,144.69013887796973,3.5,18.00308990585788,18.0,18.041792069569386,0.04179206956938586,24,52.886380616052584,13.927679014940654,75.79234033151911,tier1_rc,0.00011754035949707031,False
winter_106,winter,5.164177097393864,5.89038450370459,2.2728934190321057,41.67006870106508,133.88461028366535,timber,concrete,cseb,xps_foam,88.04370862792904,0.050919161357889486,1,24.255033185304196,double_pane,-10.0,-18.0,-2.0,144.69013887796973,3.5,18.0,18.0,18.0,0.0,24,32.82385134580926,5.873089066225009,74.05889041806063,tier1_rc,0.0001304149627685547,False
winter_107,winter,5.437775084923953,3.371216342661892,2.3933574383215053,19.722447076972585,174.15497015368817,concrete,sandwich_panel,concrete,eps_foam,51.1344320116736,0.06775321318163624,0,0.0,double_pane,-10.0,-18.0,-2.0,144.69013887796973,3.5,18.0,18.0,18.0,0.0,24,29.201297386692797,6.370917458869704,57.90636736710833,tier1_rc,0.00012969970703125,False
winter_108,winter,4.748256415053254,3.0209602670912195,2.7899158523296093,42.180285384627254,118.14008251370355,timber,concrete,concrete,mineral_wool,117.39780131645928,0.34546579957404105,0,0.0,single_pane,-10.0,-18.0,-2.0,144.69013887796973,3.5,18.0,18.0,18.0,0.0,24,68.97979987750949,14.944763538020224,85.61540559779108,tier1_rc,0.0001289844512939453,False
winter_109,winter,6.0670129227715455,5.026228553196443,2.4482163123540066,37.66686433672679,120.36322206710996,cseb,concrete,cseb,mineral_wool,20.340433755700168,0.35145646868295205,1,1.5698351043753251,single_pane,-10.0,-18.0,-2.0,144.69013887796973,3.5,18.0,18.0,18.0,0.0,24,137.3587698446965,19.274070686938398,173.05813500587504,tier1_rc,0.0001380443572998047,False
winter_110,winter,3.79318100037292,5.363982252441323,2.5946133473985453,14.47985396150601,143.28195469154963,timber,sandwich_panel,concrete,mineral_wool,74.8113970085585,0.2712068751869747,1,21.978148551162295,double_pane,-10.0,-18.0,-2.0,144.69013887796973,3.5,18.021414964433195,18.0,18.24448255189284,0.2444825518928404,24,40.467199621601274,11.733158762730866,71.53139630132354,tier1_rc,0.00013327598571777344,False
winter_111,winter,6.063952141657424,4.473154379266063,3.0955289297317616,6.456765241221629,57.45384195278484,sandwich_panel,concrete,cseb,rock_wool,86.45053774744757,0.2614542446764997,1,42.18649399134702,double_pane,-10.0,-18.0,-2.0,144.69013887796973,3.5,18.611414959514494,18.0,19.69917573000157,1.6991757300015706,24,54.80656637296435,24.47586362512058,72.08205581231334,tier1_rc,0.00013637542724609375,False
winter_112,winter,4.262031444052142,4.097979118983545,3.035528346748892,43.72169815479503,159.9189500152519,cseb,cseb,concrete,mineral_wool,33.37028008007273,0.392947298030179,0,0.0,double_pane,-10.0,-18.0,-2.0,144.69013887796973,3.5,18.0,18.0,18.0,0.0,24,70.03651506727672,16.447119262339836,93.65205410600285,tier1_rc,0.0001456737518310547,False
winter_113,winter,7.500677794206073,4.703474807992473,2.834852804921276,7.183396188895558,162.44853822567023,brick,timber,cseb,xps_foam,2.3526130252127286,0.22994106252195823,0,0.0,single_pane,-10.0,-18.0,-2.0,144.69013887796973,3.5,18.0,18.0,18.0,0.0,24,157.89093820857798,18.810980009050233,201.32228409145674,tier1_rc,0.0002300739288330078,False
winter_114,winter,3.6349726357738925,5.910154313917492,2.728743077706547,36.907050130084805,70.75690671569828,concrete,cseb,concrete,xps_foam,132.4311032320361,0.30864478905244463,0,0.0,double_pane,-10.0,-18.0,-2.0,144.69013887796973,3.5,18.171790646537335,18.0,19.182759458371137,1.1827594583711374,24,47.01345762647222,16.0251338229442,77.40668873679738,tier1_rc,0.0002372264862060547,False
winter_115,winter,6.298383701854908,4.221542030421979,2.829994056557332,4.86864533965467,145.70081320597964,sandwich_panel,cseb,concrete,xps_foam,5.373372262799901,0.2691463026375207,0,0.0,double_pane,-10.0,-18.0,-2.0,144.69013887796973,3.5,18.0,18.0,18.0,0.0,24,71.10993924509727,14.251887635053691,113.7414746257897,tier1_rc,0.0002465248107910156,True
winter_116,winter,4.873596202332313,5.832648705724804,2.6190505242607234,18.694312104436758,165.35708702134409,timber,concrete,cseb,rock_wool,16.119992514127983,0.12259892151437969,0,0.0,single_pane,-10.0,-18.0,-2.0,144.69013887796973,3.5,18.0,18.0,18.0,0.0,24,81.10498028095152,10.001745960268973,117.7636554637648,tier1_rc,0.00024580955505371094,False
winter_117,winter,4.234307685721031,5.4887934466255635,2.2481168043094977,15.434940653152527,99.44127611330921,brick,brick,brick,eps_foam,133.57676073196603,0.18162392591559623,1,20.26440534478167,double_pane,-10.0,-18.0,-2.0,144.69013887796973,3.5,18.001860224229187,18.0,18.0274989617721,0.02749896177209976,24,33.255695135487805,9.103806796153915,58.700362383282375,tier1_rc,0.00025773048400878906,False
winter_118,winter,6.592502345000931,3.147547410269768,2.6215889374608774,31.822299802589672,132.07525491608666,timber,sandwich_panel,cseb,eps_foam,31.33033892713172,0.2558806745399975,1,15.458598932689057,single_pane,-10.0,-18.0,-2.0,144.69013887796973,3.5,18.0,18.0,18.0,0.0,24,69.28165522103691,14.189719046309909,91.49808141048162,tier1_rc,0.00026154518127441406,False
winter_119,winter,5.679253391640831,4.768387459371481,2.325926584286501,17.416801675709163,86.5335847720034,concrete,sandwich_panel,cseb,rock_wool,111.74116923935614,0.11126095743190281,0,0.0,single_pane,-10.0,-18.0,-2.0,144.69013887796973,3.5,18.0,18.0,18.0,0.0,24,42.46028289727131,9.381340503425024,76.39520568664004,tier1_rc,0.0002474784851074219,False
winter_120,winter,4.557723866440382,3.9556543691530233,3.278429062390801,33.131150422069716,58.22865017049259,concrete,timber,cseb,eps_foam,67.25898462020683,0.3743879268876107,1,26.80607052038165,single_pane,-10.0,-18.0,-2.0,144.69013887796973,3.5,18.626579401722953,18.0,20.38853934336644,2.388539343366439,24,100.54031703661869,34.5104279540171,94.73301175505192,tier1_rc,0.00029468536376953125,True
winter_121,winter,6.874093057466002,5.247922827466485,2.3895695333734515,41.095491813185824,26.928628013555876,brick,sandwich_panel,brick,rock_wool,85.5415757961854,0.3004582115099373,1,43.2319784646809,double_pane,-10.0,-18.0,-2.0,144.69013887796973,3.5,19.161070893915618,18.0,20.449825419450736,2.449825419450736,24,63.624509860467946,39.25095615808524,72.07360497434533,tier1_rc,0.0002694129943847656,False
winter_122,winter,4.808916431133512,3.345995487547547,2.8086951602708337,9.7219141583077,3.0068376608882543,concrete,sandwich_panel,concrete,eps_foam,116.59084606564808,0.14830144959514657,0,0.0,double_pane,-10.0,-18.0,-2.0,144.69013887796973,3.5,20.49128797439594,18.0,26.810187934933808,8.810187934933808,24,29.888652108461617,19.716398156455078,43.25154441570223,tier1_rc,0.00024199485778808594,False
winter_123,winter,6.6141187146312275,3.3007933414172643,2.233187322708013,4.04248399654546,113.19455779391363,sandwich_panel,brick,cseb,rock_wool,87.10277148475207,0.22544017313084708,0,0.0,double_pane,-10.0,-18.0,-2.0,144.69013887796973,3.5,18.0,18.0,18.0,0.0,24,35.61816335130295,9.440189594168025,62.67075629833301,tier1_rc,0.00025010108947753906,False
winter_124,winter,7.10343941026896,5.667880453889195,2.438663605630263,13.284301559561944,48.2165918104415,cseb,brick,brick,eps_foam,147.49884561370664,0.05700773675185363,0,0.0,single_pane,-10.0,-18.0,-2.0,144.69013887796973,3.5,18.000621019886605,18.0,18.014904477278463,0.014904477278463446,24,43.94219808812459,12.182430462507387,88.65547369256954,tier1_rc,0.0002448558807373047,False
winter_125,winter,3.3989656148909972,3.1754173795846348,2.6457742030855447,37.17715099347636,15.220630312181875,brick,cseb,cseb,mineral_wool,121.30353630421489,0.36042450547481925,0,0.0,double_pane,-10.0,-18.0,-2.0,144.69013887796973,3.5,24.79939640286375,18.0,41.95944559007994,23.959445590079937,16,42.7359137527412,29.62706200923278,34.361873868666535,tier1_rc,0.00023746490478515625,False
winter_126,winter,5.571230331193602,3.015389005698451,2.8861402110284398,20.910045696492602,163.51632961634462,cseb,brick,cseb,mineral_wool,135.52496945268777,0.29226683408345255,1,11.303794083125121,single_pane,-10.0,-18.0,-2.0,144.69013887796973,3.5,18.0,18.0,18.0,0.0,24,69.16899081436691,15.422696103079268,84.48826127527545,tier1_rc,0.00025653839111328125,False
winter_127,winter,4.8886984323186695,4.001539924386921,2.680825567126927,42.8325550967366,153.6645073861876,brick,brick,cseb,mineral_wool,94.62519069053856,0.3066762243307528,0,0.0,double_pane,-10.0,-18.0,-2.0,144.69013887796973,3.5,18.01784137013289,18.0,18.249990370661592,0.24999037066159246,24,48.65165860454334,13.341531063096834,70.67937921167685,tier1_rc,0.00024127960205078125,False
winter_128,winter,3.5223334046866475,4.606975197188621,2.876227345734781,35.04504967671652,9.756893572388023,cseb,brick,concrete,mineral_wool,13.798429897940458,0.3643445445815932,0,0.0,single_pane,-10.0,-18.0,-2.0,144.69013887796973,3.5,20.259026314851173,18.0,29.28361952298201,11.283619522982011,22,118.4297152499978,49.48649415467454,105.93164305567562,tier1_rc,0.0002624988555908203,False
winter_129,winter,5.808184430804143,3.6409291367309047,2.956516362385646,12.952939230278501,65.79458254001997,brick,cseb,cseb,xps_foam,124.79592166588449,0.09148660820706087,1,3.479032163614619,single_pane,-10.0,-18.0,-2.0,144.69013887796973,3.5,18.04650953663332,18.0,18.43611606892186,0.4361160689218586,24,38.10715036600188,11.110429348295279,61.906180096231,tier1_rc,0.00025844573974609375,False
winter_130,winter,6.748471272015683,5.693325100768532,2.444159423133847,41.30056354286848,52.78814013279438,timber,brick,brick,rock_wool,47.33672657866411,0.09526922184486428,0,0.0,double_pane,-10.0,-18.0,-2.0,144.69013887796973,3.5,18.0,18.0,18.0,0.0,24,59.59051107973602,12.686386916835533,102.40369574553633,tier1_rc,0.0002472400665283203,False
winter_131,winter,3.135656159976731,4.437533196227738,2.344439320311659,20.38059557948126,155.834908484639,cseb,concrete,brick,rock_wool,65.4306727518833,0.2970025591056343,1,43.72087724210846,double_pane,-10.0,-18.0,-2.0,144.69013887796973,3.5,18.00934105499616,18.0,18.12856630850728,0.12856630850728124,24,37.04018879821003,9.525435185980141,49.59339715436555,tier1_rc,0.0002548694610595703,False
winter_132,winter,5.168161218163579,4.747974775920758,2.6093176575152137,29.74479133481348,122.42824651890867,concrete,sandwich_panel,brick,xps_foam,135.19496975855643,0.3763690419138014,0,0.0,single_pane,-10.0,-18.0,-2.0,144.69013887796973,3.5,18.0,18.0,18.0,0.0,24,88.17489043935028,19.87427435529696,109.97996034742378,tier1_rc,0.0002892017364501953,False
winter_133,winter,4.344658480638699,4.310238716093083,2.4712680700809577,36.64718584188584,28.786063450591943,cseb,concrete,brick,xps_foam,105.29996927693264,0.06997904111779041,1,2.7316287592611257,double_pane,-10.0,-18.0,-2.0,144.69013887796973,3.5,18.387910624518625,18.0,19.842679010671198,1.8426790106711977,24,24.243930381242954,9.721009019069587,40.749850892922154,tier1_rc,0.0006413459777832031,False
winter_134,winter,6.175934285226734,3.4206406250056425,2.737966067703362,42.55166764892656,43.473270958775196,cseb,cseb,cseb,xps_foam,35.25508787195377,0.20909576374986605,1,24.77764812217354,double_pane,-10.0,-18.0,-2.0,144.69013887796973,3.5,18.506970052623355,18.0,19.777871073604764,1.7778710736047643,24,57.070449244550424,21.967547473344872,68.49551647644972,tier1_rc,0.00037479400634765625,False
winter_135,winter,7.429263249987235,5.340873281647445,3.38332987716884,26.723501567135703,136.21307734154126,cseb,sandwich_panel,concrete,rock_wool,2.6275042371101556,0.36994122156667764,1,38.706234984672896,single_pane,-10.0,-18.0,-2.0,144.69013887796973,3.5,18.0,18.0,18.0,0.0,24,201.8568743069701,31.840995773128252,262.81256777549777,tier1_rc,0.00029778480529785156,False
winter_136,winter,4.908656539484295,3.1354354780548572,2.532625686136688,35.903277120846106,74.2264079183386,timber,cseb,cseb,mineral_wool,52.371095795148825,0.21498304506355465,0,0.0,single_pane,-10.0,-18.0,-2.0,144.69013887796973,3.5,18.0,18.0,18.0,0.0,24,52.682145101656644,10.077166588109286,68.8785587301844,tier1_rc,0.00029277801513671875,False
winter_137,winter,4.0296857231867556,4.811839439832472,3.387937530349724,36.87484507204834,159.59549578032002,timber,brick,brick,rock_wool,39.33193501573531,0.06890290402503912,0,0.0,single_pane,-10.0,-18.0,-2.0,144.69013887796973,3.5,18.0,18.0,18.0,0.0,24,48.139042186918466,8.282852368694833,69.23338774887415,tier1_rc,0.00028061866760253906,False
winter_138,winter,4.0810278488314,5.882256640988169,2.901498615274993,30.691490611476517,160.20083429099284,timber,concrete,cseb,eps_foam,92.90370458838456,0.16765370915365946,0,0.0,single_pane,-10.0,-18.0,-2.0,144.69013887796973,3.5,18.0,18.0,18.0,0.0,24,59.08412211218927,12.256290967862729,88.0186282313423,tier1_rc,0.00012803077697753906,True
winter_139,winter,5.4063388579005025,4.8206709921758675,2.8717497750360232,34.78955390451129,178.11720148959125,cseb,brick,concrete,eps_foam,28.604631013052003,0.341350929155684,0,0.0,double_pane,-10.0,-18.0,-2.0,144.69013887796973,3.5,18.0,18.0,18.0,0.0,24,82.3060575486531,17.271784648506582,122.71008257981363,tier1_rc,0.00011420249938964844,False
winter_140,winter,3.0389424457128484,4.298881551976193,3.2537257064319958,9.873546542998788,178.5459027631922,cseb,timber,brick,mineral_wool,78.72390753572033,0.1695824394927397,1,40.385639514064145,double_pane,-10.0,-18.0,-2.0,144.69013887796973,3.5,18.05003053119509,18.0,18.5177252084399,0.5177252084398987,24,33.06228978012734,9.269995157198494,44.80558475297112,tier1_rc,0.00011467933654785156,False
winter_141,winter,3.7224552210855126,5.71007957994472,3.2140025050600283,17.622531089604653,135.5428805478235,timber,concrete,cseb,xps_foam,104.13607835051566,0.08269389190874732,0,0.0,double_pane,-10.0,-18.0,-2.0,144.69013887796973,3.5,18.00321855916762,18.0,18.040113312207538,0.04011331220753789,24,29.18976916411282,8.223645341160312,56.42066401256307,tier1_rc,0.00010704994201660156,False
winter_142,winter,5.208979851902707,5.925752230751845,2.9364438503302535,41.89916033531649,96.98799738295894,cseb,timber,brick,xps_foam,145.10626806268425,0.21819585991217105,0,0.0,double_pane,-10.0,-18.0,-2.0,144.69013887796973,3.5,18.010850798713346,18.0,18.156827083074493,0.1568270830744929,24,49.42370358360156,14.544068266929958,84.66705404680741,tier1_rc,0.00010609626770019531,False
winter_143,winter,5.109722233366002,5.446784543177591,3.2280884432881094,32.27979158492359,161.70524553216518,cseb,cseb,cseb,eps_foam,4.053484490231848,0.2679987731879084,0,0.0,double_pane,-10.0,-18.0,-2.0,144.69013887796973,3.5,18.0,18.0,18.0,0.0,24,131.7019501309283,17.13259586307781,166.40296513927504,tier1_rc,0.00010466575622558594,False
winter_144,winter,5.931731746117135,5.908464744779454,2.6310200266091464,31.48987222797189,0.5683157391599338,timber,cseb,concrete,rock_wool,21.99974062791715,0.0938242972303567,0,0.0,single_pane,-10.0,-18.0,-2.0,144.69013887796973,3.5,18.026045830084527,18.0,18.28220724150844,0.28220724150844134,24,78.28362336083356,21.139896706051623,125.79012590486057,tier1_rc,0.00010323524475097656,False
winter_145,winter,4.1827526941620015,5.7834774239353415,2.4087664482911966,44.37479987271332,68.31188175910715,concrete,concrete,brick,eps_foam,40.56959951318973,0.11203968795505824,1,36.57684303895597,single_pane,-10.0,-18.0,-2.0,144.69013887796973,3.5,18.0,18.0,18.0,0.0,24,63.7049902707067,10.334150491241163,88.53972793107626,tier1_rc,0.00010943412780761719,False
winter_146,winter,5.8530133353451,3.879072439225755,2.8136239134222656,31.089330366584043,73.64552882440563,sandwich_panel,sandwich_panel,cseb,eps_foam,73.62383554278323,0.35741179162821074,1,37.04162233534196,single_pane,-10.0,-18.0,-2.0,144.69013887796973,3.5,18.0,18.0,18.0,0.0,24,86.94394345612949,19.062527608206928,110.49356875451558,tier1_rc,0.00011038780212402344,False
winter_147,winter,7.408922006035711,5.646320956597782,3.1913835133952593,37.918743098784745,51.74910551365716,concrete,cseb,concrete,mineral_wool,128.440544825983,0.15373302059153726,0,0.0,single_pane,-10.0,-18.0,-2.0,144.69013887796973,3.5,18.186694346327887,18.0,19.272470957670983,1.2724709576709827,24,87.90858380193691,29.991201811317616,144.98878950211093,tier1_rc,0.00010418891906738281,False
winter_148,winter,5.947077558142435,3.161768923771931,2.8656064712982783,25.50144173139593,116.91767324532563,sandwich_panel,brick,brick,rock_wool,91.17323008715317,0.23730981557493186,1,46.101180303883815,double_pane,-10.0,-18.0,-2.0,144.69013887796973,3.5,18.05442213444142,18.0,18.5263879633307,0.5263879633306985,24,38.6959057525699,11.499938141098916,57.676565795834826,tier1_rc,0.000102996826171875,False
winter_149,winter,4.852081930015765,3.310244043541716,3.3965509445119784,10.47115489814473,111.46752124727463,sandwich_panel,timber,concrete,eps_foam,96.17196306045247,0.34716273582142215,1,23.544212478203235,double_pane,-10.0,-18.0,-2.0,144.69013887796973,3.5,18.309919848407176,18.0,19.452596834958133,1.4525968349581326,24,47.46696240948149,15.862929703724975,65.70436179066793,tier1_rc,0.0001087188720703125,False
winter_150,winter,3.2905596558198393,5.964490912315096,2.4347429633256987,25.093420084238595,147.58405334100163,cseb,concrete,brick,rock_wool,75.97527043142699,0.34796484847213466,0,0.0,single_pane,-10.0,-18.0,-2.0,144.69013887796973,3.5,18.0,18.0,18.0,0.0,24,79.6235434846439,15.875673536100443,95.97490701415984,tier1_rc,0.00043511390686035156,False
winter_151,winter,5.262330255744284,3.545813439126852,3.137049055285491,28.22600827730131,23.663266159265973,sandwich_panel,cseb,concrete,rock_wool,119.80731525957145,0.28068418711158905,0,0.0,double_pane,-10.0,-18.0,-2.0,144.69013887796973,3.5,22.03602086668388,18.0,31.964522755935032,13.964522755935032,19,49.55556077704693,35.17411732801424,56.8125527266597,tier1_rc,0.0001266002655029297,False
winter_152,winter,5.461420839690594,5.504359048629528,3.436401173009125,35.54008811836209,106.19935952098635,timber,concrete,cseb,mineral_wool,1.8938614305796286,0.0886230699193281,1,17.892284872795237,single_pane,-10.0,-18.0,-2.0,144.69013887796973,3.5,18.0,18.0,18.0,0.0,24,139.06485519819472,11.529447794076653,178.55205305132208,tier1_rc,0.00012445449829101562,False
winter_153,winter,3.947133994134383,3.7710973603817637,3.393963524258755,24.0785862364982,1.238674833694407,brick,timber,brick,xps_foam,105.97025665390832,0.26674895867959986,1,21.735704779140878,single_pane,-10.0,-18.0,-2.0,144.69013887796973,3.5,19.923784440661084,18.0,24.916514069998094,6.916514069998094,24,70.78738275694259,42.816729240703275,50.312665798691185,tier1_rc,0.00010943412780761719,False
winter_154,winter,5.780075224840299,4.08320472990791,2.9400722667462076,17.835126454410176,130.6758089042155,cseb,sandwich_panel,cseb,rock_wool,122.78863298286397,0.34962783865096475,0,0.0,double_pane,-10.0,-18.0,-2.0,144.69013887796973,3.5,18.093051520035562,18.0,18.799947537183833,0.7999475371838329,24,55.32862600011869,17.333023125802093,82.72638482788479,tier1_rc,0.000102996826171875,False
winter_155,winter,3.7523286352296843,5.386796027964027,2.523436712358421,39.891709438574814,20.18557822589877,cseb,sandwich_panel,cseb,mineral_wool,130.3675964113392,0.22778776742143458,0,0.0,single_pane,-10.0,-18.0,-2.0,144.69013887796973,3.5,20.344243770866797,18.0,27.946949767521055,9.946949767521055,24,60.383394514578136,30.796156410710726,64.89375790194326,tier1_rc,0.00010633468627929688,False
winter_156,winter,6.701860575782286,5.370703333790805,2.9622340654189006,43.48388955655671,153.5308041371334,sandwich_panel,concrete,concrete,eps_foam,123.19021537184484,0.23419103620842208,0,0.0,double_pane,-10.0,-18.0,-2.0,144.69013887796973,3.5,18.0,18.0,18.0,0.0,24,57.96591380151705,15.621961846469821,118.91344470518865,tier1_rc,0.00010538101196289062,False
winter_157,winter,4.5374288080843685,4.53180191141762,3.4587204043834943,11.850498418272126,166.1734949382335,timber,cseb,brick,rock_wool,122.29936751790694,0.08578874055290608,1,18.67522575021456,single_pane,-10.0,-18.0,-2.0,144.69013887796973,3.5,18.0,18.0,18.0,0.0,24,39.986326790673516,9.464587104763734,62.20372036260804,tier1_rc,0.00010991096496582031,False
winter_158,winter,6.107052317358373,3.391938090345553,2.82326185482748,18.153204878414936,21.30081627187421,concrete,sandwich_panel,cseb,eps_foam,42.25316396186468,0.39886730115003,1,35.43654460646381,double_pane,-10.0,-18.0,-2.0,144.69013887796973,3.5,19.667649122073712,18.0,21.882548740900535,3.8825487409005355,24,67.28765842429532,48.62926833834836,56.78133279683674,tier1_rc,0.00010585784912109375,False
winter_159,winter,5.91004124959075,5.424152472971951,3.447445105354293,39.40183715603822,89.28407500653292,concrete,brick,brick,rock_wool,53.44835826044648,0.2846561646259472,0,0.0,double_pane,-10.0,-18.0,-2.0,144.69013887796973,3.5,18.0,18.0,18.0,0.0,24,89.9939472304982,21.372497163664974,125.06712665600065,tier1_rc,0.00010657310485839844,False
winter_160,winter,6.027355453474535,4.445913306226332,2.9087967509840214,15.055027622678294,127.2439383651066,brick,brick,concrete,eps_foam,108.03361019017152,0.13237659269054758,0,0.0,double_pane,-10.0,-18.0,-2.0,144.69013887796973,3.5,18.0,18.0,18.0,0.0,24,40.59551691464911,10.968789388978282,83.85677085331577,tier1_rc,0.00010657310485839844,True
winter_161,winter,3.8424825583302455,4.284320657695715,2.2759987890503846,37.25118698852749,144.26736058597214,sandwich_panel,cseb,brick,xps_foam,89.83964222665296,0.13359664739327692,0,0.0,double_pane,-10.0,-18.0,-2.0,144.69013887796973,3.5,18.0,18.0,18.0,0.0,24,22.386863597944682,5.850819074598856,40.487911161029146,tier1_rc,0.00010919570922851562,False
winter_162,winter,3.38175600386251,3.6783393736758603,3.1025331735240367,5.341635493271688,20.871276616463913,timber,brick,cseb,xps_foam,93.71866379471257,0.1961185372004477,1,33.6237629396091,double_pane,-10.0,-18.0,-2.0,144.69013887796973,3.5,19.21710173573436,18.0,20.86416402681937,2.8641640268193704,24,29.249091957577285,21.17755839659678,29.489736058527754,tier1_rc,0.00011324882507324219,False
winter_163,winter,6.236220168634604,5.0007249514037495,2.994744623707347,18.349657851151264,141.56845440580616,cseb,sandwich_panel,cseb,xps_foam,72.52724005448904,0.2607087678100243,0,0.0,single_pane,-10.0,-18.0,-2.0,144.69013887796973,3.5,18.0,18.0,18.0,0.0,24,91.55396951591867,19.37518988008504,128.86760211380673,tier1_rc,0.00022935867309570312,False
winter_164,winter,7.7403503745874955,4.559953812011567,3.2354996513362653,29.897937179149512,81.26239919170084,timber,sandwich_panel,brick,mineral_wool,69.98673378139696,0.15179929671190723,0,0.0,single_pane,-10.0,-18.0,-2.0,144.69013887796973,3.5,18.0,18.0,18.0,0.0,24,76.47822869295673,15.930800840243599,116.55582358053462,tier1_rc,0.00012445449829101562,False
winter_165,winter,4.391726375292678,4.105342425596428,2.35597628319505,27.93200254312596,170.80157035995234,sandwich_panel,brick,cseb,xps_foam,23.56061819010873,0.18723142931451564,0,0.0,single_pane,-10.0,-18.0,-2.0,144.69013887796973,3.5,18.0,18.0,18.0,0.0,24,49.792971579058666,8.79010761766844,70.94238380954069,tier1_rc,0.00010728836059570312,False
winter_166,winter,4.995494303530011,5.58839411687415,2.5043087324186812,34.125511428173056,64.47810724574865,sandwich_panel,cseb,brick,eps_foam,141.01729202325913,0.3802091567690742,0,0.0,single_pane,-10.0,-18.0,-2.0,144.69013887796973,3.5,18.118701252158484,18.0,19.067340505087905,1.0673405050879055,24,93.27298285540932,26.69156801217856,113.56942333150955,tier1_rc,0.00010395050048828125,False
winter_167,winter,3.9302065117872496,4.354057273056984,2.850528027826493,2.193830409532659,96.53933630043865,concrete,timber,brick,xps_foam,61.59451854888004,0.32710460919007744,1,8.572601219940138,single_pane,-10.0,-18.0,-2.0,144.69013887796973,3.5,18.0,18.0,18.0,0.0,24,75.80168991186272,16.461959547715658,88.43940976338455,tier1_rc,0.00011849403381347656,True
winter_168,winter,6.333630928394703,3.353927885695059,2.826491755995447,1.2945023448229203,171.3494284244076,concrete,brick,concrete,eps_foam,9.440800458410667,0.1972394576818462,0,0.0,double_pane,-10.0,-18.0,-2.0,144.69013887796973,3.5,18.0,18.0,18.0,0.0,24,99.83641548447497,12.27574876945713,131.60129482021875,tier1_rc,0.00011181831359863281,False
winter_169,winter,7.328593381090443,4.896962033815901,2.4865445515558826,4.796404446670807,85.48772553373966,sandwich_panel,cseb,concrete,eps_foam,48.76816214265925,0.33386151876882514,1,23.13943471664176,double_pane,-10.0,-18.0,-2.0,144.69013887796973,3.5,18.0,18.0,18.0,0.0,24,68.06078990271129,16.909444388920505,127.80263145155027,tier1_rc,0.0001201629638671875,False
winter_170,winter,3.8888611543200806,5.8062326599212515,2.9729855692945986,23.243985748519084,69.32296368168929,cseb,concrete,concrete,mineral_wool,129.23887455300883,0.09291661919666919,0,0.0,double_pane,-10.0,-18.0,-2.0,144.69013887796973,3.5,18.005186256130745,18.0,18.073067056526114,0.07306705652611356,24,32.97730970332002,9.262529392642373,68.7263592100728,tier1_rc,0.00013017654418945312,False
winter_171,winter,7.963525428283128,5.936558589219366,3.0619138226863454,6.157902030640559,95.1570035631025,timber,sandwich_panel,brick,rock_wool,54.095515198746625,0.11536318002303969,0,0.0,single_pane,-10.0,-18.0,-2.0,144.69013887796973,3.5,18.0,18.0,18.0,0.0,24,77.37842823455279,14.721321376241049,134.96081241878298,tier1_rc,0.00010752677917480469,False
winter_172,winter,7.872472175534417,3.201285909132588,3.037918317452811,14.63564608179639,155.14135418541724,timber,sandwich_panel,brick,mineral_wool,116.48205055699633,0.1380429657901625,0,0.0,single_pane,-10.0,-18.0,-2.0,144.69013887796973,3.5,18.0,18.0,18.0,0.0,24,55.36494077467539,12.775377618680544,81.62613649026609,tier1_rc,0.0001633167266845703,False
winter_173,winter,4.4673548745671345,4.679596007711578,2.9769415463176054,28.45473526999546,98.4582065079563,sandwich_panel,cseb,cseb,eps_foam,131.47744262714536,0.2740748135476538,0,0.0,single_pane,-10.0,-18.0,-2.0,144.69013887796973,3.5,18.0,18.0,18.0,0.0,24,70.04419280321754,15.528503512999213,92.72661309690015,tier1_rc,0.00019431114196777344,False
winter_174,winter,4.498041593629123,4.179401756626827,2.7163829334545833,15.576636349353814,19.47906110821448,sandwich_panel,cseb,brick,mineral_wool,66.04212757106065,0.08433797720085913,0,0.0,double_pane,-10.0,-18.0,-2.0,144.69013887796973,3.5,18.718369019401376,18.0,21.500004011293367,3.500004011293367,24,25.985195737428473,11.833343393471429,41.79175896194897,tier1_rc,0.00021958351135253906,False
winter_175,winter,4.9592497324191,3.8893688282929615,2.3648020732740997,29.203401872237833,22.086381904996287,timber,brick,cseb,eps_foam,54.8569763490798,0.30087489793929334,0,0.0,single_pane,-10.0,-18.0,-2.0,144.69013887796973,3.5,20.343010626987017,18.0,28.6372923285975,10.6372923285975,22,73.4902224147388,34.953657695461835,72.90743720362167,tier1_rc,0.0001952648162841797,False
winter_176,winter,7.53554494932498,3.9029215610559858,2.244069916890311,21.303615368944815,146.49470720668987,sandwich_panel,timber,brick,xps_foam,60.528308824361076,0.32635190886707727,1,30.700701905805506,single_pane,-10.0,-18.0,-2.0,144.69013887796973,3.5,18.0,18.0,18.0,0.0,24,82.8864285130492,16.665188056035916,113.00607352893574,tier1_rc,0.0002071857452392578,False
winter_177,winter,7.757572071765315,4.874565044049201,3.3487713398359444,29.404229427202992,69.77709700617409,brick,cseb,cseb,rock_wool,55.75853080526411,0.2758008621657812,0,0.0,single_pane,-10.0,-18.0,-2.0,144.69013887796973,3.5,18.0,18.0,18.0,0.0,24,137.0419828189215,28.790483237957577,179.73153600958636,tier1_rc,0.00019311904907226562,False
winter_178,winter,4.677306682840456,4.686084931583156,3.430277735980578,3.2883845872109347,112.3320780936766,sandwich_panel,cseb,concrete,rock_wool,15.276963553539886,0.12008086809669795,0,0.0,single_pane,-10.0,-18.0,-2.0,144.69013887796973,3.5,18.0,18.0,18.0,0.0,24,60.065543709642604,10.845162390802049,94.61902795028493,tier1_rc,0.00018405914306640625,True
winter_179,winter,5.14941373363026,3.498424766586825,3.083108114230277,34.20363959634155,14.868777464309021,cseb,timber,concrete,eps_foam,6.742122161855974,0.3965744602464198,0,0.0,double_pane,-10.0,-18.0,-2.0,144.69013887796973,3.5,21.34515797293783,18.0,32.2169598229092,14.216959822909203,19,94.36284866141501,49.207061506902356,88.05232598518562,tier1_rc,0.00010013580322265625,False
winter_180,winter,6.81272732607694,5.5395088235625,3.347667725392337,17.390500728194617,139.0829254553446,concrete,sandwich_panel,brick,rock_wool,82.71571514264814,0.30910214307098843,1,23.410463519384276,single_pane,-10.0,-18.0,-2.0,144.69013887796973,3.5,18.0,18.0,18.0,0.0,24,128.42831180536206,27.753589303256398,167.4954713824078,tier1_rc,0.00010800361633300781,False
winter_181,winter,4.939566840721682,3.8979813274839046,3.07619747097708,13.407331663724161,40.88151790248436,brick,sandwich_panel,concrete,xps_foam,88.52557844649711,0.14409411576161732,0,0.0,single_pane,-10.0,-18.0,-2.0,144.69013887796973,3.5,18.92714790248719,18.0,22.483772141838635,4.483772141838635,24,49.23317025468714,21.30400923243461,67.72448139444607,tier1_rc,0.00010752677917480469,False
winter_182,winter,5.762901184034721,5.205621584343241,2.763568660842094,3.393253526643988,25.337536071800777,timber,timber,brick,rock_wool,8.229761653914622,0.14662005643449721,0,0.0,single_pane,-10.0,-18.0,-2.0,144.69013887796973,3.5,18.489113519112692,18.0,20.926974635450573,2.9269746354505735,24,76.59464183462254,26.809400151991817,95.67156420935277,tier1_rc,0.00010848045349121094,False
winter_183,winter,6.9057801352496195,3.653271466053151,2.735449374430494,44.66570315960068,84.1668559322924,sandwich_panel,concrete,cseb,xps_foam,80.41556347919364,0.3277405520261574,1,0.8020160701605873,single_pane,-10.0,-18.0,-2.0,144.69013887796973,3.5,18.0,18.0,18.0,0.0,24,91.17049766403429,18.81310700832657,118.67234562363022,tier1_rc,0.000118255615234375,False
winter_184,winter,7.614878127286125,4.795023522976346,2.9907486184081913,30.523771062783265,17.737999506396697,brick,timber,concrete,rock_wool,37.002592553585195,0.238432672618551,0,0.0,single_pane,-10.0,-18.0,-2.0,144.69013887796973,3.5,19.17930598979711,18.0,23.75605614081276,5.75605614081276,24,123.02869358935948,52.71993393001199,148.97073832939918,tier1_rc,0.00011181831359863281,False
winter_185,winter,3.092970565621424,4.489331742452985,2.6480971879316852,12.115804834166523,162.81743461186255,brick,concrete,cseb,mineral_wool,97.47458326902576,0.2483550483818715,0,0.0,single_pane,-10.0,-18.0,-2.0,144.69013887796973,3.5,18.0,18.0,18.0,0.0,24,52.719306676684795,11.4563655246038,65.59330373454031,tier1_rc,0.00011491775512695312,False
winter_186,winter,6.918387410473488,3.835244388267671,3.057738566452845,9.02666796808593,158.61108976219973,timber,sandwich_panel,brick,mineral_wool,92.10912147621303,0.14983380182590633,0,0.0,single_pane,-10.0,-18.0,-2.0,144.69013887796973,3.5,18.0,18.0,18.0,0.0,24,59.22384649765037,13.065920921737153,87.62846505595522,tier1_rc,0.00011348724365234375,False
winter_187,winter,7.13572951660339,3.5336893455712812,3.1864934142490444,33.65062056084507,42.19688748683156,concrete,cseb,brick,rock_wool,18.019706518746688,0.27940060229153474,1,47.42915303874764,double_pane,-10.0,-18.0,-2.0,144.69013887796973,3.5,18.501275040706396,18.0,19.73367647100947,1.7336764710094705,24,109.39093859098115,37.29854269939393,107.00923227388253,tier1_rc,0.00011587142944335938,False
winter_188,winter,7.336464617313549,4.184942376852573,2.894474849929832,0.5310435803319612,33.47070291491238,timber,cseb,brick,xps_foam,26.127398078609495,0.06151365230261784,0,0.0,single_pane,-10.0,-18.0,-2.0,144.69013887796973,3.5,18.000739795858237,18.0,18.017755100597732,0.01775510059773211,24,59.36451560749787,14.941637957910647,89.26107764851942,tier1_rc,0.00011682510375976562,False
winter_189,winter,3.256219583620263,5.61252730199808,2.7551230191569065,22.609112025387617,10.733565444839666,concrete,sandwich_panel,concrete,mineral_wool,126.52197667023867,0.18865317306397417,1,35.96705550295756,single_pane,-10.0,-18.0,-2.0,144.69013887796973,3.5,19.280584769970886,18.0,21.003552638385305,3.0035526383853046,24,53.08335489211934,29.638340108303517,53.1906496990146,tier1_rc,0.0001304149627685547,False
winter_190,winter,3.3618111757740254,5.704706086459737,3.210174422547186,7.235918096590519,49.97510546769442,cseb,timber,brick,rock_wool,35.912409716072,0.3844160369298864,1,47.25359917898555,double_pane,-10.0,-18.0,-2.0,144.69013887796973,3.5,19.122585585269114,18.0,20.794481692362933,2.7944816923629325,24,72.52036372726371,35.90493749262178,58.90486039366044,tier1_rc,0.000133514404296875,False
winter_191,winter,6.480876234108574,5.107265702978733,2.5713305561162043,43.33090857025064,161.06985618485504,sandwich_panel,timber,brick,mineral_wool,115.64748590173791,0.28325174642994366,0,0.0,single_pane,-10.0,-18.0,-2.0,144.69013887796973,3.5,18.0,18.0,18.0,0.0,24,86.16314736170148,17.405453607604223,122.1752774994409,tier1_rc,0.00012946128845214844,False
winter_192,winter,4.203629813412204,4.802520098710476,2.599468016583052,12.532763905024407,145.9076657504161,brick,sandwich_panel,cseb,mineral_wool,80.87962346439286,0.36224572101167957,1,31.637274070597034,double_pane,-10.0,-18.0,-2.0,144.69013887796973,3.5,18.06560791174295,18.0,18.614363042190103,0.614363042190103,24,49.148564668589415,14.596128487601252,71.726322308645,tier1_rc,0.0001327991485595703,False
winter_193,winter,7.392208591009523,4.206079399775845,3.152289315828871,26.43723289361538,51.411691936733014,cseb,cseb,cseb,eps_foam,66.86359783492708,0.3823472946140078,1,35.76019638303301,single_pane,-10.0,-18.0,-2.0,144.69013887796973,3.5,18.839544143843117,18.0,20.620932160175744,2.6209321601757445,24,141.08495777976722,52.75674139309802,128.2120783129076,tier1_rc,0.0001323223114013672,False
winter_194,winter,4.778283922852712,3.1163072715865905,3.4816440118619774,4.385526676527015,139.84199799158716,brick,concrete,concrete,eps_foam,94.25103407360555,0.38758316850610236,1,45.022137953898884,single_pane,-10.0,-18.0,-2.0,144.69013887796973,3.5,18.0,18.0,18.0,0.0,24,94.40233509105549,21.264246420928828,108.54170759358843,tier1_rc,0.00013303756713867188,False
winter_195,winter,6.516686172711106,4.333864835152702,2.490810955644994,16.213708763016655,61.92512910731543,concrete,concrete,brick,rock_wool,38.76953430446345,0.1805719869995055,1,39.83069907409331,double_pane,-10.0,-18.0,-2.0,144.69013887796973,3.5,18.0,18.0,18.0,0.0,24,66.43168047105146,15.367205133693561,93.9355595869414,tier1_rc,0.0001392364501953125,False
winter_196,winter,6.9587133227786175,5.565056854664654,3.043234762985927,38.46477489730629,27.868702378017343,cseb,cseb,cseb,rock_wool,50.08169347948366,0.059206566712860696,0,0.0,double_pane,-10.0,-18.0,-2.0,144.69013887796973,3.5,18.0,18.0,18.0,0.0,24,67.90788214702056,15.85348653160292,115.08546236615325,tier1_rc,0.00013399124145507812,False
winter_197,winter,5.1201165836840055,3.4315216313277634,2.4166890950743096,21.619063197541937,54.0660605957566,timber,sandwich_panel,concrete,xps_foam,125.84282602868504,0.07636472809365574,1,11.788652482529907,double_pane,-10.0,-18.0,-2.0,144.69013887796973,3.5,18.210001581858023,18.0,19.083383500338275,1.0833835003382752,24,19.05631645652018,7.495339571212379,44.8883050607219,tier1_rc,0.00014066696166992188,False
winter_198,winter,4.039895010030121,4.6906119464579294,3.047839889491783,36.066449732717786,175.62222022172793,cseb,concrete,cseb,rock_wool,95.41510001311364,0.2656056168818783,0,0.0,single_pane,-10.0,-18.0,-2.0,144.69013887796973,3.5,18.0,18.0,18.0,0.0,24,73.73503528364839,15.512683170518459,92.91954634507584,tier1_rc,0.000141143798828125,False
winter_199,winter,6.684178441283179,5.325971203914924,3.3533854761346573,12.797800579096545,97.68484730315336,cseb,concrete,brick,mineral_wool,101.41226887671044,0.08988601376490438,1,27.122548048230076,double_pane,-10.0,-18.0,-2.0,144.69013887796973,3.5,18.0,18.0,18.0,0.0,24,52.391580756952784,11.903424531695487,95.11283366691474,tier1_rc,0.0001590251922607422,False
winter_200,winter,4.0014452469383,5.1885994459531055,2.881729929337364,24.777828918595358,65.2588461669506,sandwich_panel,concrete,concrete,xps_foam,1.361896318271717,0.05937472796617094,0,0.0,single_pane,-10.0,-18.0,-2.0,144.69013887796973,3.5,18.0,18.0,18.0,0.0,24,72.85716806136647,7.54913335189301,105.84936599314902,tier1_rc,0.00015616416931152344,False
winter_201,winter,6.859500715834999,5.545674844067577,2.2682368494169713,42.033631337034436,83.53689039406251,brick,brick,concrete,eps_foam,137.3108409928881,0.1645256865770725,0,0.0,double_pane,-10.0,-18.0,-2.0,144.69013887796973,3.5,18.0,18.0,18.0,0.0,24,47.38068072357355,11.167679326733625,111.2343441531112,tier1_rc,0.0001666545867919922,False
winter_202,winter,3.316594903738872,4.884288326379442,3.023358996319373,11.394203353525967,45.47520115577492,cseb,timber,brick,xps_foam,112.74054267875646,0.358221735807481,0,0.0,double_pane,-10.0,-18.0,-2.0,144.69013887796973,3.5,21.82553059163023,18.0,33.45432707957931,15.454327079579308,19,52.56351547148439,31.15481654703233,51.212819672855126,tier1_rc,0.0001914501190185547,False
winter_203,winter,5.793412755770685,3.442529241993701,3.121389979430239,0.42167453692865414,4.0827025035620474,cseb,cseb,cseb,xps_foam,43.7949756065425,0.3772740134127265,0,0.0,double_pane,-10.0,-18.0,-2.0,144.69013887796973,3.5,23.605804924867957,18.0,39.001892708503945,21.001892708503945,17,80.41797906945592,52.403967856149436,69.43952955946449,tier1_rc,0.0001728534698486328,False
winter_204,winter,5.739295793023866,4.043095980454845,3.123073722256678,41.18822348395486,72.35798735805052,concrete,timber,brick,eps_foam,33.5383265161371,0.1477131451484941,1,21.045030792282855,single_pane,-10.0,-18.0,-2.0,144.69013887796973,3.5,18.0,18.0,18.0,0.0,24,77.45901001428425,13.476305791232393,100.38667308820683,tier1_rc,0.00018835067749023438,False
winter_205,winter,4.587423781029698,4.549022120025546,3.2856376639086613,0.26991562930176694,60.488774836318505,cseb,cseb,brick,xps_foam,31.76808594476856,0.23516233200790726,0,0.0,double_pane,-10.0,-18.0,-2.0,144.69013887796973,3.5,18.27757850273797,18.0,19.897055242087824,1.8970552420878235,24,62.74773844472595,20.083207640252894,77.85238758528898,tier1_rc,0.0001690387725830078,False
winter_206,winter,5.4182065851434915,4.651972793947117,2.7621805328853064,5.058879840946709,29.84716298992952,sandwich_panel,cseb,concrete,eps_foam,109.93248095197188,0.17256556857054567,1,0.9329920336404885,double_pane,-10.0,-18.0,-2.0,144.69013887796973,3.5,19.26513637631716,18.0,22.812744898016597,4.8127448980165966,24,37.94526259086391,22.391200722981637,67.09213873289482,tier1_rc,0.00017404556274414062,False
winter_207,winter,6.729588508757569,4.1115332894949175,2.705270153688483,38.84473247833355,128.90283505785024,sandwich_panel,concrete,concrete,eps_foam,104.68037482982191,0.05608661051346633,1,16.79817760191855,single_pane,-10.0,-18.0,-2.0,144.69013887796973,3.5,18.0,18.0,18.0,0.0,24,35.21389725803071,7.067730227676857,81.6377677973085,tier1_rc,0.00018072128295898438,False
winter_208,winter,6.301376740178898,4.121490028799478,3.331657016732402,10.165850827980115,104.36967840680995,sandwich_panel,cseb,concrete,mineral_wool,57.066288230258714,0.10447656639980502,1,26.896847269804415,double_pane,-10.0,-18.0,-2.0,144.69013887796973,3.5,18.0,18.0,18.0,0.0,24,39.2565359543967,9.772838937271393,82.55098824685005,tier1_rc,0.00017690658569335938,False
winter_209,winter,7.087333885271654,3.788717067414889,2.499949700463751,10.50922328115584,11.562975020552155,concrete,sandwich_panel,concrete,mineral_wool,44.77938862575972,0.3628105421714564,1,2.9120903949879073,single_pane,-10.0,-18.0,-2.0,144.69013887796973,3.5,20.27359365464257,18.0,27.769464269783086,9.769464269783086,24,111.62597284595671,57.60725564734206,112.518146189746,tier1_rc,0.00017642974853515625,False
winter_210,winter,7.920920484536387,4.3917949405614145,3.0980861375993043,36.40682176859278,105.52929365945651,sandwich_panel,timber,brick,eps_foam,111.38083073531895,0.2465799792401896,1,22.91578717961782,double_pane,-10.0,-18.0,-2.0,144.69013887796973,3.5,18.007690602003663,18.0,18.106810360099427,0.10681036009942702,24,59.10369833367692,17.22959051531674,99.78515093534118,tier1_rc,0.00017714500427246094,False
winter_211,winter,5.706955927511425,5.316048981624521,2.4002568040137167,8.86302693744792,122.2519649679123,concrete,concrete,brick,eps_foam,43.131738391149064,0.11687569950536413,1,45.57948491678678,single_pane,-10.0,-18.0,-2.0,144.69013887796973,3.5,18.0,18.0,18.0,0.0,24,68.08901390352177,10.428379207560925,101.85200310225946,tier1_rc,0.0001842975616455078,False
winter_212,winter,4.413524496102097,3.242047677414173,3.4308372860956085,0.041724550164957984,106.24928400202455,cseb,sandwich_panel,concrete,eps_foam,124.00790736752602,0.29575594088005425,0,0.0,single_pane,-10.0,-18.0,-2.0,144.69013887796973,3.5,18.0,18.0,18.0,0.0,24,69.86708861182588,16.480756818560558,85.80725573184836,tier1_rc,0.00019288063049316406,False
winter_213,winter,3.3254344543726986,3.5601337125313677,3.3045934994293003,29.638143762855414,37.87467657328366,cseb,brick,concrete,xps_foam,64.35797434473675,0.36758090834092133,0,0.0,single_pane,-10.0,-18.0,-2.0,144.69013887796973,3.5,21.040012828681114,18.0,32.158060790612886,14.158060790612886,20,85.66107657670888,39.43042090636807,74.52206064856645,tier1_rc,0.00020694732666015625,False
winter_214,winter,3.1503336910018307,4.631164701635763,3.004694278450129,8.284471032969321,125.79788607370003,cseb,sandwich_panel,brick,xps_foam,24.696818579892234,0.25456510577020786,1,20.028400765152384,single_pane,-10.0,-18.0,-2.0,144.69013887796973,3.5,18.0,18.0,18.0,0.0,24,68.49982110377721,13.249750245202922,79.43908117528538,tier1_rc,0.00020885467529296875,False
winter_215,winter,5.3495924859852995,3.687798421088477,2.7125816894874495,23.01547151445457,2.102636953079314,concrete,sandwich_panel,brick,rock_wool,90.47239502164601,0.0752603448026283,1,1.1891499613482253,double_pane,-10.0,-18.0,-2.0,144.69013887796973,3.5,18.773580589615467,18.0,21.435141216687967,3.435141216687967,24,28.886324734593014,13.44017673486415,43.92690313111346,tier1_rc,0.00019979476928710938,False
winter_216,winter,4.232818452716066,5.856035637646352,2.99757102408676,26.69236788981825,39.150176549373214,timber,concrete,concrete,rock_wool,107.37119369190899,0.0734889563624874,0,0.0,single_pane,-10.0,-18.0,-2.0,144.69013887796973,3.5,18.17641519904666,18.0,19.15222270695722,1.1522227069572217,24,41.29482470813389,14.440942129816932,75.90667452874634,tier1_rc,0.00020313262939453125,False
winter_217,winter,5.218571580485694,5.077840752095687,2.453364398062453,18.93310950846378,85.05258015420301,brick,sandwich_panel,cseb,eps_foam,50.88462684736639,0.24246828751091953,1,10.173580784337425,single_pane,-10.0,-18.0,-2.0,144.69013887796973,3.5,18.0,18.0,18.0,0.0,24,71.97895808657684,14.19629850218902,103.29345009997432,tier1_rc,0.00022077560424804688,False
winter_218,winter,6.221499718665756,5.753644396459898,2.924776022868322,21.070258062195684,93.91431970734575,concrete,brick,concrete,rock_wool,96.77523387943823,0.3945861542525458,1,37.96641083743461,single_pane,-10.0,-18.0,-2.0,144.69013887796973,3.5,18.0,18.0,18.0,0.0,24,134.7262790301024,27.82215835898831,188.27041700566534,tier1_rc,0.00021719932556152344,False
winter_219,winter,7.901865688416419,3.7418824762878073,2.579818557683708,0.8132086054781213,63.51538362002999,brick,sandwich_panel,concrete,eps_foam,7.013826876033201,0.33477995853109804,0,0.0,single_pane,-10.0,-18.0,-2.0,144.69013887796973,3.5,18.0,18.0,18.0,0.0,24,131.81801260870074,29.080939521311088,166.4150579859083,tier1_rc,0.0002071857452392578,False
winter_220,winter,3.9111306158716093,3.4083086529261717,2.3810823206249796,21.586499791343236,32.32793362193917,cseb,concrete,concrete,mineral_wool,76.46434773290758,0.30317853975259434,0,0.0,single_pane,-10.0,-18.0,-2.0,144.69013887796973,3.5,20.027515135688713,18.0,27.335138350446854,9.335138350446854,24,59.455098064638555,27.126682693834596,60.62017009356043,tier1_rc,0.0002014636993408203,False
winter_221,winter,3.664457631984143,3.5717274540440926,2.3968189590607807,10.2338374193146,177.22145279533638,cseb,cseb,concrete,xps_foam,30.058912464835526,0.22892178788427453,0,0.0,double_pane,-10.0,-18.0,-2.0,144.69013887796973,3.5,18.0,18.0,18.0,0.0,24,37.16259310154997,7.931291464568501,55.91014374021307,tier1_rc,0.0002238750457763672,False
winter_222,winter,6.0047875051039785,5.145526072482079,3.143167056767413,9.229852132132468,58.09817153694086,cseb,brick,cseb,rock_wool,15.601714135098653,0.07186251225510806,1,3.974411408943826,double_pane,-10.0,-18.0,-2.0,144.69013887796973,3.5,18.0,18.0,18.0,0.0,24,93.25526040187793,12.221204185534827,132.0100185156454,tier1_rc,0.00028586387634277344,False
winter_223,winter,3.495894129303613,5.981579298482277,2.28090246105241,20.447092519574117,102.08615422160655,sandwich_panel,concrete,cseb,mineral_wool,140.9611276665375,0.13544080486062562,0,0.0,single_pane,-10.0,-18.0,-2.0,144.69013887796973,3.5,18.0,18.0,18.0,0.0,24,37.07544036040129,7.800725946836184,62.99021773765099,tier1_rc,0.00025534629821777344,False
winter_224,winter,4.629722960596933,5.2931109854754705,3.3183908813014895,2.0557471186931404,87.25869971676941,sandwich_panel,sandwich_panel,concrete,xps_foam,87.85508294307526,0.07852000014998584,1,13.063022994890943,double_pane,-10.0,-18.0,-2.0,144.69013887796973,3.5,18.004950250593843,18.0,18.0702979852088,0.07029798520879993,24,26.76836051633797,8.24299148891668,67.86723773888927,tier1_rc,0.0002675056457519531,True
winter_225,winter,6.973161076853497,4.193764536303572,2.5157479875670576,7.845968929561992,168.19514978617187,sandwich_panel,cseb,cseb,eps_foam,147.65870593889156,0.39174691768847153,1,19.09219352626431,double_pane,-10.0,-18.0,-2.0,144.69013887796973,3.5,18.0289377691588,18.0,18.32657629901934,0.32657629901934015,24,58.5956978639138,17.574851957977685,95.08285772437277,tier1_rc,0.00025725364685058594,False
winter_226,winter,6.443182747799238,4.949132885163568,2.948703072312447,32.483855605230296,38.55425621408515,cseb,cseb,brick,xps_foam,142.38146896150766,0.35936529177152093,1,36.242366952376756,double_pane,-10.0,-18.0,-2.0,144.69013887796973,3.5,19.784993947140496,18.0,21.7737038830052,3.7737038830052008,24,71.68870161660476,46.727895673959274,70.89351212045284,tier1_rc,0.0002503395080566406,False
winter_227,winter,3.0206596385802564,5.995274440166631,2.4318368250231703,5.757042091593054,92.4432176351005,brick,timber,brick,xps_foam,19.254093709293546,0.276883232872207,1,29.233000506078742,single_pane,-10.0,-18.0,-2.0,144.69013887796973,3.5,18.0,18.0,18.0,0.0,24,77.0232758085965,13.422251458742634,92.31756945711406,tier1_rc,0.0002598762512207031,False
winter_228,winter,7.287708081045038,3.559281496645138,3.4630986877664047,36.5277612616191,47.44698900945746,timber,timber,cseb,mineral_wool,58.75324670978182,0.12178695937618995,1,3.006300001910883,single_pane,-10.0,-18.0,-2.0,144.69013887796973,3.5,18.354220427131228,18.0,19.94962299163021,1.9496229916302106,24,66.5133941640018,22.917511281988688,88.2238809816753,tier1_rc,0.00025010108947753906,False
winter_229,winter,6.775823725606653,5.118191155696779,2.9443933634678414,35.23572186924945,44.39965912244463,timber,brick,cseb,eps_foam,64.78402716949977,0.3664358836551521,1,24.044422259533363,double_pane,-10.0,-18.0,-2.0,144.69013887796973,3.5,18.80289639631023,18.0,20.39084420688017,2.390844206880171,24,83.7824891441616,45.24324864918421,99.88364720737829,tier1_rc,0.00025653839111328125,False
winter_230,winter,4.532797515203286,4.9643001709640595,2.264331439789875,19.208838557285294,152.8995810002135,timber,brick,cseb,mineral_wool,115.18668039115127,0.39611938857747525,0,0.0,single_pane,-10.0,-18.0,-2.0,144.69013887796973,3.5,18.0,18.0,18.0,0.0,24,80.55247242638156,16.453464064914122,104.62134534884237,tier1_rc,0.0005812644958496094,False
winter_231,winter,6.676462356725599,5.672403569476936,2.9226670571235793,15.16413122206286,66.29987421041199,brick,brick,cseb,xps_foam,146.62195342614356,0.21584198144336525,1,15.1668618981742,single_pane,-10.0,-18.0,-2.0,144.69013887796973,3.5,18.01375161639782,18.0,18.201314769131937,0.2013147691319368,24,85.16385831282918,23.29413061900645,128.68445317836228,tier1_rc,0.00029730796813964844,False
winter_232,winter,7.679600905573435,4.727131075864365,2.6582481232908286,22.76056930017603,91.45053315507637,cseb,sandwich_panel,brick,mineral_wool,114.50323873842707,0.2868446755650585,0,0.0,single_pane,-10.0,-18.0,-2.0,144.69013887796973,3.5,18.0,18.0,18.0,0.0,24,97.2004145281803,20.26063195894602,136.16186043636802,tier1_rc,0.00011706352233886719,False
winter_233,winter,5.989349546495589,3.8114002945629837,3.4742906216800344,40.01942090590057,156.88287496263453,brick,brick,cseb,xps_foam,123.58358147266922,0.316812930910593,0,0.0,double_pane,-10.0,-18.0,-2.0,144.69013887796973,3.5,18.163938736220732,18.0,19.207321915535964,1.2073219155359638,24,59.9245943266424,19.456688981332547,85.21763250791994,tier1_rc,0.0001010894775390625,True
winter_234,winter,3.600239648308133,5.860149533032791,2.8677402038200177,42.630232748275795,91.03852169956632,brick,concrete,cseb,eps_foam,103.33957496296641,0.15086150335192766,1,15.073203770906332,single_pane,-10.0,-18.0,-2.0,144.69013887796973,3.5,18.0,18.0,18.0,0.0,24,53.277573277248514,11.62197109779854,77.4376950164267,tier1_rc,0.00010704994201660156,True
winter_235,winter,7.708241619677382,5.593633297200837,3.298897266901924,13.68762387640267,92.199870044113,cseb,concrete,brick,rock_wool,81.33466150152682,0.20618490304445952,1,41.135214631661846,double_pane,-10.0,-18.0,-2.0,144.69013887796973,3.5,18.0,18.0,18.0,0.0,24,80.0798355310245,18.906250496823194,132.42686169834784,tier1_rc,0.00011754035949707031,False
winter_236,winter,3.802491318684644,5.765537176614195,3.2216792395916043,23.73609883499664,110.66761132450989,brick,cseb,concrete,eps_foam,62.489421994288364,0.3156309116331072,1,45.970499764813106,double_pane,-10.0,-18.0,-2.0,144.69013887796973,3.5,18.023000161565715,18.0,18.28511227339456,0.28511227339456013,24,63.23536363594673,17.57185121782733,95.021028846741,tier1_rc,0.00012111663818359375,False
winter_237,winter,4.839068785650286,5.687249689593697,3.3133852306234237,35.39175975162035,89.65096362122478,sandwich_panel,timber,brick,eps_foam,39.98913827214795,0.2625097425346746,1,11.474100480123788,double_pane,-10.0,-18.0,-2.0,144.69013887796973,3.5,18.010298856766678,18.0,18.145546686624517,0.14554668662451675,24,58.08116451865571,16.419084956489527,88.86060786042225,tier1_rc,0.0001125335693359375,False
winter_238,winter,3.4732238944134095,3.6255531197198927,3.168747643407995,33.28923042864599,40.31834864987267,timber,timber,brick,mineral_wool,70.55347375762338,0.39065381388805176,0,0.0,double_pane,-10.0,-18.0,-2.0,144.69013887796973,3.5,23.150539477740892,18.0,38.76322687645395,20.76322687645395,18,54.244207507151934,32.626339213260025,46.03501449661251,tier1_rc,0.00010275840759277344,False
winter_239,winter,7.168268263520075,4.834505063871999,2.221016495160925,7.019581432108627,8.604008253457732,cseb,timber,cseb,eps_foam,29.137591588876564,0.06680066872332341,0,0.0,single_pane,-10.0,-18.0,-2.0,144.69013887796973,3.5,18.0,18.0,18.0,0.0,24,61.04589622060926,14.534322484815922,100.43712961834925,tier1_rc,9.989738464355469e-05,False
winter_240,winter,4.141765606605637,3.5069972808785748,3.4199319907234385,10.74605005595001,134.8653504643952,sandwich_panel,brick,concrete,rock_wool,148.47701837532992,0.3505890854241741,0,0.0,single_pane,-10.0,-18.0,-2.0,144.69013887796973,3.5,18.0,18.0,18.0,0.0,24,78.0597471204407,17.94071267181214,93.88195648695958,tier1_rc,0.00010085105895996094,False
winter_241,winter,6.133026036618746,3.1956082148679408,3.2718759592603837,27.658439383623854,72.73401093846677,cseb,sandwich_panel,concrete,rock_wool,32.0947401421701,0.31166967654226074,1,38.98286705064254,double_pane,-10.0,-18.0,-2.0,144.69013887796973,3.5,18.007987957272235,18.0,18.110905145641635,0.11090514564163456,24,65.28909177774437,16.89580311265089,92.60286774815216,tier1_rc,0.00010609626770019531,False
winter_242,winter,6.20874962593326,5.063965940425124,2.5759358804984926,4.643617227352984,151.66584580747437,brick,timber,brick,eps_foam,129.77255279913368,0.1195170812944363,1,43.47055550311214,single_pane,-10.0,-18.0,-2.0,144.69013887796973,3.5,18.0,18.0,18.0,0.0,24,50.62096121196862,11.111795253077535,85.99546792037931,tier1_rc,0.00010418891906738281,False
winter_243,winter,3.0695930742886084,3.8207431333126327,3.425460823950772,38.11056406266492,127.1892834244949,sandwich_panel,timber,concrete,rock_wool,21.037518763646528,0.0652227497449056,0,0.0,double_pane,-10.0,-18.0,-2.0,144.69013887796973,3.5,18.00691542686238,18.0,18.09953148956818,0.0995314895681787,24,20.159100497391655,5.532548892053429,38.20210396301586,tier1_rc,0.00010013580322265625,False
winter_244,winter,3.9539496783870542,5.090297984274302,2.4820744237184567,43.80439347582056,93.26980589658142,concrete,concrete,brick,xps_foam,14.460921930057307,0.1563419126025608,0,0.0,double_pane,-10.0,-18.0,-2.0,144.69013887796973,3.5,18.0,18.0,18.0,0.0,24,77.31259722401478,9.02791972248753,98.42257421112568,tier1_rc,0.00010609626770019531,False
winter_245,winter,6.389754387596861,3.0458274639014133,3.488855351435075,31.776963033137083,164.5561379840603,timber,timber,brick,xps_foam,67.96249134632423,0.21014858910511558,0,0.0,double_pane,-10.0,-18.0,-2.0,144.69013887796973,3.5,18.083398052580865,18.0,18.75669671450377,0.7566967145037715,24,46.06622885918845,13.883571625719153,64.98120810488238,tier1_rc,0.00012731552124023438,False
winter_246,winter,3.8254588553739253,4.71490169633943,2.415313738150671,26.85458121244116,7.3601253152642725,timber,timber,brick,rock_wool,41.31550572334983,0.3297960580493948,1,49.96340340129966,double_pane,-10.0,-18.0,-2.0,144.69013887796973,3.5,19.217801897469055,18.0,20.638494852966847,2.638494852966847,24,45.92688707695847,32.857955837383805,41.27967403095398,tier1_rc,0.00011134147644042969,True
winter_247,winter,3.4089346285648325,5.620574315996857,2.981152032501703,2.817713437773128,123.68426331994866,cseb,timber,cseb,mineral_wool,84.31089973849517,0.18200632412012208,0,0.0,double_pane,-10.0,-18.0,-2.0,144.69013887796973,3.5,18.008476702516706,18.0,18.119677522121822,0.11967752212182248,24,40.193964482360336,10.840567635235878,62.69300373728489,tier1_rc,0.00011515617370605469,False
winter_248,winter,6.989688989801062,4.510733295119187,3.472882459293693,6.3460610114121225,124.20761242802571,cseb,brick,concrete,eps_foam,49.9247008563785,0.13156353066084925,1,14.220967467925865,single_pane,-10.0,-18.0,-2.0,144.69013887796973,3.5,18.0,18.0,18.0,0.0,24,85.7364746706963,15.383047296293908,136.21559044809382,tier1_rc,0.00012063980102539062,False
winter_249,winter,4.427671067537516,5.739287555226334,3.450273675655838,8.586934398053407,112.02892655975089,timber,concrete,cseb,rock_wool,56.33247656124743,0.14118001736591188,0,0.0,single_pane,-10.0,-18.0,-2.0,144.69013887796973,3.5,18.0,18.0,18.0,0.0,24,69.42787182454472,13.48563672735815,100.5907129031334,tier1_rc,0.00010824203491210938,False
winter_250,winter,6.835954467186559,4.165536105078563,2.3172037742999065,1.4023808115423395,67.13046068080844,sandwich_panel,sandwich_panel,brick,xps_foam,68.5574535058866,0.2990958572773641,0,0.0,double_pane,-10.0,-18.0,-2.0,144.69013887796973,3.5,18.180437337989066,18.0,19.23801242451749,1.238012424517489,24,45.68994980836183,16.1691985225919,74.68382676101805,tier1_rc,0.00011444091796875,False
winter_251,winter,7.647455164435977,4.493124660648901,2.468461385804172,21.25701093526293,34.71612744571808,concrete,cseb,brick,xps_foam,11.779461285191358,0.08684992059933991,0,0.0,single_pane,-10.0,-18.0,-2.0,144.69013887796973,3.5,18.0,18.0,18.0,0.0,24,113.51484728777217,18.063812193610104,144.9430553088962,tier1_rc,0.00010609626770019531,False
winter_252,winter,6.162006061181624,3.5996795641062183,2.4573376602050145,21.99394229956765,107.60919900075596,cseb,sandwich_panel,brick,xps_foam,8.945666514597866,0.3871505930854903,1,42.79195095868579,single_pane,-10.0,-18.0,-2.0,144.69013887796973,3.5,18.0,18.0,18.0,0.0,24,104.29735809411437,18.28738106280329,123.21468393094945,tier1_rc,0.00011348724365234375,False
winter_253,winter,3.6257242112834325,4.076059280258315,3.4661553555938154,34.59332435337108,27.281735292238153,brick,concrete,brick,rock_wool,65.7032422037789,0.3194745300430799,1,17.747477770525634,single_pane,-10.0,-18.0,-2.0,144.69013887796973,3.5,21.136426920691296,18.0,33.66164763731132,15.661647637311319,20,95.73172351640103,45.89969093944742,76.80426361911367,tier1_rc,0.00011420249938964844,False
winter_254,winter,7.527586145676686,5.745787198723168,2.5895654212731873,12.182576915152703,126.03455744951488,concrete,timber,concrete,xps_foam,36.9888655896852,0.12979839844338675,1,3.706025988785274,single_pane,-10.0,-18.0,-2.0,144.69013887796973,3.5,18.0,18.0,18.0,0.0,24,87.15837438731138,14.187871493097468,158.78832491537867,tier1_rc,0.00011610984802246094,False
winter_255,winter,5.4952532068558355,3.932124444151368,3.1332597947800127,40.51062560515934,75.01139711318774,sandwich_panel,brick,concrete,xps_foam,141.97882694300066,0.23614757261213515,0,0.0,double_pane,-10.0,-18.0,-2.0,144.69013887796973,3.5,18.055660124973194,18.0,18.493455637848445,0.49345563784844515,24,41.059111982849295,12.972633187894356,74.67057881401946,tier1_rc,0.00011110305786132812,False
winter_256,winter,6.580887612779873,3.3366371416957263,2.902053527726389,4.34756543154863,2.7284952410853696,concrete,concrete,brick,eps_foam,22.0786726891409,0.1791221151934942,0,0.0,double_pane,-10.0,-18.0,-2.0,144.69013887796973,3.5,18.891627376646564,18.0,22.977079518802913,4.977079518802913,24,78.9354507068203,28.5793114233155,85.11700236140342,tier1_rc,0.00010848045349121094,False
winter_257,winter,6.367032570903534,5.165251231635243,2.290432674314032,23.992241776250037,109.83275005653603,brick,brick,brick,xps_foam,3.367095293362467,0.37841192544234137,1,44.651549705651675,single_pane,-10.0,-18.0,-2.0,144.69013887796973,3.5,18.0,18.0,18.0,0.0,24,172.46152098188432,20.081413213684773,206.23491098526608,tier1_rc,0.00011587142944335938,False
winter_258,winter,7.192939081324157,4.860698944807499,3.0211562103609326,40.35432972722965,156.4446986176576,brick,cseb,concrete,rock_wool,34.74772738014803,0.10499721407622245,0,0.0,single_pane,-10.0,-18.0,-2.0,144.69013887796973,3.5,18.0,18.0,18.0,0.0,24,95.77350238196537,13.163984122720171,152.89211336892976,tier1_rc,0.000156402587890625,False
winter_259,winter,6.56200854377383,3.991445246365821,3.1819771456348853,18.070391506340965,60.61408376015092,timber,sandwich_panel,concrete,eps_foam,17.406758352622067,0.25264836592382645,1,29.66148839998836,single_pane,-10.0,-18.0,-2.0,144.69013887796973,3.5,18.217188997571522,18.0,19.155174282479287,1.1551742824792868,24,92.9658085928743,27.488001948644776,119.63656007353357,tier1_rc,0.00024819374084472656,False
winter_260,winter,4.276802704834832,3.2979981656941515,2.7213865152798995,36.27280178118512,121.39511234855648,concrete,timber,concrete,rock_wool,25.368262285905345,0.17675224586019195,0,0.0,double_pane,-10.0,-18.0,-2.0,144.69013887796973,3.5,18.0,18.0,18.0,0.0,24,47.45581546524849,8.764978092737877,67.47488933952732,tier1_rc,0.0002753734588623047,False
winter_261,winter,6.188054137497273,5.135334907368616,3.3771010381049718,9.922106592144083,164.0568296246153,sandwich_panel,timber,cseb,xps_foam,120.393084589361,0.22628322684216573,1,49.27622495066106,double_pane,-10.0,-18.0,-2.0,144.69013887796973,3.5,18.020217913179135,18.0,18.242786799612993,0.24278679961299332,24,52.85382871371182,16.342360609954394,95.02369807159877,tier1_rc,0.0002639293670654297,False
winter_262,winter,4.366017010374378,4.505053997760255,3.2264629350974228,19.16423003344264,97.95173347638756,cseb,brick,cseb,xps_foam,16.93462409331184,0.1633918984049203,1,21.17718211864484,single_pane,-10.0,-18.0,-2.0,144.69013887796973,3.5,18.0,18.0,18.0,0.0,24,85.60017453828961,12.368537406250564,107.7165205698516,tier1_rc,0.0002562999725341797,False
winter_263,winter,5.389891131659867,4.402896408079772,2.7775744580237345,33.75107880640943,6.995077042679026,cseb,sandwich_panel,cseb,mineral_wool,0.41857172437864876,0.39822763822593327,0,0.0,double_pane,-10.0,-18.0,-2.0,144.69013887796973,3.5,20.811488168185964,18.0,30.707593117827052,12.707593117827052,21,104.71708477988167,51.660892519061115,99.63821167934127,tier1_rc,0.00030303001403808594,True
winter_264,winter,3.997034791861731,4.323868905810059,3.3309387928216005,32.71084973963187,5.841255433307243,cseb,brick,concrete,xps_foam,120.98021989580491,0.28670704231827937,0,0.0,single_pane,-10.0,-18.0,-2.0,144.69013887796973,3.5,21.951078211537844,18.0,33.89786729536086,15.89786729536086,19,85.48613997353614,47.69815011385341,77.8204697617994,tier1_rc,0.0002923011779785156,False
winter_265,winter,7.978768230523232,4.619671900005023,3.36445612914716,0.7210587395259777,104.77282744353928,brick,concrete,brick,mineral_wool,99.80741613132201,0.12893782430262998,1,41.44534601941155,double_pane,-10.0,-18.0,-2.0,144.69013887796973,3.5,18.0,18.0,18.0,0.0,24,60.56997060981518,15.094380463524281,103.63770154752997,tier1_rc,0.0002875328063964844,False
winter_266,winter,7.381837812037646,5.4997479505287385,2.2857908380326553,22.836502585887505,34.805514140669324,sandwich_panel,concrete,cseb,xps_foam,134.53573691247132,0.32124507741853925,0,0.0,single_pane,-10.0,-18.0,-2.0,144.69013887796973,3.5,19.28460096542715,18.0,24.0891447891935,6.089144789193501,24,100.29430546273265,46.27552089214788,125.81277034635244,tier1_rc,0.0002582073211669922,False
winter_267,winter,7.578090307182736,3.4722606056136236,2.309352721018959,11.723359146362633,59.462697253681874,timber,brick,concrete,mineral_wool,127.28282537588736,0.09810531183720828,1,46.69893354520068,double_pane,-10.0,-18.0,-2.0,144.69013887796973,3.5,18.02767887830835,18.0,18.255196952667657,0.2551969526676565,24,31.525921607425815,9.738654129516776,72.52233366103076,tier1_rc,0.0002944469451904297,False
winter_268,winter,5.061525672958371,3.0907075775599386,2.3859245201552284,24.150859623125505,6.137945569104679,concrete,sandwich_panel,cseb,eps_foam,12.453364547337838,0.14490106541054418,0,0.0,single_pane,-10.0,-18.0,-2.0,144.69013887796973,3.5,18.373412867227845,18.0,20.506062608094975,2.5060626080949753,24,63.75498898077961,19.32379074566881,70.02026953730783,tier1_rc,0.0002620220184326172,False
winter_269,winter,3.5038302175092637,3.2220077707834096,2.5657228889032706,16.071470941212517,109.7412700318711,concrete,timber,concrete,mineral_wool,77.8620380789796,0.3551834595581419,0,0.0,single_pane,-10.0,-18.0,-2.0,144.69013887796973,3.5,18.0,18.0,18.0,0.0,24,58.3658537916781,12.728087733708168,70.11242745290835,tier1_rc,0.0002663135528564453,False
winter_270,winter,7.025863065207147,3.127347865438874,2.297964814947559,14.186234605201156,28.87235295990739,brick,concrete,cseb,mineral_wool,63.36482951473618,0.07229063301649769,0,0.0,single_pane,-10.0,-18.0,-2.0,144.69013887796973,3.5,18.088822495492916,18.0,18.705364966407735,0.7053649664077355,24,43.84774463825159,12.716238452870567,65.58856372557202,tier1_rc,0.0002529621124267578,False
winter_271,winter,3.7112032046551002,4.774974879506649,3.0171897790924276,31.31139415304173,176.69839240512235,sandwich_panel,timber,brick,mineral_wool,47.92409913346059,0.20242274839980656,1,5.239034963437652,double_pane,-10.0,-18.0,-2.0,144.69013887796973,3.5,18.02820252078327,18.0,18.32918033224501,0.3291803322450093,24,35.359623017278636,10.210392256401649,53.672111381502596,tier1_rc,0.0002639293670654297,False
winter_272,winter,7.659776529260169,4.991760876389492,3.4858875390333477,44.40453426317535,151.92916678748918,concrete,concrete,concrete,eps_foam,137.51620348700126,0.21235550735269798,0,0.0,single_pane,-10.0,-18.0,-2.0,144.69013887796973,3.5,18.0,18.0,18.0,0.0,24,103.47605164015052,23.45093397576719,163.4307874721959,tier1_rc,0.0002465248107910156,False
winter_273,winter,6.257892331822749,3.968300214788042,2.7727876814719488,41.76237567762251,79.64193041138586,sandwich_panel,brick,cseb,xps_foam,38.035200513996415,0.32053228293780006,0,0.0,double_pane,-10.0,-18.0,-2.0,144.69013887796973,3.5,18.0,18.0,18.0,0.0,24,60.10749048814547,15.3195030744759,90.38392886941149,tier1_rc,0.0002467632293701172,False
winter_274,winter,7.3546493240888875,5.479411514626675,2.8474092905227733,18.777614817680533,139.75948361134917,cseb,cseb,brick,mineral_wool,86.74387851444669,0.1861983499588265,1,39.889512591410515,double_pane,-10.0,-18.0,-2.0,144.69013887796973,3.5,18.0,18.0,18.0,0.0,24,66.60909004726129,14.895158424401457,115.00362875306699,tier1_rc,0.0002567768096923828,False
winter_275,winter,3.864688710548686,5.210629485693294,2.4257895094792365,17.072103837018645,26.206040469380934,cseb,concrete,concrete,eps_foam,102.20618251267348,0.17166226060726006,0,0.0,double_pane,-10.0,-18.0,-2.0,144.69013887796973,3.5,19.260306441874963,18.0,23.201967961504305,5.201967961504305,24,34.82270064714942,18.789439419504184,56.54055268594497,tier1_rc,0.0002675056457519531,False
winter_276,winter,5.647395144633984,4.758958485061971,2.2260010168733713,42.98169718178348,18.076480950510902,sandwich_panel,sandwich_panel,concrete,eps_foam,71.75881199768544,0.3825905827550297,1,42.15204010287141,single_pane,-10.0,-18.0,-2.0,144.69013887796973,3.5,19.44519738583262,18.0,21.262798355583186,3.262798355583186,24,86.81087447833418,49.04569251962988,81.972905386295,tier1_rc,0.0002582073211669922,False
winter_277,winter,5.098099680144424,4.010703678122757,2.7462275301381394,31.602792382880192,53.186901067803674,cseb,brick,concrete,rock_wool,69.27377488258261,0.2431811447065882,1,16.468325797340068,single_pane,-10.0,-18.0,-2.0,144.69013887796973,3.5,18.39415419520542,18.0,19.767846998927517,1.7678469989275172,24,71.89952595787514,23.86809330664575,87.87375068972435,tier1_rc,0.0002586841583251953,False
winter_278,winter,4.435027076934343,4.847466923992943,2.3052771528922635,7.639926648339754,46.17674920108294,brick,sandwich_panel,concrete,xps_foam,18.67313476371154,0.0519378148328312,0,0.0,double_pane,-10.0,-18.0,-2.0,144.69013887796973,3.5,18.0,18.0,18.0,0.0,24,41.05821930881995,7.7010587356680835,74.05685688819588,tier1_rc,0.00025010108947753906,False
winter_279,winter,7.865099646630519,5.150501486200842,3.2410897706434634,39.16855991504614,157.71811766757327,timber,sandwich_panel,brick,mineral_wool,99.33991951555356,0.31323693180842593,1,48.2438045586122,double_pane,-10.0,-18.0,-2.0,144.69013887796973,3.5,18.008018289642575,18.0,18.11054238829074,0.11054238829073881,24,78.77071546196187,22.925633931007912,126.99967607202822,tier1_rc,0.00025725364685058594,False
winter_280,winter,7.89505219190821,4.649393692578106,3.247068193683471,23.66181760280591,75.96844722512206,sandwich_panel,sandwich_panel,concrete,rock_wool,98.90152022868998,0.2211944542296745,0,0.0,double_pane,-10.0,-18.0,-2.0,144.69013887796973,3.5,18.006781385121275,18.0,18.09746700472331,0.09746700472330971,24,56.976816952346624,17.159204113162385,118.97875863599612,tier1_rc,0.00024437904357910156,False
winter_281,winter,5.6268641027570325,4.376546166068305,3.3416864089248697,28.08422091887341,115.57267922619123,timber,sandwich_panel,concrete,rock_wool,134.2062402537221,0.07920609693707047,1,1.413003314313658,double_pane,-10.0,-18.0,-2.0,144.69013887796973,3.5,18.004516357330996,18.0,18.063120818277717,0.0631208182777172,24,30.073695904633087,8.930177530849871,70.81991535416822,tier1_rc,0.0002548694610595703,True
winter_282,winter,7.068170040391374,4.252063273757436,3.0924122190461825,19.885635169279613,148.38100895527884,cseb,brick,cseb,xps_foam,27.506644043775903,0.36913189432697824,0,0.0,single_pane,-10.0,-18.0,-2.0,144.69013887796973,3.5,18.0,18.0,18.0,0.0,24,143.25761480546686,25.75698711064058,175.8499218710401,tier1_rc,0.00026917457580566406,False
winter_283,winter,4.090633180421452,3.4687343620787603,2.5564100819054563,32.92384845038074,114.16594117897364,timber,brick,cseb,mineral_wool,103.56531908656075,0.3047662273133101,1,25.8979267784578,double_pane,-10.0,-18.0,-2.0,144.69013887796973,3.5,18.07210044909913,18.0,18.66156061987229,0.6615606198722901,24,35.22947269365871,10.308972512070241,50.25833419917407,tier1_rc,0.00025653839111328125,False
winter_284,winter,5.3040904950760055,3.481575449985473,2.5342341002594666,26.094535470647568,37.46628582192133,concrete,sandwich_panel,brick,xps_foam,144.39186534510122,0.1598295964607546,1,47.058600385799444,single_pane,-10.0,-18.0,-2.0,144.69013887796973,3.5,18.540524700475856,18.0,19.545333901462,1.5453339014620013,24,40.98077975566884,19.915527620925918,48.003271371771646,tier1_rc,0.0002532005310058594,True
winter_285,winter,6.7929962920161255,4.978118957718786,2.7878642309543475,33.34443334581897,173.27738427287304,timber,cseb,cseb,xps_foam,29.953208527330812,0.26946396644873455,1,0.3726316084033139,single_pane,-10.0,-18.0,-2.0,144.69013887796973,3.5,18.0,18.0,18.0,0.0,24,108.89711137167852,18.90192157630497,150.62237020823352,tier1_rc,0.00025653839111328125,False
winter_286,winter,7.7966700844890315,5.2770768845657,2.477454362565766,39.493772326986125,128.0336867974717,concrete,cseb,cseb,eps_foam,144.84618575728794,0.20015102066513907,0,0.0,single_pane,-10.0,-18.0,-2.0,144.69013887796973,3.5,18.0,18.0,18.0,0.0,24,79.89177620127157,16.653345825870446,132.6602134357953,tier1_rc,0.00024318695068359375,False
winter_287,winter,7.237858635551634,3.3295682477494313,2.7026456182029652,25.840575736820853,53.430675745710516,brick,cseb,brick,eps_foam,136.12174847613633,0.32478308644427156,1,39.085659125073185,double_pane,-10.0,-18.0,-2.0,144.69013887796973,3.5,18.731176489824804,18.0,19.98059400844981,1.9805940084498097,24,54.79494442348083,28.96630330341374,62.67672500032378,tier1_rc,0.0002486705780029297,False
winter_288,winter,5.326064392955848,4.266753563328897,2.6397392384051948,1.7353273564288327,12.241099271975536,cseb,timber,cseb,xps_foam,53.55093995974945,0.17017248901312224,0,0.0,single_pane,-10.0,-18.0,-2.0,144.69013887796973,3.5,19.38901994073433,18.0,24.54029888979272,6.5402988897927195,24,60.74686515835747,27.411354374899116,71.98435444813266,tier1_rc,0.0002741813659667969,False
winter_289,winter,5.960255275455644,3.418192938042332,3.1604741446129894,8.056879047217736,35.89527772102392,timber,brick,brick,mineral_wool,20.617961973289354,0.2477543298000326,1,48.01345906963046,double_pane,-10.0,-18.0,-2.0,144.69013887796973,3.5,18.741509718244618,18.0,20.02592652415334,2.0259265241533413,24,65.19664152192941,30.726733337279395,63.42002031477821,tier1_rc,0.00026488304138183594,True
winter_290,winter,5.89945679261255,3.10933021986868,3.1299191478073016,44.237958401939395,101.2423622421511,cseb,brick,concrete,mineral_wool,68.0069851284617,0.2084228804579346,1,36.466980376431316,double_pane,-10.0,-18.0,-2.0,144.69013887796973,3.5,18.0,18.0,18.0,0.0,24,49.974812601803656,12.221924166896892,76.75916991924814,tier1_rc,0.0002827644348144531,False
winter_291,winter,3.590439322186738,5.795020017092069,2.3578181007121213,40.89348970826872,115.90394258406303,sandwich_panel,sandwich_panel,brick,xps_foam,125.43070972427877,0.1591668752465183,0,0.0,double_pane,-10.0,-18.0,-2.0,144.69013887796973,3.5,18.008423670807947,18.0,18.120750684301395,0.12075068430139524,24,26.18986579243459,7.677788490805639,49.39137987461994,tier1_rc,0.0002465248107910156,False
winter_292,winter,3.0521960593286184,5.3063042839364325,3.4065397690705934,27.589629008248913,25.0978085471329,concrete,sandwich_panel,brick,mineral_wool,130.96543091876694,0.3419841389593351,1,46.61865667187964,double_pane,-10.0,-18.0,-2.0,144.69013887796973,3.5,20.300769151614418,18.0,22.75374027197611,4.75374027197611,24,54.495160934109926,44.037056950306535,42.32563898887792,tier1_rc,0.0002474784851074219,False
winter_293,winter,5.587937578496803,3.7193360172095673,2.334928959531564,30.92467047028334,31.14664275416983,timber,concrete,cseb,mineral_wool,24.488121746771405,0.15610099638485436,0,0.0,single_pane,-10.0,-18.0,-2.0,144.69013887796973,3.5,18.265587505551306,18.0,19.8095328892102,1.8095328892101996,24,62.93676757011221,19.31548792336128,77.64273778696071,tier1_rc,0.0002396106719970703,False
winter_294,winter,4.829421608515802,4.934517266821418,2.56215294178622,43.08067117106571,74.7066610191176,concrete,cseb,cseb,mineral_wool,44.249669579669366,0.3381793927372501,0,0.0,single_pane,-10.0,-18.0,-2.0,144.69013887796973,3.5,18.0,18.0,18.0,0.0,24,100.80363632200527,17.838701674488135,126.17480932170493,tier1_rc,0.00024127960205078125,False
winter_295,winter,7.152821601020901,4.859482502543962,2.9649301886651838,3.6170497764100467,39.80087162063753,timber,timber,cseb,xps_foam,52.65739269031693,0.33785946317070076,0,0.0,single_pane,-10.0,-18.0,-2.0,144.69013887796973,3.5,19.560451857047003,18.0,25.706231587909123,7.706231587909123,24,126.23538483360393,55.45909516067878,137.40481440337078,tier1_rc,0.00023412704467773438,False
winter_296,winter,7.1272236489416825,5.17478556789842,3.3679970123027108,30.85096524721845,179.81671163257727,cseb,concrete,cseb,xps_foam,110.37457355417246,0.1627407782119678,1,19.64167642034432,single_pane,-10.0,-18.0,-2.0,144.69013887796973,3.5,18.0,18.0,18.0,0.0,24,83.05632575781749,17.864732667301922,130.49289256024315,tier1_rc,0.0002532005310058594,False
winter_297,winter,5.83546492829994,5.193978806081665,2.91875359215576,16.695921099868652,132.6914001192012,cseb,sandwich_panel,concrete,xps_foam,45.88123216397387,0.33332429930660656,0,0.0,double_pane,-10.0,-18.0,-2.0,144.69013887796973,3.5,18.002637517624574,18.0,18.032854734100287,0.03285473410028672,24,68.45001783182427,18.63125374115682,116.92895615934185,tier1_rc,0.0002391338348388672,False
winter_298,winter,4.132545827685725,4.452377486516965,3.153388859227819,3.8932679516285584,114.75115742455208,timber,timber,concrete,eps_foam,37.964068917079516,0.28964251170427907,1,4.873987452928627,double_pane,-10.0,-18.0,-2.0,144.69013887796973,3.5,18.02434142120953,18.0,18.29068491052798,0.29068491052797896,24,49.90289378305122,13.958140358007373,76.6607519481022,tier1_rc,0.00027751922607421875,False
winter_299,winter,3.577346593378871,5.339890652788894,3.02942084614079,20.551313305778994,24.445429546296904,concrete,brick,cseb,rock_wool,9.905254361406392,0.39402208645845427,1,49.07412406334999,double_pane,-10.0,-18.0,-2.0,144.69013887796973,3.5,18.987007586138535,18.0,20.80927738451912,2.8092773845191203,24,109.54580479115046,47.4386328021145,89.40960864060199,tier1_rc,0.00025010108947753906,False
summer_0,summer,4.687100732524067,5.945611215602479,2.9286127423470507,38.2953947956411,32.943493591267405,brick,timber,brick,xps_foam,139.01218882418164,0.2194453370143446,0,0.0,single_pane,18.0,8.0,28.0,314.3316105718456,2.5,38.310228990869156,18.0,61.48767460134541,43.48767460134541,9,55.73236227684419,80.2199949479921,10.008614294713128,tier1_rc,0.00023508071899414062,False
summer_1,summer,3.447864772788741,3.3654961406210444,2.9697265418949925,5.56098525167271,117.21368092795159,sandwich_panel,concrete,concrete,mineral_wool,114.08861919336458,0.2886493501013681,0,0.0,double_pane,18.0,8.0,28.0,314.3316105718456,2.5,29.41453668141446,18.0,42.09716718979612,24.097167189796117,11,13.458970629589736,22.069752751384357,4.996510174559474,tier1_rc,0.00023245811462402344,False
summer_2,summer,3.1074235868830695,5.229361827438958,2.5820802649213657,39.055250340131686,178.94514735594876,timber,timber,brick,eps_foam,79.32273701593508,0.10020085230487262,1,12.351146479779635,double_pane,18.0,8.0,28.0,314.3316105718456,2.5,20.83586809238391,18.0,24.303812541200948,6.303812541200948,24,3.8215304442151146,13.652112973488737,4.293630191958269,tier1_rc,0.0002510547637939453,False
summer_3,summer,4.703693608382104,4.1580536129214805,3.2596442089838495,34.04342943513191,133.70742630475948,cseb,brick,cseb,rock_wool,62.658475523378776,0.16113111081810755,0,0.0,double_pane,18.0,8.0,28.0,314.3316105718456,2.5,26.912039782150202,18.0,37.22240103248978,19.222401032489778,12,16.503150006958332,23.74823646760855,7.113488206267709,tier1_rc,0.00023484230041503906,False
summer_4,summer,3.1279029106976974,5.356295402939651,3.012631924817805,27.87157929613736,86.32204709679873,cseb,cseb,brick,eps_foam,5.762147536887033,0.23990193909277402,1,5.055031000886248,single_pane,18.0,8.0,28.0,314.3316105718456,2.5,25.841988431567334,18.0,39.107874871329464,21.107874871329464,15,32.31473493581887,30.264990215033112,11.239139894131505,tier1_rc,0.0002434253692626953,False
summer_5,summer,7.592714134685462,3.521673218039422,3.3582988512246565,38.05314500379269,119.50064411916289,cseb,sandwich_panel,cseb,xps_foam,118.5976178212516,0.20471460855779816,0,0.0,double_pane,18.0,8.0,28.0,314.3316105718456,2.5,27.94769600061129,18.0,38.996579535648,20.996579535648003,11,19.913996397716343,34.797675163712576,8.731217772170744,tier1_rc,0.00024962425231933594,False
summer_6,summer,5.188625074933751,5.958602475163907,3.204467064455941,25.048895659537347,135.72784537349872,timber,concrete,concrete,rock_wool,26.667574571703984,0.09584397372493594,0,0.0,single_pane,18.0,8.0,28.0,314.3316105718456,2.5,23.457063783589522,18.0,29.925698189296792,11.925698189296792,18,17.668228119711976,24.57979653094456,12.774369297646475,tier1_rc,0.0006430149078369141,False
summer_7,summer,7.775684737074361,3.214312588040471,3.2913942130081137,29.082820488969606,4.3989582229257165,sandwich_panel,timber,concrete,xps_foam,132.76445189692842,0.10884055787577196,1,12.705833523763996,single_pane,18.0,8.0,28.0,314.3316105718456,2.5,30.063862879616853,18.0,44.60156957918836,26.601569579188357,12,22.178915275767537,58.324433267913456,9.00508341871879,tier1_rc,0.00021409988403320312,False
summer_8,summer,6.50608802799999,4.91446420599342,2.80424343563677,12.704407485290607,80.38150929925924,cseb,brick,cseb,mineral_wool,10.781641305383818,0.05441631788171055,0,0.0,double_pane,18.0,8.0,28.0,314.3316105718456,2.5,22.643333722693118,18.0,28.698959593581048,10.698959593581048,20,20.029726485788917,17.69245036926255,13.579617722610097,tier1_rc,0.00035190582275390625,False
summer_9,summer,3.3357766154455306,4.4176606051413465,3.3090806881193475,5.957792416196701,64.02384374533999,timber,cseb,concrete,rock_wool,17.66904174263655,0.19285012915560185,0,0.0,single_pane,18.0,8.0,28.0,314.3316105718456,2.5,29.58399115867071,18.0,43.69544245911564,25.69544245911564,11,28.57901871707031,33.96978542253765,8.37134407642287,tier1_rc,0.00025963783264160156,False
summer_10,summer,7.555594774327877,4.595936131385599,2.668805911666447,1.0249540620138444,56.986372756119685,timber,brick,brick,eps_foam,32.95497606961218,0.3314905807576375,1,33.423020461624766,double_pane,18.0,8.0,28.0,314.3316105718456,2.5,24.707593358686495,18.0,35.4558082623277,17.4558082623277,16,22.655972171518272,65.61958810825988,11.942989643398489,tier1_rc,0.0001971721649169922,False
summer_11,summer,6.947312137016107,3.2849895522489665,2.5546733142215765,20.74555194373834,54.932306234655584,cseb,cseb,cseb,rock_wool,138.30948938695175,0.3541482358959942,0,0.0,single_pane,18.0,8.0,28.0,314.3316105718456,2.5,35.62124621401197,18.0,56.78469175015031,38.78469175015031,9,57.619126114919965,71.20510665116292,10.890570512424201,tier1_rc,0.00010132789611816406,False
summer_12,summer,7.477303123157443,5.779123500806839,2.663155307757478,28.80571535031757,143.45485158557545,timber,timber,concrete,xps_foam,102.65014643309462,0.1255231517116306,0,0.0,double_pane,18.0,8.0,28.0,314.3316105718456,2.5,22.27031214198676,18.0,26.937423917619437,8.937423917619437,24,10.25169015220745,24.683021250804252,12.850351240628466,tier1_rc,9.393692016601562e-05,False
summer_13,summer,7.003687484933903,4.582831098108411,3.0517194334907103,6.859163765723227,22.7421654227079,sandwich_panel,sandwich_panel,brick,rock_wool,127.54869880172808,0.1661349276618608,0,0.0,single_pane,18.0,8.0,28.0,314.3316105718456,2.5,36.39981658015167,18.0,56.60810842941077,38.60810842941077,9,45.470478340554074,75.40188272491851,9.955870334243551,tier1_rc,9.012222290039062e-05,False
summer_14,summer,5.528234056264155,3.514207804310581,2.333567317940597,8.721507857386143,58.94488828209887,timber,brick,cseb,eps_foam,93.14026852202453,0.3026625581202624,0,0.0,double_pane,18.0,8.0,28.0,314.3316105718456,2.5,32.312868144140275,18.0,47.96609383654307,29.966093836543067,10,22.15177684592368,37.860641518175605,6.496178759039426,tier1_rc,8.463859558105469e-05,False
summer_15,summer,5.690265033851454,5.043501533984452,2.654634074608394,39.68762888967441,142.77503149568287,brick,timber,brick,xps_foam,11.25300459037774,0.25378182858561177,0,0.0,double_pane,18.0,8.0,28.0,314.3316105718456,2.5,26.065708745893534,18.0,36.218129489055194,18.218129489055194,13,27.031874627177228,30.899961031646825,11.183392967865311,tier1_rc,8.440017700195312e-05,False
summer_16,summer,4.514943283871291,3.454123554278223,2.225260763803007,11.111231982243481,62.65136331617976,cseb,cseb,brick,mineral_wool,27.326565097732583,0.31414393192660506,1,41.32953268816171,single_pane,18.0,8.0,28.0,314.3316105718456,2.5,24.524495490426215,18.0,36.91099085664531,18.910990856645313,17,18.766152943296653,35.937339010073,7.8309223535907515,tier1_rc,9.179115295410156e-05,False
summer_17,summer,7.984024013112642,4.345176965630571,2.517274814015249,18.587590500011636,88.50800500149711,brick,cseb,cseb,mineral_wool,61.25464650282274,0.21107253580252922,0,0.0,single_pane,18.0,8.0,28.0,314.3316105718456,2.5,25.472204124946575,18.0,34.38556605123773,16.38556605123773,14,26.75668354969253,34.8041582262095,13.027302348041163,tier1_rc,0.00022268295288085938,False
summer_18,summer,6.408775176649051,5.437330243369081,2.8572298676781824,26.32189913962927,129.936653123817,brick,timber,brick,mineral_wool,139.98919396005982,0.24970265942177328,0,0.0,double_pane,18.0,8.0,28.0,314.3316105718456,2.5,26.9606986454709,18.0,37.02620579178955,19.02620579178955,11,21.56318845185434,36.3609975661205,10.12803286454225,tier1_rc,0.000274658203125,False
summer_19,summer,7.23099584851669,3.0744596385646097,3.07486283845508,19.54916398604403,150.4312597296966,cseb,timber,concrete,mineral_wool,19.67028868265405,0.323318506283332,0,0.0,single_pane,18.0,8.0,28.0,314.3316105718456,2.5,27.741545516831383,18.0,40.36320666632959,22.36320666632959,13,43.98080515679228,45.99606752726874,14.423846034420357,tier1_rc,0.00012731552124023438,False
summer_20,summer,4.581537650900735,4.300839881548624,2.914002406039456,16.494388116573575,12.86708851836511,sandwich_panel,concrete,concrete,xps_foam,59.81453885806879,0.21353191196634552,1,6.19862475465595,double_pane,18.0,8.0,28.0,314.3316105718456,2.5,34.7618311090497,18.0,54.15309200789884,36.15309200789884,10,24.445329779103083,59.752616407188945,7.246853420126143,tier1_rc,0.00010371208190917969,False
summer_21,summer,6.3613810184529545,3.7204710060493023,2.350406022701393,40.27274143061524,100.04642094565943,sandwich_panel,sandwich_panel,concrete,rock_wool,145.5319782149755,0.06380795754615431,1,38.32584823010128,single_pane,18.0,8.0,28.0,314.3316105718456,2.5,19.18644296806403,18.0,20.073775942351087,2.0737759423510873,24,3.0959181524365866,13.006309336223373,6.874388547647976,tier1_rc,9.584426879882812e-05,False
summer_22,summer,4.659415048999949,5.840076244359441,2.8374693985128956,14.887708797081457,173.46552450547287,cseb,timber,concrete,mineral_wool,56.55327668015107,0.1345613319128825,0,0.0,double_pane,18.0,8.0,28.0,314.3316105718456,2.5,23.826892216052574,18.0,30.375281383451785,12.375281383451785,17,12.084902191458227,22.492491332703814,9.620018257909209,tier1_rc,8.678436279296875e-05,False
summer_23,summer,6.087133126131484,3.0533833873683225,3.316380816508214,1.6358299997907726,18.751926233190584,timber,cseb,brick,xps_foam,28.368769742038566,0.06407371799104393,1,31.12650490416572,double_pane,18.0,8.0,28.0,314.3316105718456,2.5,21.968359846589397,18.0,27.863850035052433,9.863850035052433,24,7.176469823045073,28.738800142253904,5.73066890844337,tier1_rc,9.274482727050781e-05,False
summer_24,summer,6.431287367793142,4.951688873278751,2.242669101294627,35.823109753776336,67.44037032508749,concrete,brick,concrete,eps_foam,148.56271897958126,0.32277082622333303,0,0.0,double_pane,18.0,8.0,28.0,314.3316105718456,2.5,26.47154735920672,18.0,35.66203027314166,17.66203027314166,12,18.484641949204548,39.47935087853559,11.054275551817996,tier1_rc,8.630752563476562e-05,False
summer_25,summer,5.03704325269598,3.98028173573939,3.1164967881931234,25.328415374617315,167.9916382273751,timber,timber,concrete,rock_wool,46.385171985000575,0.21784620741258243,1,41.88705688773119,double_pane,18.0,8.0,28.0,314.3316105718456,2.5,19.950562297767828,18.0,21.575736893928973,3.5757368939289726,24,6.1246273489469205,26.3028297145874,8.00560683621293,tier1_rc,0.000244140625,False
summer_26,summer,5.831302791589525,3.944936700683794,3.2803248627788806,21.812832508616864,145.08013460900398,cseb,timber,brick,xps_foam,74.09793773690888,0.07716535834878158,1,33.71016933268074,single_pane,18.0,8.0,28.0,314.3316105718456,2.5,19.748256822761086,18.0,21.211560476382857,3.211560476382857,24,5.784499798785276,21.240226425771713,6.9528105349644145,tier1_rc,0.0002543926239013672,False
summer_27,summer,6.331149037474045,3.2787624619634963,2.780980562278972,7.740363270926259,80.81943078493143,concrete,timber,brick,mineral_wool,85.25570797732424,0.23239332508510918,1,16.007396123825508,single_pane,18.0,8.0,28.0,314.3316105718456,2.5,24.72383349324305,18.0,35.62089362060948,17.62089362060948,16,18.974169706293456,32.54891218931768,8.642411104991952,tier1_rc,0.00026607513427734375,False
summer_28,summer,7.8118925628852995,5.03075191570688,2.676558942203993,32.16672029365098,16.419614932991347,concrete,brick,brick,rock_wool,128.94705129812462,0.2738362704700922,0,0.0,single_pane,18.0,8.0,28.0,314.3316105718456,2.5,39.569374807117356,18.0,64.18388492444264,46.18388492444264,9,84.18322982852725,121.2228548672427,14.221561821410626,tier1_rc,0.0002460479736328125,False
summer_29,summer,7.483896134797613,5.814039574467656,2.8416235660397327,14.279345862658053,129.31957103906683,sandwich_panel,cseb,concrete,rock_wool,119.10761827537392,0.2646458570853602,0,0.0,double_pane,18.0,8.0,28.0,314.3316105718456,2.5,24.29644347648308,18.0,31.245608993924563,13.245608993924563,16,18.021481135202972,38.85571612717543,14.829460795661571,tier1_rc,0.0003108978271484375,False
summer_30,summer,7.819509523085288,3.9120318291167484,2.801325223451479,22.420384561410142,87.83639050757999,concrete,timber,cseb,xps_foam,84.566130523112,0.18462970831643816,1,23.93123807178772,double_pane,18.0,8.0,28.0,314.3316105718456,2.5,20.230425561936677,18.0,22.178023441799937,4.178023441799937,24,7.077043593784288,30.991606810950127,9.269128317392926,tier1_rc,0.00029397010803222656,False
summer_31,summer,7.043763599276547,3.185741179136265,3.4538416322224865,26.11987640523715,11.12766187075422,concrete,cseb,cseb,eps_foam,22.876080218524322,0.12672389390983618,1,2.2089976199594257,single_pane,18.0,8.0,28.0,314.3316105718456,2.5,33.88545768668361,18.0,53.89017854417931,35.89017854417931,9,58.730890970488396,68.15578958919838,11.577468125659824,tier1_rc,0.0002720355987548828,False
summer_32,summer,4.753057187276268,5.238947219201458,3.179044911619861,40.710834950436535,77.31229605348437,timber,concrete,cseb,mineral_wool,138.58766790477182,0.08813794288042193,0,0.0,double_pane,18.0,8.0,28.0,314.3316105718456,2.5,24.53831878783684,18.0,31.760032077363025,13.760032077363025,14,9.669894159601254,19.16279454903855,6.858909878592991,tier1_rc,0.00027179718017578125,False
summer_33,summer,3.534650492125209,3.9283446827726474,3.269099546309869,8.226957990721191,1.1307059618007869,brick,brick,cseb,xps_foam,6.48942599183178,0.18410203868930836,0,0.0,double_pane,18.0,8.0,28.0,314.3316105718456,2.5,35.38507672823004,18.0,58.40143170938106,40.40143170938106,10,50.7525503537137,53.05114260087531,8.516850146171357,tier1_rc,0.00026035308837890625,False
summer_34,summer,6.465776967789546,4.24408856183889,2.591383570383869,25.740955431475193,30.40920534182877,concrete,timber,concrete,mineral_wool,98.24773688148889,0.31031249423405965,1,25.6914780621963,single_pane,18.0,8.0,28.0,314.3316105718456,2.5,30.506747145600883,18.0,49.021047458989294,31.021047458989294,12,42.136659450126665,99.03786418225366,12.970589081133838,tier1_rc,0.00026702880859375,False
summer_35,summer,7.215942082299787,5.578185015904035,2.7536407722252143,38.962591863625164,125.05726040895433,timber,timber,brick,rock_wool,55.2918687871484,0.24127587019341784,0,0.0,single_pane,18.0,8.0,28.0,314.3316105718456,2.5,26.022148272037345,18.0,35.77890562571597,17.77890562571597,14,32.40119737842354,40.862833859136465,14.288764299864896,tier1_rc,0.000244140625,False
summer_36,summer,3.974604117521373,5.258983280970963,2.5387216796002496,28.792205720030235,169.24509487858916,brick,concrete,brick,eps_foam,59.45044342921007,0.24501582922313597,0,0.0,double_pane,18.0,8.0,28.0,314.3316105718456,2.5,27.49665925379449,18.0,38.61280745001256,20.61280745001256,12,17.939238313391826,24.909087199951756,6.965492743187212,tier1_rc,0.0002720355987548828,False
summer_37,summer,5.533673821990224,4.781979741197264,2.495622263989991,13.103627508600669,113.5326021872531,brick,timber,concrete,xps_foam,90.93272389579343,0.10770792062472777,0,0.0,double_pane,18.0,8.0,28.0,314.3316105718456,2.5,23.155329217047427,18.0,28.757201316594703,10.757201316594703,20,7.962037848250751,18.555666710496393,8.095888573537774,tier1_rc,0.0002617835998535156,False
summer_38,summer,5.502373797597957,5.725372006344065,2.3759979455168985,43.55406550931443,55.64012200949949,cseb,concrete,brick,mineral_wool,131.93011579452303,0.22327580984697232,0,0.0,single_pane,18.0,8.0,28.0,314.3316105718456,2.5,30.162801880956845,18.0,44.100052494880664,26.100052494880664,10,34.186819207653365,49.17424258023208,10.393730639754919,tier1_rc,0.0002593994140625,False
summer_39,summer,7.446123834324519,5.556324881898849,2.21574563271742,6.700875665338119,78.97232155216385,brick,cseb,brick,xps_foam,143.65712832727203,0.29815364411300016,1,34.50852367888078,double_pane,18.0,8.0,28.0,314.3316105718456,2.5,20.352362468489535,18.0,21.999256844288812,3.999256844288812,24,8.214292458894239,34.42500691403452,10.954070465966069,tier1_rc,0.000263214111328125,False
summer_40,summer,5.351394199674363,5.825190895716999,2.23757710144498,11.0196847815255,90.09086370673582,concrete,cseb,cseb,xps_foam,45.17370632971995,0.28122820953406175,0,0.0,single_pane,18.0,8.0,28.0,314.3316105718456,2.5,25.927894151381803,18.0,35.49875746547728,17.498757465477283,14,27.31674820638984,34.28187488038245,12.240386870294934,tier1_rc,0.0002562999725341797,False
summer_41,summer,4.372784706178873,4.027118443858175,2.257482129629989,9.56963931103114,169.9831211227089,sandwich_panel,cseb,brick,rock_wool,14.569640465837052,0.2913458800231482,1,22.564270043243013,single_pane,18.0,8.0,28.0,314.3316105718456,2.5,21.492890193037372,18.0,27.401026124397855,9.401026124397855,24,11.137061310190614,24.56732501941695,7.7224713310324455,tier1_rc,0.0002617835998535156,False
summer_42,summer,3.1984150708628345,5.412742843717286,3.495300529385098,12.309609026594906,107.31755524197732,cseb,cseb,cseb,xps_foam,70.02055987704546,0.09689896846123405,0,0.0,single_pane,18.0,8.0,28.0,314.3316105718456,2.5,27.066243609697196,18.0,37.66467355678726,19.664673556787257,12,15.99374719369005,21.839337379648804,6.515595425518876,tier1_rc,0.0002446174621582031,False
summer_43,summer,5.603622931589507,3.632048851610169,3.062567216061125,14.061992496924123,15.845954462785015,brick,brick,cseb,mineral_wool,41.9524754012178,0.16828114001663852,0,0.0,single_pane,18.0,8.0,28.0,314.3316105718456,2.5,36.816530076844856,18.0,59.03924229952903,41.03924229952903,9,52.20157727310806,65.91757715855371,9.29235806141048,tier1_rc,0.00028252601623535156,False
summer_44,summer,4.923917489808793,4.034275694859661,3.337647397670415,17.17160523367303,175.94164596599603,concrete,brick,brick,mineral_wool,73.10037764174396,0.1952591545818287,0,0.0,single_pane,18.0,8.0,28.0,314.3316105718456,2.5,28.758743512187582,18.0,42.41319748092583,24.41319748092583,12,29.721215658947504,32.93895704249831,8.80515493364262,tier1_rc,0.00024628639221191406,False
summer_45,summer,3.7344793960718317,3.798802664114989,3.200492551214433,30.286843648213388,149.6052820289757,concrete,timber,cseb,rock_wool,42.79069584960481,0.10626329168116785,1,35.054794764448566,double_pane,18.0,8.0,28.0,314.3316105718456,2.5,20.235609355868338,18.0,22.138401419777953,4.138401419777953,24,5.428490116090575,18.104171529413048,5.4706391408410635,tier1_rc,0.0002593994140625,False
summer_46,summer,7.461106037361196,4.571016334526385,2.201029027362694,40.15941975886347,49.58148478933677,timber,sandwich_panel,cseb,eps_foam,149.84278000989787,0.20148278640993755,0,0.0,single_pane,18.0,8.0,28.0,314.3316105718456,2.5,29.38611700712055,18.0,41.78436628998387,23.784366289983872,11,27.795343269123588,49.735222946721976,10.491172639271685,tier1_rc,0.0002391338348388672,False
summer_47,summer,4.601064542277071,3.585620959628012,3.147338947434631,14.740547143698393,131.66820416084826,brick,cseb,brick,xps_foam,30.531930006580772,0.2217563149237724,0,0.0,double_pane,18.0,8.0,28.0,314.3316105718456,2.5,28.754706843068146,18.0,42.09435975596313,24.094359755963133,11,21.958069267084184,25.887408461919456,6.781355683812968,tier1_rc,0.00023865699768066406,False
summer_48,summer,5.66039400877532,5.400133684550756,2.3225563723106513,2.5573208009994235,101.92891285366979,sandwich_panel,concrete,concrete,rock_wool,143.0747331604046,0.258090080468677,0,0.0,double_pane,18.0,8.0,28.0,314.3316105718456,2.5,24.084027678207992,18.0,30.747060971039435,12.747060971039435,16,11.764704351353725,25.976421458302852,10.012488595976398,tier1_rc,0.00028514862060546875,False
summer_49,summer,3.240195700000513,3.803139036348946,2.529280021694483,15.681852305723737,70.90476029328221,concrete,sandwich_panel,concrete,rock_wool,126.35232048732796,0.19413169390456836,1,32.926280978822014,double_pane,18.0,8.0,28.0,314.3316105718456,2.5,20.541947335733223,18.0,22.652509403419174,4.652509403419174,24,3.4537837179555066,18.135172331354777,4.474815750514774,tier1_rc,0.0004057884216308594,False
summer_50,summer,4.978301210142625,4.900815581044844,2.6949477258464634,16.033411738350583,22.801779205297454,cseb,brick,concrete,xps_foam,118.06039998784613,0.23166877348915865,0,0.0,double_pane,18.0,8.0,28.0,314.3316105718456,2.5,35.13739385742094,18.0,53.11394537145359,35.11394537145359,10,28.27310536240853,64.24961962960889,8.590331328282375,tier1_rc,0.0004062652587890625,False
summer_51,summer,5.98155967446881,3.7000089526952573,2.7691153661435384,15.80248124766618,118.74573556380953,sandwich_panel,brick,cseb,rock_wool,40.05148330055169,0.33113283391292814,0,0.0,double_pane,18.0,8.0,28.0,314.3316105718456,2.5,28.278153467721307,18.0,40.20970527448295,22.20970527448295,11,22.159965273722918,32.20627549767109,8.358358852891843,tier1_rc,0.0003790855407714844,False
summer_52,summer,6.147616302080556,3.032232320593078,2.745141115015411,34.81340426593037,5.006238576403506,brick,cseb,brick,xps_foam,142.98191864475265,0.22499366519351655,0,0.0,single_pane,18.0,8.0,28.0,314.3316105718456,2.5,44.667352510223076,18.0,75.51975654154299,57.51975654154299,8,57.57803309073493,77.01581476637838,7.367885537959029,tier1_rc,0.0003859996795654297,False
summer_53,summer,3.2232345803725377,4.6619851818914055,3.3256329377772813,34.37258867356154,158.36566083590805,timber,cseb,brick,rock_wool,76.59951807317915,0.2507509053314657,0,0.0,single_pane,18.0,8.0,28.0,314.3316105718456,2.5,29.86075338913835,18.0,45.614333678740586,27.614333678740586,12,30.006289470742875,31.22176164380331,7.6542155938185905,tier1_rc,0.00039839744567871094,False
summer_54,summer,5.471697986933689,3.861620197813446,3.1141593443686295,27.11973268339214,37.125045792416614,concrete,concrete,concrete,rock_wool,106.74773450490352,0.28363061385028304,1,7.728331359237267,double_pane,18.0,8.0,28.0,314.3316105718456,2.5,35.875139747829856,18.0,57.19436558619097,39.19436558619097,10,35.42647353422135,74.6722622574044,8.854105950971817,tier1_rc,0.0004398822784423828,False
summer_55,summer,7.252481148337301,3.0884478700755893,3.085149975268281,22.171043776369668,142.03754474920933,concrete,brick,cseb,rock_wool,13.145047651359349,0.2588564277509515,1,13.898076065670487,single_pane,18.0,8.0,28.0,314.3316105718456,2.5,24.148811651717324,18.0,35.56720534191881,17.567205341918807,17,34.62674530413811,41.498884568814006,15.07952086526768,tier1_rc,0.00046634674072265625,False
summer_56,summer,3.0157583280834785,4.733836910300725,2.8628164809431524,19.367378143294978,174.77425302893963,concrete,cseb,cseb,rock_wool,51.91343607678875,0.3065596588265384,1,2.1360777951866137,single_pane,18.0,8.0,28.0,314.3316105718456,2.5,28.965138814924398,18.0,44.20944081904199,26.209440819041987,12,30.440241679206313,32.171810621152375,8.31296200542458,tier1_rc,0.00040268898010253906,False
summer_57,summer,4.450332880340763,3.265414393575415,3.3796023158905206,5.4545387486838335,123.25655211002481,brick,sandwich_panel,cseb,xps_foam,109.42743487266748,0.11422963813751556,0,0.0,double_pane,18.0,8.0,28.0,314.3316105718456,2.5,28.33591663840457,18.0,39.657722404957696,21.657722404957696,11,10.539362200174239,19.218465119722513,4.496462160396607,tier1_rc,0.0003790855407714844,False
summer_58,summer,6.757033046403207,3.6930022405541094,2.708519989660604,1.8089108385456723,83.31093660604796,cseb,brick,cseb,eps_foam,48.24582363077653,0.3855286265441358,1,19.7543052117529,single_pane,18.0,8.0,28.0,314.3316105718456,2.5,24.619411930954342,18.0,35.95983285512513,17.95983285512513,16,29.929727577880204,46.729914917798936,13.294173900058416,tier1_rc,0.0003294944763183594,False
summer_59,summer,3.281346374563371,5.518659053901272,2.3417950059682813,35.654294309435876,44.74325807179119,concrete,brick,cseb,rock_wool,57.694506226481685,0.10175959936301204,0,0.0,single_pane,18.0,8.0,28.0,314.3316105718456,2.5,28.913288073182105,18.0,41.23811220519267,23.23811220519267,11,18.60340367777418,27.055199636783215,6.373846063374176,tier1_rc,0.00023698806762695312,False
summer_60,summer,5.276520281509521,3.8578237147330303,3.1637840062568943,41.50244386330241,61.778364099433574,sandwich_panel,timber,cseb,mineral_wool,63.79079997792157,0.3399468452123948,0,0.0,single_pane,18.0,8.0,28.0,314.3316105718456,2.5,33.99506295462984,18.0,54.10214099161668,36.10214099161668,10,54.27145117689239,62.55044515345216,10.8599557670554,tier1_rc,0.00025844573974609375,False
summer_61,summer,5.873792367781299,5.524342280995681,3.410291323881855,7.402807727669819,149.00854016608739,brick,brick,cseb,eps_foam,71.34189292408797,0.09924799574101639,1,10.075142602733386,double_pane,18.0,8.0,28.0,314.3316105718456,2.5,21.898960434046852,18.0,26.883076663922097,8.883076663922097,24,10.095456243269657,27.198633814837216,9.817784730586089,tier1_rc,0.0002510547637939453,False
summer_62,summer,4.642809696747002,5.633739875190589,3.008770484884049,10.873089113308986,82.35797658691065,cseb,brick,brick,rock_wool,89.05679855663814,0.2939254332698223,1,28.91606117913615,single_pane,18.0,8.0,28.0,314.3316105718456,2.5,21.68373705728637,18.0,27.949592063725177,9.949592063725177,24,16.789192301640746,41.96730122808081,11.624448864975331,tier1_rc,0.00024509429931640625,False
summer_63,summer,3.4579954147543237,3.7520012958923616,2.3156373803357755,2.2743926456482395,147.90351501208954,concrete,brick,brick,mineral_wool,75.44207163783237,0.1374159309950816,0,0.0,double_pane,18.0,8.0,28.0,314.3316105718456,2.5,26.985183927177037,18.0,37.196598479711255,19.196598479711255,11,9.382590860430536,13.811913901837729,3.924675975743179,tier1_rc,0.0003085136413574219,False
summer_64,summer,5.0824072013848856,4.237193885638663,2.68388543649116,25.474050833221263,167.21166397811882,cseb,concrete,cseb,rock_wool,34.12865371663746,0.14331620334917994,0,0.0,single_pane,18.0,8.0,28.0,314.3316105718456,2.5,25.232901509769885,18.0,34.2419739266733,16.241973926673303,14,19.271853323784807,21.87153195039541,8.984954666138037,tier1_rc,0.00028395652770996094,False
summer_65,summer,3.5523908662737576,5.086277384268085,3.2653343441040708,9.359873938808239,68.92819646648107,brick,brick,brick,rock_wool,95.81754031946087,0.3522151659556156,1,7.167422587902728,single_pane,18.0,8.0,28.0,314.3316105718456,2.5,31.009790763416717,18.0,50.39000527343448,32.39000527343448,12,45.75513927153518,51.38772023956366,10.337102754868706,tier1_rc,0.0002455711364746094,False
summer_66,summer,4.720464918477424,3.2568903849007924,2.725686784786947,1.0941890451773981,17.167294982901808,timber,cseb,concrete,rock_wool,3.6795556827069205,0.37432081774752834,0,0.0,single_pane,18.0,8.0,28.0,314.3316105718456,2.5,42.89023469152463,18.0,74.0842307845534,56.0842307845534,8,86.66329504761988,98.99686648093997,10.774146123802828,tier1_rc,0.00022983551025390625,False
summer_67,summer,5.007915194950545,5.018362486957417,2.9879477369058685,44.724554356417464,46.80652019838983,cseb,timber,cseb,xps_foam,77.22201528598578,0.127187751980638,0,0.0,single_pane,18.0,8.0,28.0,314.3316105718456,2.5,30.336948408823883,18.0,44.007952166126856,26.007952166126856,10,26.513976940302253,42.32865860018187,8.592597481698654,tier1_rc,0.00032067298889160156,False
summer_68,summer,7.280973401857187,5.395517543867456,3.207965518231352,8.537992607453074,154.34680189632314,sandwich_panel,brick,brick,eps_foam,106.2831104863387,0.19878578524344453,0,0.0,single_pane,18.0,8.0,28.0,314.3316105718456,2.5,26.302674092552866,18.0,36.13604262735592,18.13604262735592,13,29.30483600246143,40.3330166158554,13.16168214650911,tier1_rc,0.0003218650817871094,False
summer_69,summer,4.196984555796153,3.380928963778438,3.4434731872811115,3.565072157258444,49.02476440181128,sandwich_panel,cseb,concrete,xps_foam,110.75490122879921,0.10298248063148274,0,0.0,double_pane,18.0,8.0,28.0,314.3316105718456,2.5,30.0591892528619,18.0,42.74610388325471,24.74610388325471,11,10.380479707294203,25.22760513582433,4.7106604580938125,tier1_rc,0.0005152225494384766,False
summer_70,summer,4.165264744424052,4.927563325459443,2.6903444503326956,23.30436169492823,81.81051056991943,sandwich_panel,sandwich_panel,cseb,mineral_wool,81.66489837232433,0.38860994647778724,1,14.990315253046427,single_pane,18.0,8.0,28.0,314.3316105718456,2.5,26.168984195277687,18.0,38.94783900131274,20.947839001312737,14,26.552224628983833,39.50134799597938,10.289429900202954,tier1_rc,0.00016927719116210938,False
summer_71,summer,3.6772231935844566,4.274604725647383,2.666533355239045,33.473328169006926,166.51045649484763,cseb,sandwich_panel,brick,eps_foam,91.61568620527031,0.17500598189697197,0,0.0,double_pane,18.0,8.0,28.0,314.3316105718456,2.5,27.789455903667616,18.0,38.733082751635614,20.733082751635614,11,11.324781957903456,18.17585497447647,4.626555899574264,tier1_rc,9.918212890625e-05,False
summer_72,summer,7.934840795935477,4.52412876059463,2.685982144705054,32.64891138066127,172.5007098248811,concrete,cseb,brick,eps_foam,140.23429447949772,0.18987752366478794,0,0.0,single_pane,18.0,8.0,28.0,314.3316105718456,2.5,26.39555130307075,18.0,36.152991705862604,18.152991705862604,13,25.538462435893845,36.30286760431544,11.409407111038636,tier1_rc,8.416175842285156e-05,False
summer_73,summer,4.0513777054574724,5.053691677596353,2.4765641381427734,6.099171654658559,50.88503819420237,concrete,sandwich_panel,cseb,rock_wool,72.48758843410072,0.3440846294650787,1,10.758632111957187,single_pane,18.0,8.0,28.0,314.3316105718456,2.5,32.50573488883455,18.0,53.463254068054866,35.463254068054866,11,41.686543591902854,66.33566631052895,9.615055778747472,tier1_rc,8.797645568847656e-05,False
summer_74,summer,3.2115410821263204,3.6140152280844227,2.637634970689397,27.25829668400988,76.37817992058066,cseb,cseb,brick,eps_foam,4.683115113465369,0.17718789306120036,1,20.72994038172366,single_pane,18.0,8.0,28.0,314.3316105718456,2.5,22.057292158777102,18.0,30.248010214059203,12.248010214059203,21,13.472821551098694,17.697529355946042,7.489605530141192,tier1_rc,8.916854858398438e-05,False
summer_75,summer,7.692041568772872,3.76238567436816,3.171085579221489,5.1418956079922475,136.82207326587036,sandwich_panel,sandwich_panel,concrete,rock_wool,113.1089974146309,0.05248873165536109,1,13.480982654802729,double_pane,18.0,8.0,28.0,314.3316105718456,2.5,19.93662538591138,18.0,21.64201810532912,3.6420181053291216,24,3.695992444144859,17.292957395697343,8.135447921747037,tier1_rc,9.1552734375e-05,False
summer_76,summer,7.054459774950104,5.285599113004727,3.250603216856218,23.451884638577646,31.218110929976657,brick,concrete,brick,eps_foam,107.50771095928417,0.15816373371359746,1,18.877707750427014,single_pane,18.0,8.0,28.0,314.3316105718456,2.5,30.870552029363903,18.0,47.721792025669714,29.721792025669714,11,41.13636764708604,80.77483541624306,12.258724638549095,tier1_rc,0.00011372566223144531,False
summer_77,summer,7.620833607701079,4.38653507138687,2.372796564308922,13.643857955957142,7.933594123482492,brick,timber,concrete,eps_foam,78.25515012909155,0.06168353646892259,1,12.922504423967727,single_pane,18.0,8.0,28.0,314.3316105718456,2.5,21.926233484404026,18.0,26.63521441522119,8.635214415221188,24,8.686233348270656,33.110349941063596,10.334481830782035,tier1_rc,0.00010514259338378906,False
summer_78,summer,4.283701383682103,5.265884239978059,2.5432273773475735,27.43727710915323,138.26672297391735,cseb,cseb,brick,mineral_wool,23.09897010650714,0.3557545147215768,1,28.196236151563763,double_pane,18.0,8.0,28.0,314.3316105718456,2.5,20.954187277313064,18.0,25.319277829521546,7.319277829521546,24,11.680711905247405,31.91256582926463,9.488405458634736,tier1_rc,0.00010323524475097656,False
summer_79,summer,6.549383821213314,3.1562729765869326,2.61578897328664,16.933607656332818,120.79481662279952,concrete,sandwich_panel,brick,mineral_wool,7.6433709018441505,0.33609732587012314,0,0.0,double_pane,18.0,8.0,28.0,314.3316105718456,2.5,27.779014392167834,18.0,40.8871555710085,22.8871555710085,12,33.31469684905378,33.369825546613015,10.275167946560789,tier1_rc,8.463859558105469e-05,False
summer_80,summer,5.554342808858725,3.0619912840789336,3.2397878239240994,11.664819727433803,140.62686133597484,cseb,brick,brick,eps_foam,100.57093734768759,0.3661614165209037,1,14.080895109647276,double_pane,18.0,8.0,28.0,314.3316105718456,2.5,29.536514658478836,18.0,46.018182028273735,28.018182028273735,12,23.908922816808825,37.41433378850626,7.1608907705219265,tier1_rc,8.7738037109375e-05,False
summer_81,summer,3.1720452100105936,5.4597039271087136,2.7962607925839356,3.0156547677924452,13.997032314686484,concrete,timber,brick,rock_wool,60.381170818319696,0.3721717553487628,1,40.10866142943175,single_pane,18.0,8.0,28.0,314.3316105718456,2.5,43.26718828825994,18.0,82.96372262487785,64.96372262487785,10,82.84979834372896,112.63873790678944,9.693547365359024,tier1_rc,8.606910705566406e-05,False
summer_82,summer,5.2357775888142655,5.977010563488811,2.3014419455795063,37.44045898983782,9.435104969546959,brick,concrete,cseb,mineral_wool,36.05672121891406,0.34378114070440396,0,0.0,double_pane,18.0,8.0,28.0,314.3316105718456,2.5,37.635588877517684,18.0,59.734317046324605,41.734317046324605,9,62.330436267938914,93.4918412350994,12.047033041129572,tier1_rc,8.130073547363281e-05,False
summer_83,summer,7.727634551024239,4.1328236085235845,2.6038344630407697,17.850188494489988,13.622182765793301,brick,brick,concrete,xps_foam,112.29602902443438,0.14084037517563214,1,31.737521345062824,double_pane,18.0,8.0,28.0,314.3316105718456,2.5,21.28435776458203,18.0,25.10785284666395,7.107852846663949,24,7.269836293897852,53.46641079130797,10.032154334520738,tier1_rc,8.916854858398438e-05,False
summer_84,summer,4.100040332712284,3.7329911898987937,3.293754077691542,24.391144636061732,171.65082074382866,sandwich_panel,sandwich_panel,cseb,rock_wool,83.75154170193484,0.31817657193446813,0,0.0,single_pane,18.0,8.0,28.0,314.3316105718456,2.5,30.258501278377633,18.0,46.1753768414086,28.1753768414086,12,33.10892400568482,35.6973352867968,8.453453288341533,tier1_rc,9.775161743164062e-05,False
summer_85,summer,7.848880555519203,3.8479802096231124,2.2085901019490004,22.282008012524976,137.61927584102892,sandwich_panel,cseb,cseb,mineral_wool,0.8283537688105461,0.08217622126657718,0,0.0,double_pane,18.0,8.0,28.0,314.3316105718456,2.5,22.24092102605268,18.0,27.47457939303944,9.474579393039441,24,12.723397172998423,14.295145312780258,10.294451104959654,tier1_rc,8.678436279296875e-05,False
summer_86,summer,7.304133947973751,3.6045914336305502,3.3731003228745156,44.86545048018405,100.6589417298716,timber,brick,cseb,mineral_wool,133.33732863474165,0.24377275771650658,0,0.0,single_pane,18.0,8.0,28.0,314.3316105718456,2.5,28.279091969199943,18.0,40.95717636751258,22.95717636751258,12,35.73007778769548,42.97699458923583,11.922181776497062,tier1_rc,8.654594421386719e-05,False
summer_87,summer,6.887628034176367,4.144092552058362,2.548168430094292,28.605092506272776,103.655176763024,cseb,sandwich_panel,brick,rock_wool,113.83875382641565,0.27848531817523603,0,0.0,single_pane,18.0,8.0,28.0,314.3316105718456,2.5,27.57183332594215,18.0,39.238896994531196,21.238896994531196,12,29.717546681695875,36.76293811763533,10.698403727668614,tier1_rc,8.916854858398438e-05,False
summer_88,summer,6.4952792177791645,4.0543851060558564,2.291901444157721,37.532426383593645,108.3369682448495,concrete,concrete,concrete,eps_foam,121.76187134570664,0.1386728479595758,0,0.0,single_pane,18.0,8.0,28.0,314.3316105718456,2.5,23.991310567070936,18.0,30.690303054594956,12.690303054594956,16,12.062439136826322,22.353445444125366,9.207296245562707,tier1_rc,8.96453857421875e-05,False
summer_89,summer,6.0364226926147015,5.120974460307807,3.1932537773763396,32.07222309825697,78.26269755975747,cseb,timber,concrete,xps_foam,10.449052921342728,0.25690492418567534,1,49.5074417619687,single_pane,18.0,8.0,28.0,314.3316105718456,2.5,20.673362791372345,18.0,22.705043242859187,4.705043242859187,24,19.2768773316618,44.12940038926783,17.329807770927154,tier1_rc,9.822845458984375e-05,False
summer_90,summer,6.624787798928332,3.2356702750713224,2.5118446814105213,19.956033821650617,34.138198389521904,timber,concrete,brick,xps_foam,149.47946045334757,0.11387958895324425,1,46.32241159434694,single_pane,18.0,8.0,28.0,314.3316105718456,2.5,21.396932423600813,18.0,25.75176342207559,7.751763422075591,24,6.310101640469901,36.457198560996915,6.0218150169890405,tier1_rc,0.00010800361633300781,False
summer_91,summer,4.309081369293137,5.874839121987429,3.4986455302208763,20.24235592761377,119.33303977905048,timber,timber,cseb,mineral_wool,100.30774781100503,0.20742938347403572,0,0.0,double_pane,18.0,8.0,28.0,314.3316105718456,2.5,27.63585436220092,18.0,38.445837417142926,20.445837417142926,11,19.462758684201262,32.396265680127314,8.574221489616875,tier1_rc,9.894371032714844e-05,False
summer_92,summer,6.829882990974587,4.466979284312163,3.1082921216322283,24.687508555039624,131.3990035753951,timber,concrete,brick,mineral_wool,49.44396481450065,0.123660108008969,0,0.0,double_pane,18.0,8.0,28.0,314.3316105718456,2.5,24.988597933866625,18.0,33.09268678854279,15.092686788542792,15,16.494220987291744,24.38240302630812,9.115323190531393,tier1_rc,0.00010466575622558594,False
summer_93,summer,6.641530544069785,4.985104979934928,2.2548899253022876,2.4853009469780325,95.53165131748405,sandwich_panel,concrete,cseb,mineral_wool,83.0793981468925,0.08119626003268221,0,0.0,double_pane,18.0,8.0,28.0,314.3316105718456,2.5,21.95574528641662,18.0,26.371261032466947,8.371261032466947,24,7.132414890307539,14.440331745165874,8.088769225988544,tier1_rc,0.00010752677917480469,False
summer_94,summer,3.6959586191161944,4.365201365994489,2.890372547116812,13.915762068680486,77.80155855476708,brick,concrete,concrete,mineral_wool,82.03480769120543,0.38011000249517857,0,0.0,single_pane,18.0,8.0,28.0,314.3316105718456,2.5,29.142161265883704,18.0,43.26744305704543,25.267443057045433,11,35.138001725163534,38.607738212607856,10.249677783391322,tier1_rc,0.00010156631469726562,False
summer_95,summer,5.371474032640053,5.468495459884425,2.953794712579976,4.17926919425422,42.648706083881585,concrete,cseb,cseb,rock_wool,146.49537010908944,0.05561362436272009,0,0.0,single_pane,18.0,8.0,28.0,314.3316105718456,2.5,26.74328316368089,18.0,36.15264671746422,18.152646717464222,12,14.581243223394976,30.636587628116086,7.926684253485165,tier1_rc,0.0001010894775390625,False
summer_96,summer,5.29815617554063,4.213798507133717,2.627952898062131,24.514618192435396,168.84588277034032,timber,brick,brick,mineral_wool,58.075282333455114,0.11066113504160283,0,0.0,double_pane,18.0,8.0,28.0,314.3316105718456,2.5,24.694564698491273,18.0,32.35884835264218,14.358848352642177,15,10.569686168629579,16.523940361073098,6.213418699631946,tier1_rc,9.918212890625e-05,False
summer_97,summer,4.789681348559551,3.6683725651389505,2.3613172713180806,42.321676268731416,41.8474419097475,brick,timber,concrete,rock_wool,79.54060315954865,0.272303132997985,0,0.0,double_pane,18.0,8.0,28.0,314.3316105718456,2.5,34.34744299558205,18.0,51.79117573720446,33.79117573720446,10,24.268519667611624,46.30970962730149,6.8011149818633845,tier1_rc,9.822845458984375e-05,False
summer_98,summer,4.3169225077730395,4.626384639213608,2.2094763095014462,38.65224013232574,150.7204718866551,cseb,cseb,brick,rock_wool,12.69963304056868,0.2935809183555704,0,0.0,double_pane,18.0,8.0,28.0,314.3316105718456,2.5,26.06758121249844,18.0,36.600609516710946,18.600609516710946,14,22.199021503145307,22.859644083245584,8.617218929311568,tier1_rc,9.822845458984375e-05,False
summer_99,summer,6.661372739427273,3.0092189160691962,3.0708707159962345,44.04802820168892,36.588579511309504,timber,brick,concrete,mineral_wool,136.9172561212091,0.15415395279234068,1,19.21531812738607,double_pane,18.0,8.0,28.0,314.3316105718456,2.5,28.171991781130714,18.0,41.18942041197993,23.18942041197993,13,14.6097270604523,45.5238931272061,7.1406655195718685,tier1_rc,0.00010514259338378906,False
summer_100,summer,5.72102366022571,4.5668284682887,3.400809915685823,29.310925417795733,94.72438419495202,cseb,timber,concrete,eps_foam,101.92814066927224,0.11802472200191536,0,0.0,single_pane,18.0,8.0,28.0,314.3316105718456,2.5,25.091766466543785,18.0,33.09707441042079,15.097074410420788,14,16.20851986165839,27.756138231091814,10.078295084762573,tier1_rc,0.00013303756713867188,False
summer_101,summer,3.874878454973633,4.060082255240713,2.819649300379489,30.447513029715363,108.6041492508417,cseb,cseb,brick,mineral_wool,97.70768058293292,0.1746852716952284,0,0.0,double_pane,18.0,8.0,28.0,314.3316105718456,2.5,27.91680957677077,18.0,39.268267099282994,21.268267099282994,11,12.961900373076086,19.16063499507961,4.98056330421273,tier1_rc,0.00023317337036132812,False
summer_102,summer,3.7686603283312055,3.9746379958688864,2.461638901203937,16.60902192127487,56.369688182176795,sandwich_panel,timber,brick,xps_foam,25.70271619555457,0.20365611894126345,0,0.0,single_pane,18.0,8.0,28.0,314.3316105718456,2.5,32.69393937805433,18.0,49.95120180804216,31.951201808042157,10,23.812951728661034,31.103501266923367,5.5659675875282115,tier1_rc,0.00025773048400878906,False
summer_103,summer,3.4193959137192897,5.609818394560857,3.415085240309695,2.965307919046972,71.47566690125772,cseb,sandwich_panel,concrete,rock_wool,117.87316774671909,0.19045410151122538,1,11.574409859985064,single_pane,18.0,8.0,28.0,314.3316105718456,2.5,24.678104120017878,18.0,34.19730564640022,16.197305646400217,16,16.529907615251766,32.87853944293316,9.06284735100786,tier1_rc,0.00025343894958496094,False
summer_104,summer,6.276730558332346,5.653223792364002,2.4221883315829,11.46495933070209,46.34494665768914,cseb,timber,cseb,xps_foam,108.50829146200353,0.19184418221411575,0,0.0,double_pane,18.0,8.0,28.0,314.3316105718456,2.5,28.99465272209743,18.0,40.70948220656689,22.70948220656689,11,21.441582445779098,47.2201376402894,9.675551162234434,tier1_rc,0.0002334117889404297,False
summer_105,summer,5.033125502034313,4.422039714436896,2.4057456697094675,30.088805785445917,103.14355682214637,timber,timber,brick,mineral_wool,46.555171789162294,0.3715391582199527,0,0.0,double_pane,18.0,8.0,28.0,314.3316105718456,2.5,28.472373585211272,18.0,40.7968471398847,22.796847139884697,11,21.705701313780953,30.25713991460247,7.699950714343442,tier1_rc,0.00023937225341796875,False
summer_106,summer,5.164177097393864,5.89038450370459,2.2728934190321057,41.67006870106508,133.88461028366535,timber,concrete,cseb,xps_foam,88.04370862792904,0.050919161357889486,1,24.255033185304196,double_pane,18.0,8.0,28.0,314.3316105718456,2.5,19.584430385172773,18.0,20.7750825665391,2.7750825665391012,24,4.034153963630239,12.758972792025478,7.404700658226268,tier1_rc,0.0002551078796386719,False
summer_107,summer,5.437775084923953,3.371216342661892,2.3933574383215053,19.722447076972585,174.15497015368817,concrete,sandwich_panel,concrete,eps_foam,51.1344320116736,0.06775321318163624,0,0.0,double_pane,18.0,8.0,28.0,314.3316105718456,2.5,23.4629330014365,18.0,29.49765811586913,11.497658115869129,18,6.87021060306635,13.840478426492917,5.995359564875705,tier1_rc,0.00023698806762695312,False
summer_108,summer,4.748256415053254,3.0209602670912195,2.7899158523296093,42.180285384627254,118.14008251370355,timber,concrete,concrete,mineral_wool,117.39780131645928,0.34546579957404105,0,0.0,single_pane,18.0,8.0,28.0,314.3316105718456,2.5,29.023489747558614,18.0,42.77171496262326,24.771714962623257,11,28.57256750023967,32.466701801172576,8.611917808483511,tier1_rc,0.00022983551025390625,False
summer_109,summer,6.0670129227715455,5.026228553196443,2.4482163123540066,37.66686433672679,120.36322206710996,cseb,concrete,cseb,mineral_wool,20.340433755700168,0.35145646868295205,1,1.5698351043753251,single_pane,18.0,8.0,28.0,314.3316105718456,2.5,25.68025850307537,18.0,36.49984794874124,18.49984794874124,15,40.39315520416841,41.8718907057694,16.267836845727718,tier1_rc,0.0002429485321044922,False
summer_110,summer,3.79318100037292,5.363982252441323,2.5946133473985453,14.47985396150601,143.28195469154963,timber,sandwich_panel,concrete,mineral_wool,74.8113970085585,0.2712068751869747,1,21.978148551162295,double_pane,18.0,8.0,28.0,314.3316105718456,2.5,20.595371650594387,18.0,23.034712747927305,5.034712747927305,24,5.900145445468332,25.48966169764249,7.582337198064151,tier1_rc,0.0002758502960205078,False
summer_111,summer,6.063952141657424,4.473154379266063,3.0955289297317616,6.456765241221629,57.45384195278484,sandwich_panel,concrete,cseb,rock_wool,86.45053774744757,0.2614542446764997,1,42.18649399134702,double_pane,18.0,8.0,28.0,314.3316105718456,2.5,23.32087039074075,18.0,31.462636690243023,13.462636690243023,18,12.564982138181545,53.17250845898806,9.107708048050602,tier1_rc,0.00025272369384765625,False
summer_112,summer,4.262031444052142,4.097979118983545,3.035528346748892,43.72169815479503,159.9189500152519,cseb,cseb,concrete,mineral_wool,33.37028008007273,0.392947298030179,0,0.0,double_pane,18.0,8.0,28.0,314.3316105718456,2.5,28.71330847837164,18.0,41.68726960011095,23.68726960011095,11,28.332194905814355,35.730489493542514,9.525649458141991,tier1_rc,0.0002338886260986328,False
summer_113,summer,7.500677794206073,4.703474807992473,2.834852804921276,7.183396188895558,162.44853822567023,brick,timber,cseb,xps_foam,2.3526130252127286,0.22994106252195823,0,0.0,single_pane,18.0,8.0,28.0,314.3316105718456,2.5,25.22433413746263,18.0,34.99548042046271,16.995480420462712,15,43.79219625487721,40.8658509040925,18.811512872309056,tier1_rc,0.00023031234741210938,False
summer_114,summer,3.6349726357738925,5.910154313917492,2.728743077706547,36.907050130084805,70.75690671569828,concrete,cseb,concrete,xps_foam,132.4311032320361,0.30864478905244463,0,0.0,double_pane,18.0,8.0,28.0,314.3316105718456,2.5,28.32263625150218,18.0,39.65770759959144,21.65770759959144,11,18.839879945099142,34.8137486304007,8.411219074612436,tier1_rc,0.00022745132446289062,False
summer_115,summer,6.298383701854908,4.221542030421979,2.829994056557332,4.86864533965467,145.70081320597964,sandwich_panel,cseb,concrete,xps_foam,5.373372262799901,0.2691463026375207,0,0.0,double_pane,18.0,8.0,28.0,314.3316105718456,2.5,25.415467755313955,18.0,33.990015074350296,15.990015074350296,13,20.620775303492266,30.961465852165876,11.410843016165485,tier1_rc,0.00023484230041503906,False
summer_116,summer,4.873596202332313,5.832648705724804,2.6190505242607234,18.694312104436758,165.35708702134409,timber,concrete,cseb,rock_wool,16.119992514127983,0.12259892151437969,0,0.0,single_pane,18.0,8.0,28.0,314.3316105718456,2.5,23.934686657842217,18.0,31.276787474654956,13.276787474654956,16,19.21815360154896,21.728259718330232,11.182718260761323,tier1_rc,0.00023031234741210938,False
summer_117,summer,4.234307685721031,5.4887934466255635,2.2481168043094977,15.434940653152527,99.44127611330921,brick,brick,brick,eps_foam,133.57676073196603,0.18162392591559623,1,20.26440534478167,double_pane,18.0,8.0,28.0,314.3316105718456,2.5,20.155146756000164,18.0,22.045198764326468,4.045198764326468,24,4.565913873337789,19.777534770240493,6.021593805129956,tier1_rc,0.00024437904357910156,False
summer_118,summer,6.592502345000931,3.147547410269768,2.6215889374608774,31.822299802589672,132.07525491608666,timber,sandwich_panel,cseb,eps_foam,31.33033892713172,0.2558806745399975,1,15.458598932689057,single_pane,18.0,8.0,28.0,314.3316105718456,2.5,23.36687005393566,18.0,32.09186370454778,14.091863704547777,18,15.911908566423064,30.826407908491543,9.042450811568047,tier1_rc,0.0002665519714355469,False
summer_119,summer,5.679253391640831,4.768387459371481,2.325926584286501,17.416801675709163,86.5335847720034,concrete,sandwich_panel,cseb,rock_wool,111.74116923935614,0.11126095743190281,0,0.0,single_pane,18.0,8.0,28.0,314.3316105718456,2.5,24.368888836946212,18.0,31.5041964472761,13.504196447276101,15,11.511697352325113,20.380461948768392,7.732098718574965,tier1_rc,0.00025081634521484375,False
summer_120,summer,4.557723866440382,3.9556543691530233,3.278429062390801,33.131150422069716,58.22865017049259,concrete,timber,cseb,eps_foam,67.25898462020683,0.3743879268876107,1,26.80607052038165,single_pane,18.0,8.0,28.0,314.3316105718456,2.5,30.403840908989327,18.0,52.89414635827456,34.89414635827456,13,46.384130350183746,74.9720643329999,11.14532482348441,tier1_rc,0.0002467632293701172,False
summer_121,summer,6.874093057466002,5.247922827466485,2.3895695333734515,41.095491813185824,26.928628013555876,brick,sandwich_panel,brick,rock_wool,85.5415757961854,0.3004582115099373,1,43.2319784646809,double_pane,18.0,8.0,28.0,314.3316105718456,2.5,21.438944117035177,18.0,26.944792412681274,8.944792412681274,24,10.74155433263651,85.27060905001565,10.386244835728686,tier1_rc,0.00024437904357910156,False
summer_122,summer,4.808916431133512,3.345995487547547,2.8086951602708337,9.7219141583077,3.0068376608882543,concrete,sandwich_panel,concrete,eps_foam,116.59084606564808,0.14830144959514657,0,0.0,double_pane,18.0,8.0,28.0,314.3316105718456,2.5,35.520678661300046,18.0,53.813050322814604,35.813050322814604,10,18.531771635815158,42.832823544534655,5.529822822885317,tier1_rc,0.00022935867309570312,False
summer_123,summer,6.6141187146312275,3.3007933414172643,2.233187322708013,4.04248399654546,113.19455779391363,sandwich_panel,brick,cseb,rock_wool,87.10277148475207,0.22544017313084708,0,0.0,double_pane,18.0,8.0,28.0,314.3316105718456,2.5,25.706978688418303,18.0,34.27665574549129,16.27665574549129,12,11.383469425308238,20.50830846006062,6.463257525484574,tier1_rc,0.0001900196075439453,False
summer_124,summer,7.10343941026896,5.667880453889195,2.438663605630263,13.284301559561944,48.2165918104415,cseb,brick,brick,eps_foam,147.49884561370664,0.05700773675185363,0,0.0,single_pane,18.0,8.0,28.0,314.3316105718456,2.5,24.34412927634371,18.0,31.25004817043008,13.25004817043008,15,12.821382049877833,26.465680506320307,9.139451609724873,tier1_rc,0.0001773834228515625,False
summer_125,summer,3.3989656148909972,3.1754173795846348,2.6457742030855447,37.17715099347636,15.220630312181875,brick,cseb,cseb,mineral_wool,121.30353630421489,0.36042450547481925,0,0.0,double_pane,18.0,8.0,28.0,314.3316105718456,2.5,53.142129149467564,18.0,92.93457500867825,74.93457500867825,8,44.564017939998436,64.36321224163272,4.61187030969505,tier1_rc,0.00017690658569335938,False
summer_126,summer,5.571230331193602,3.015389005698451,2.8861402110284398,20.910045696492602,163.51632961634462,cseb,brick,cseb,mineral_wool,135.52496945268777,0.29226683408345255,1,11.303794083125121,single_pane,18.0,8.0,28.0,314.3316105718456,2.5,26.63007096281429,18.0,39.84685664498575,21.84685664498575,14,23.01206175599625,33.50498481122929,8.441033685099782,tier1_rc,0.0001900196075439453,False
summer_127,summer,4.8886984323186695,4.001539924386921,2.680825567126927,42.8325550967366,153.6645073861876,brick,brick,cseb,mineral_wool,94.62519069053856,0.3066762243307528,0,0.0,double_pane,18.0,8.0,28.0,314.3316105718456,2.5,28.505865680107078,18.0,40.63657668962403,22.63657668962403,11,19.868106898591563,28.983764747744356,7.304917210154769,tier1_rc,0.0001971721649169922,False
summer_128,summer,3.5223334046866475,4.606975197188621,2.876227345734781,35.04504967671652,9.756893572388023,cseb,brick,concrete,mineral_wool,13.798429897940458,0.3643445445815932,0,0.0,single_pane,18.0,8.0,28.0,314.3316105718456,2.5,42.038802356032285,18.0,73.03148316134718,55.03148316134718,8,97.74562342487819,107.50676949942077,12.205636441030789,tier1_rc,0.00015020370483398438,False
summer_129,summer,5.808184430804143,3.6409291367309047,2.956516362385646,12.952939230278501,65.79458254001997,brick,cseb,cseb,xps_foam,124.79592166588449,0.09148660820706087,1,3.479032163614619,single_pane,18.0,8.0,28.0,314.3316105718456,2.5,25.482004033089286,18.0,34.663024385141526,16.663024385141526,13,11.632505792304299,24.1368152541465,6.508007422050789,tier1_rc,0.00013184547424316406,False
summer_130,summer,6.748471272015683,5.693325100768532,2.444159423133847,41.30056354286848,52.78814013279438,timber,brick,brick,rock_wool,47.33672657866411,0.09526922184486428,0,0.0,double_pane,18.0,8.0,28.0,314.3316105718456,2.5,24.60693771564301,18.0,32.08659183434946,14.086591834349463,15,16.767360146983986,27.56049902799332,10.192144990321552,tier1_rc,0.00012540817260742188,False
summer_131,summer,3.135656159976731,4.437533196227738,2.344439320311659,20.38059557948126,155.834908484639,cseb,concrete,brick,rock_wool,65.4306727518833,0.2970025591056343,1,43.72087724210846,double_pane,18.0,8.0,28.0,314.3316105718456,2.5,20.542520988142716,18.0,22.489555912195485,4.489555912195485,24,5.338640811465471,20.693499962233766,5.048666796058086,tier1_rc,0.00013327598571777344,False
summer_132,summer,5.168161218163579,4.747974775920758,2.6093176575152137,29.74479133481348,122.42824651890867,concrete,sandwich_panel,brick,xps_foam,135.19496975855643,0.3763690419138014,0,0.0,single_pane,18.0,8.0,28.0,314.3316105718456,2.5,29.30789581288306,18.0,43.620207880806426,25.620207880806426,11,38.21260473531494,43.17580116718235,10.903698455251673,tier1_rc,0.0001239776611328125,False
summer_133,summer,4.344658480638699,4.310238716093083,2.4712680700809577,36.64718584188584,28.786063450591943,cseb,concrete,brick,xps_foam,105.29996927693264,0.06997904111779041,1,2.7316287592611257,double_pane,18.0,8.0,28.0,314.3316105718456,2.5,27.132500699892944,18.0,37.65922383757978,19.65922383757978,12,9.23086814670569,21.11837368491754,4.539311903054321,tier1_rc,0.00012803077697753906,False
summer_134,summer,6.175934285226734,3.4206406250056425,2.737966067703362,42.55166764892656,43.473270958775196,cseb,cseb,cseb,xps_foam,35.25508787195377,0.20909576374986605,1,24.77764812217354,double_pane,18.0,8.0,28.0,314.3316105718456,2.5,28.433095004542015,18.0,43.21453902573432,25.214539025734318,12,22.61344174552035,47.723325384556176,8.033821708985293,tier1_rc,0.0001289844512939453,False
summer_135,summer,7.429263249987235,5.340873281647445,3.38332987716884,26.723501567135703,136.21307734154126,cseb,sandwich_panel,concrete,rock_wool,2.6275042371101556,0.36994122156667764,1,38.706234984672896,single_pane,18.0,8.0,28.0,314.3316105718456,2.5,20.481881412932257,18.0,22.819829788622496,4.819829788622496,24,29.274263760161304,69.17286527743204,25.117672021837855,tier1_rc,0.0001308917999267578,False
summer_136,summer,4.908656539484295,3.1354354780548572,2.532625686136688,35.903277120846106,74.2264079183386,timber,cseb,cseb,mineral_wool,52.371095795148825,0.21498304506355465,0,0.0,single_pane,18.0,8.0,28.0,314.3316105718456,2.5,27.32140003686993,18.0,38.83331776003313,20.833317760033133,13,18.846666347025653,21.892107010227427,6.750394680620074,tier1_rc,0.00011873245239257812,False
summer_137,summer,4.0296857231867556,4.811839439832472,3.387937530349724,36.87484507204834,159.59549578032002,timber,brick,brick,rock_wool,39.33193501573531,0.06890290402503912,0,0.0,single_pane,18.0,8.0,28.0,314.3316105718456,2.5,25.527903496320707,18.0,34.61512272687394,16.615122726873942,14,14.390593226511253,17.99405505703808,6.666681372808964,tier1_rc,0.000118255615234375,False
summer_138,summer,4.0810278488314,5.882256640988169,2.901498615274993,30.691490611476517,160.20083429099284,timber,concrete,cseb,eps_foam,92.90370458838456,0.16765370915365946,0,0.0,single_pane,18.0,8.0,28.0,314.3316105718456,2.5,26.23548082321568,18.0,35.84582007923009,17.845820079230087,13,19.16369251973653,26.62613851531824,8.749643632135204,tier1_rc,0.00011944770812988281,False
summer_139,summer,5.4063388579005025,4.8206709921758675,2.8717497750360232,34.78955390451129,178.11720148959125,cseb,brick,concrete,eps_foam,28.604631013052003,0.341350929155684,0,0.0,double_pane,18.0,8.0,28.0,314.3316105718456,2.5,26.543501246786764,18.0,36.577699377196474,18.577699377196474,13,27.001180473243554,37.52203106663664,12.317436638729422,tier1_rc,0.00011897087097167969,False
summer_140,summer,3.0389424457128484,4.298881551976193,3.2537257064319958,9.873546542998788,178.5459027631922,cseb,timber,brick,mineral_wool,78.72390753572033,0.1695824394927397,1,40.385639514064145,double_pane,18.0,8.0,28.0,314.3316105718456,2.5,20.75194687394682,18.0,22.867764037055924,4.867764037055924,24,4.8922455400602445,20.13857012199654,4.629285856518371,tier1_rc,0.00012683868408203125,False
summer_141,summer,3.7224552210855126,5.71007957994472,3.2140025050600283,17.622531089604653,135.5428805478235,timber,concrete,cseb,xps_foam,104.13607835051566,0.08269389190874732,0,0.0,double_pane,18.0,8.0,28.0,314.3316105718456,2.5,25.087141046628687,18.0,32.86746552783187,14.867465527831868,14,8.905351739923763,17.865430947154586,5.867915371443242,tier1_rc,0.00012755393981933594,False
summer_142,summer,5.208979851902707,5.925752230751845,2.9364438503302535,41.89916033531649,96.98799738295894,cseb,timber,brick,xps_foam,145.10626806268425,0.21819585991217105,0,0.0,double_pane,18.0,8.0,28.0,314.3316105718456,2.5,26.906968697278682,18.0,36.85401497327077,18.854014973270772,12,18.129036692045894,31.59621269329666,8.719054650839746,tier1_rc,0.00012612342834472656,False
summer_143,summer,5.109722233366002,5.446784543177591,3.2280884432881094,32.27979158492359,161.70524553216518,cseb,cseb,cseb,eps_foam,4.053484490231848,0.2679987731879084,0,0.0,double_pane,18.0,8.0,28.0,314.3316105718456,2.5,25.8222545145163,18.0,36.46353190353728,18.46353190353728,14,39.42743408910264,37.21965085305302,15.565974874519029,tier1_rc,0.0001614093780517578,False
summer_144,summer,5.931731746117135,5.908464744779454,2.6310200266091464,31.48987222797189,0.5683157391599338,timber,cseb,concrete,rock_wool,21.99974062791715,0.0938242972303567,0,0.0,single_pane,18.0,8.0,28.0,314.3316105718456,2.5,26.612118805821463,18.0,36.1427803849551,18.142780384955103,12,26.488056833093484,45.925298230171286,13.333091067392832,tier1_rc,0.00017881393432617188,False
summer_145,summer,4.1827526941620015,5.7834774239353415,2.4087664482911966,44.37479987271332,68.31188175910715,concrete,concrete,brick,eps_foam,40.56959951318973,0.11203968795505824,1,36.57684303895597,single_pane,18.0,8.0,28.0,314.3316105718456,2.5,20.433572167883717,18.0,22.2309906634272,4.2309906634272,24,8.930507203881357,22.450390835157684,8.475540615825466,tier1_rc,0.00018596649169921875,False
summer_146,summer,5.8530133353451,3.879072439225755,2.8136239134222656,31.089330366584043,73.64552882440563,sandwich_panel,sandwich_panel,cseb,eps_foam,73.62383554278323,0.35741179162821074,1,37.04162233534196,single_pane,18.0,8.0,28.0,314.3316105718456,2.5,21.674926804629404,18.0,27.910998469679893,9.910998469679893,24,15.572880521326,41.41232464854783,10.980651501635213,tier1_rc,0.00017786026000976562,False
summer_147,summer,7.408922006035711,5.646320956597782,3.1913835133952593,37.918743098784745,51.74910551365716,concrete,cseb,concrete,mineral_wool,128.440544825983,0.15373302059153726,0,0.0,single_pane,18.0,8.0,28.0,314.3316105718456,2.5,28.085755182581323,18.0,39.09590479112241,21.095904791122408,11,34.54399561717535,65.15428654255086,15.8441428187064,tier1_rc,0.00016689300537109375,False
summer_148,summer,5.947077558142435,3.161768923771931,2.8656064712982783,25.50144173139593,116.91767324532563,sandwich_panel,brick,brick,rock_wool,91.17323008715317,0.23730981557493186,1,46.101180303883815,double_pane,18.0,8.0,28.0,314.3316105718456,2.5,20.265048596238206,18.0,21.947572790814572,3.947572790814572,24,5.3531339852751865,24.983002334505326,5.9857054146177635,tier1_rc,0.00016880035400390625,False
summer_149,summer,4.852081930015765,3.310244043541716,3.3965509445119784,10.47115489814473,111.46752124727463,sandwich_panel,timber,concrete,eps_foam,96.17196306045247,0.34716273582142215,1,23.544212478203235,double_pane,18.0,8.0,28.0,314.3316105718456,2.5,25.41801627570148,18.0,36.330469161787605,18.330469161787605,15,13.930924813141232,34.46136883153572,7.4263951348322506,tier1_rc,0.00013136863708496094,False
summer_150,summer,3.2905596558198393,5.964490912315096,2.4347429633256987,25.093420084238595,147.58405334100163,cseb,concrete,brick,rock_wool,75.97527043142699,0.34796484847213466,0,0.0,single_pane,18.0,8.0,28.0,314.3316105718456,2.5,28.797086292283335,18.0,42.86675092881196,24.86675092881196,12,32.877655679129965,34.489054127759104,9.34235075022835,tier1_rc,0.00012493133544921875,False
summer_151,summer,5.262330255744284,3.545813439126852,3.137049055285491,28.22600827730131,23.663266159265973,sandwich_panel,cseb,concrete,rock_wool,119.80731525957145,0.28068418711158905,0,0.0,double_pane,18.0,8.0,28.0,314.3316105718456,2.5,42.24769225823915,18.0,67.8548305330944,49.8548305330944,9,39.20581106383238,76.41389410430097,7.546882849235207,tier1_rc,0.0001251697540283203,False
summer_152,summer,5.461420839690594,5.504359048629528,3.436401173009125,35.54008811836209,106.19935952098635,timber,concrete,cseb,mineral_wool,1.8938614305796286,0.0886230699193281,1,17.892284872795237,single_pane,18.0,8.0,28.0,314.3316105718456,2.5,20.669993417732076,18.0,24.188330038055934,6.188330038055934,24,20.566697036660315,25.047110481887305,16.49584999695797,tier1_rc,0.00013327598571777344,False
summer_153,summer,3.947133994134383,3.7710973603817637,3.393963524258755,24.0785862364982,1.238674833694407,brick,timber,brick,xps_foam,105.97025665390832,0.26674895867959986,1,21.735704779140878,single_pane,18.0,8.0,28.0,314.3316105718456,2.5,46.897743390808806,18.0,87.11865308797562,69.11865308797562,9,71.55558837643012,93.01706091387327,7.629172453034007,tier1_rc,0.00012540817260742188,False
summer_154,summer,5.780075224840299,4.08320472990791,2.9400722667462076,17.835126454410176,130.6758089042155,cseb,sandwich_panel,cseb,rock_wool,122.78863298286397,0.34962783865096475,0,0.0,double_pane,18.0,8.0,28.0,314.3316105718456,2.5,29.29588174135378,18.0,42.20441519590199,24.204415195901987,10,24.266523873505307,37.65506839279127,8.698605430335459,tier1_rc,0.0001285076141357422,False
summer_155,summer,3.7523286352296843,5.386796027964027,2.523436712358421,39.891709438574814,20.18557822589877,cseb,sandwich_panel,cseb,mineral_wool,130.3675964113392,0.22778776742143458,0,0.0,single_pane,18.0,8.0,28.0,314.3316105718456,2.5,39.57895686680937,18.0,63.77532820349439,45.77532820349439,9,45.15652731402241,66.90300748253038,7.801415960286026,tier1_rc,0.00013327598571777344,False
summer_156,summer,6.701860575782286,5.370703333790805,2.9622340654189006,43.48388955655671,153.5308041371334,sandwich_panel,concrete,concrete,eps_foam,123.19021537184484,0.23419103620842208,0,0.0,double_pane,18.0,8.0,28.0,314.3316105718456,2.5,24.589934552687723,18.0,31.860370073627614,13.860370073627614,14,16.071213024941567,33.93787901215735,12.430029684908412,tier1_rc,0.00012993812561035156,False
summer_157,summer,4.5374288080843685,4.53180191141762,3.4587204043834943,11.850498418272126,166.1734949382335,timber,cseb,brick,rock_wool,122.29936751790694,0.08578874055290608,1,18.67522575021456,single_pane,18.0,8.0,28.0,314.3316105718456,2.5,20.596008010892024,18.0,22.958145910947017,4.958145910947017,24,5.850025298536444,20.561310750741676,6.249227529265171,tier1_rc,0.0001544952392578125,False
summer_158,summer,6.107052317358373,3.391938090345553,2.82326185482748,18.153204878414936,21.30081627187421,concrete,sandwich_panel,cseb,eps_foam,42.25316396186468,0.39886730115003,1,35.43654460646381,double_pane,18.0,8.0,28.0,314.3316105718456,2.5,39.72755783921909,18.0,71.27458254430377,53.27458254430377,11,51.57263037858033,105.64449212821148,8.835590005186843,tier1_rc,0.0001347064971923828,False
summer_159,summer,5.91004124959075,5.424152472971951,3.447445105354293,39.40183715603822,89.28407500653292,concrete,brick,brick,rock_wool,53.44835826044648,0.2846561646259472,0,0.0,double_pane,18.0,8.0,28.0,314.3316105718456,2.5,28.3712555500892,18.0,41.03287875600348,23.032878756003477,12,36.249830475757115,46.430610320050576,12.447938570038648,tier1_rc,0.00012946128845214844,False
summer_160,summer,6.027355453474535,4.445913306226332,2.9087967509840214,15.055027622678294,127.2439383651066,brick,brick,concrete,eps_foam,108.03361019017152,0.13237659269054758,0,0.0,double_pane,18.0,8.0,28.0,314.3316105718456,2.5,24.319592610016347,18.0,31.225868731803757,13.225868731803757,15,10.95494108076165,23.82910999600868,8.837560908409893,tier1_rc,0.00012493133544921875,False
summer_161,summer,3.8424825583302455,4.284320657695715,2.2759987890503846,37.25118698852749,144.26736058597214,sandwich_panel,cseb,brick,xps_foam,89.83964222665296,0.13359664739327692,0,0.0,double_pane,18.0,8.0,28.0,314.3316105718456,2.5,25.185051560171633,18.0,33.142836311816026,15.142836311816026,14,6.9415682157039384,12.710592422847911,4.133981442954673,tier1_rc,0.00012445449829101562,False
summer_162,summer,3.38175600386251,3.6783393736758603,3.1025331735240367,5.341635493271688,20.871276616463913,timber,brick,cseb,xps_foam,93.71866379471257,0.1961185372004477,1,33.6237629396091,double_pane,18.0,8.0,28.0,314.3316105718456,2.5,33.3932863680303,18.0,56.292533607541436,38.292533607541436,12,16.470757590084382,46.0071162444307,4.3805091380694465,tier1_rc,0.00012922286987304688,False
summer_163,summer,6.236220168634604,5.0007249514037495,2.994744623707347,18.349657851151264,141.56845440580616,cseb,sandwich_panel,cseb,xps_foam,72.52724005448904,0.2607087678100243,0,0.0,single_pane,18.0,8.0,28.0,314.3316105718456,2.5,27.234012163025096,18.0,38.36001766889133,20.36001766889133,12,32.73360315227154,42.09156676032289,12.769161380519028,tier1_rc,0.00011920928955078125,False
summer_164,summer,7.7403503745874955,4.559953812011567,3.2354996513362653,29.897937179149512,81.26239919170084,timber,sandwich_panel,brick,mineral_wool,69.98673378139696,0.15179929671190723,0,0.0,single_pane,18.0,8.0,28.0,314.3316105718456,2.5,26.085859936805218,18.0,35.57367250718294,17.57367250718294,13,24.77222872862744,34.60881525614129,11.46132025886316,tier1_rc,0.00011944770812988281,False
summer_165,summer,4.391726375292678,4.105342425596428,2.35597628319505,27.93200254312596,170.80157035995234,sandwich_panel,brick,cseb,xps_foam,23.56061819010873,0.18723142931451564,0,0.0,single_pane,18.0,8.0,28.0,314.3316105718456,2.5,25.758716015957273,18.0,35.05697552525557,17.056975525255567,14,15.123612887575945,19.096040034157852,6.911670447638233,tier1_rc,0.00011873245239257812,False
summer_166,summer,4.995494303530011,5.58839411687415,2.5043087324186812,34.125511428173056,64.47810724574865,sandwich_panel,cseb,brick,eps_foam,141.01729202325913,0.3802091567690742,0,0.0,single_pane,18.0,8.0,28.0,314.3316105718456,2.5,31.520745637972283,18.0,48.10333735789524,30.103337357895242,10,47.974399127136394,57.98600807918284,11.783600056181577,tier1_rc,0.00011920928955078125,False
summer_167,summer,3.9302065117872496,4.354057273056984,2.850528027826493,2.193830409532659,96.53933630043865,concrete,timber,brick,xps_foam,61.59451854888004,0.32710460919007744,1,8.572601219940138,single_pane,18.0,8.0,28.0,314.3316105718456,2.5,28.062454826249137,18.0,43.366113890941044,25.366113890941044,13,29.110612295489354,35.76272922210799,8.723944120151709,tier1_rc,0.00012612342834472656,False
summer_168,summer,6.333630928394703,3.353927885695059,2.826491755995447,1.2945023448229203,171.3494284244076,concrete,brick,concrete,eps_foam,9.440800458410667,0.1972394576818462,0,0.0,double_pane,18.0,8.0,28.0,314.3316105718456,2.5,24.990537478574538,18.0,34.05899719383121,16.05899719383121,15,26.522360550246958,26.668409551622346,12.51055838911908,tier1_rc,0.00012040138244628906,False
summer_169,summer,7.328593381090443,4.896962033815901,2.4865445515558826,4.796404446670807,85.48772553373966,sandwich_panel,cseb,concrete,eps_foam,48.76816214265925,0.33386151876882514,1,23.13943471664176,double_pane,18.0,8.0,28.0,314.3316105718456,2.5,20.669567859173675,18.0,22.869661401819734,4.869661401819734,24,9.94786727643095,36.73486617582976,13.210001175211568,tier1_rc,0.000125885009765625,False
summer_170,summer,3.8888611543200806,5.8062326599212515,2.9729855692945986,23.243985748519084,69.32296368168929,cseb,concrete,concrete,mineral_wool,129.23887455300883,0.09291661919666919,0,0.0,double_pane,18.0,8.0,28.0,314.3316105718456,2.5,24.360442634119806,18.0,31.26723735021964,13.267237350219641,15,9.006790248984252,20.122351146638067,7.297592979643507,tier1_rc,0.0001323223114013672,False
summer_171,summer,7.963525428283128,5.936558589219366,3.0619138226863454,6.157902030640559,95.1570035631025,timber,sandwich_panel,brick,rock_wool,54.095515198746625,0.11536318002303969,0,0.0,single_pane,18.0,8.0,28.0,314.3316105718456,2.5,24.170070272558416,18.0,31.29591319979937,13.295913199799369,16,20.330617563422273,31.98128562059279,13.182952544492426,tier1_rc,0.0002560615539550781,False
summer_172,summer,7.872472175534417,3.201285909132588,3.037918317452811,14.63564608179639,155.14135418541724,timber,sandwich_panel,brick,mineral_wool,116.48205055699633,0.1380429657901625,0,0.0,single_pane,18.0,8.0,28.0,314.3316105718456,2.5,26.964179127639557,18.0,37.38597789354738,19.385977893547377,12,19.71372966046562,27.75382658199099,8.166081551320236,tier1_rc,0.0001857280731201172,False
summer_173,summer,4.4673548745671345,4.679596007711578,2.9769415463176054,28.45473526999546,98.4582065079563,sandwich_panel,cseb,cseb,eps_foam,131.47744262714536,0.2740748135476538,0,0.0,single_pane,18.0,8.0,28.0,314.3316105718456,2.5,28.31972432156995,18.0,40.95866962497414,22.958669624974142,12,27.6967613806944,33.73484576670616,9.251891528503888,tier1_rc,0.00012159347534179688,False
summer_174,summer,4.498041593629123,4.179401756626827,2.7163829334545833,15.576636349353814,19.47906110821448,sandwich_panel,cseb,brick,mineral_wool,66.04212757106065,0.08433797720085913,0,0.0,double_pane,18.0,8.0,28.0,314.3316105718456,2.5,30.29621418211845,18.0,43.423493740844584,25.423493740844584,10,12.731310244557427,25.707307465207794,4.713106110072958,tier1_rc,8.20159912109375e-05,False
summer_175,summer,4.9592497324191,3.8893688282929615,2.3648020732740997,29.203401872237833,22.086381904996287,timber,brick,cseb,eps_foam,54.8569763490798,0.30087489793929334,0,0.0,single_pane,18.0,8.0,28.0,314.3316105718456,2.5,40.902417181370474,18.0,67.57009777107,49.570097771069996,8,58.00587122452833,75.93495730941187,8.629277302874232,tier1_rc,8.535385131835938e-05,False
summer_176,summer,7.53554494932498,3.9029215610559858,2.244069916890311,21.303615368944815,146.49470720668987,sandwich_panel,timber,brick,xps_foam,60.528308824361076,0.32635190886707727,1,30.700701905805506,single_pane,18.0,8.0,28.0,314.3316105718456,2.5,20.40491995021724,18.0,22.487338192810935,4.487338192810935,24,11.778236245825076,36.20423231851664,11.03983256305339,tier1_rc,0.0002808570861816406,False
summer_177,summer,7.757572071765315,4.874565044049201,3.3487713398359444,29.404229427202992,69.77709700617409,brick,cseb,cseb,rock_wool,55.75853080526411,0.2758008621657812,0,0.0,single_pane,18.0,8.0,28.0,314.3316105718456,2.5,28.184878621708496,18.0,40.90548329088235,22.90548329088235,12,53.377302727483226,62.54578947471609,17.731879398071605,tier1_rc,0.00014495849609375,False
summer_178,summer,4.677306682840456,4.686084931583156,3.430277735980578,3.2883845872109347,112.3320780936766,sandwich_panel,cseb,concrete,rock_wool,15.276963553539886,0.12008086809669795,0,0.0,single_pane,18.0,8.0,28.0,314.3316105718456,2.5,24.916640604074672,18.0,32.97396153940929,14.973961539409288,15,16.266812954342406,23.560536935340938,9.408688470809473,tier1_rc,0.0001373291015625,False
summer_179,summer,5.14941373363026,3.498424766586825,3.083108114230277,34.20363959634155,14.868777464309021,cseb,timber,concrete,eps_foam,6.742122161855974,0.3965744602464198,0,0.0,double_pane,18.0,8.0,28.0,314.3316105718456,2.5,44.34137002557398,18.0,75.19249829466733,57.19249829466733,8,81.94045290242902,106.89971697392237,10.735518571432475,tier1_rc,0.00015687942504882812,False
summer_180,summer,6.81272732607694,5.5395088235625,3.347667725392337,17.390500728194617,139.0829254553446,concrete,sandwich_panel,brick,rock_wool,82.71571514264814,0.30910214307098843,1,23.410463519384276,single_pane,18.0,8.0,28.0,314.3316105718456,2.5,22.579239436775747,18.0,30.737873276333264,12.737873276333264,20,26.66331204627938,60.293192697808685,16.434069153033043,tier1_rc,0.00016689300537109375,False
summer_181,summer,4.939566840721682,3.8979813274839046,3.07619747097708,13.407331663724161,40.88151790248436,brick,sandwich_panel,concrete,xps_foam,88.52557844649711,0.14409411576161732,0,0.0,single_pane,18.0,8.0,28.0,314.3316105718456,2.5,32.58338799281406,18.0,48.34762355032618,30.347623550326183,10,26.40771014763465,46.28182394182662,7.828797316554732,tier1_rc,0.00014972686767578125,False
summer_182,summer,5.762901184034721,5.205621584343241,2.763568660842094,3.393253526643988,25.337536071800777,timber,timber,brick,rock_wool,8.229761653914622,0.14662005643449721,0,0.0,single_pane,18.0,8.0,28.0,314.3316105718456,2.5,32.433644648854084,18.0,49.02769016470939,31.02769016470939,10,41.75984326278351,58.24199211908943,10.380322719592662,tier1_rc,0.00015044212341308594,False
summer_183,summer,6.9057801352496195,3.653271466053151,2.735449374430494,44.66570315960068,84.1668559322924,sandwich_panel,concrete,cseb,xps_foam,80.41556347919364,0.3277405520261574,1,0.8020160701605873,single_pane,18.0,8.0,28.0,314.3316105718456,2.5,27.853011775588765,18.0,40.38355297278153,22.38355297278153,12,34.368044052342626,40.87047169659019,11.695904271560652,tier1_rc,0.00016188621520996094,False
summer_184,summer,7.614878127286125,4.795023522976346,2.9907486184081913,30.523771062783265,17.737999506396697,brick,timber,concrete,rock_wool,37.002592553585195,0.238432672618551,0,0.0,single_pane,18.0,8.0,28.0,314.3316105718456,2.5,35.154604877480324,18.0,54.36698025880392,36.36698025880392,9,75.77589828690647,114.53124497612264,17.22334626378872,tier1_rc,0.00015687942504882812,False
summer_185,summer,3.092970565621424,4.489331742452985,2.6480971879316852,12.115804834166523,162.81743461186255,brick,concrete,cseb,mineral_wool,97.47458326902576,0.2483550483818715,0,0.0,single_pane,18.0,8.0,28.0,314.3316105718456,2.5,28.882130809866975,18.0,42.42697748505995,24.42697748505995,11,21.844196266234142,24.888343148841752,6.544257575953083,tier1_rc,0.0001544952392578125,False
summer_186,summer,6.918387410473488,3.835244388267671,3.057738566452845,9.02666796808593,158.61108976219973,timber,sandwich_panel,brick,mineral_wool,92.10912147621303,0.14983380182590633,0,0.0,single_pane,18.0,8.0,28.0,314.3316105718456,2.5,26.6917344625223,18.0,36.86652882681419,18.86652882681419,12,20.460631742710355,28.38501641357772,8.699512780950238,tier1_rc,0.00015354156494140625,False
summer_187,summer,7.13572951660339,3.5336893455712812,3.1864934142490444,33.65062056084507,42.19688748683156,concrete,cseb,brick,rock_wool,18.019706518746688,0.27940060229153474,1,47.42915303874764,double_pane,18.0,8.0,28.0,314.3316105718456,2.5,23.929625381621197,18.0,37.073184328693365,19.073184328693365,18,27.84733145403586,81.0290949307281,12.541134030954577,tier1_rc,0.00016689300537109375,False
summer_188,summer,7.336464617313549,4.184942376852573,2.894474849929832,0.5310435803319612,33.47070291491238,timber,cseb,brick,xps_foam,26.127398078609495,0.06151365230261784,0,0.0,single_pane,18.0,8.0,28.0,314.3316105718456,2.5,26.990639245068508,18.0,37.129621267911816,19.129621267911816,11,21.438378063429926,32.45991164506771,9.104213404687933,tier1_rc,0.00014066696166992188,False
summer_189,summer,3.256219583620263,5.61252730199808,2.7551230191569065,22.609112025387617,10.733565444839666,concrete,sandwich_panel,concrete,mineral_wool,126.52197667023867,0.18865317306397417,1,35.96705550295756,single_pane,18.0,8.0,28.0,314.3316105718456,2.5,28.394253822762,18.0,44.68075733410702,26.68075733410702,13,20.502824169398835,64.38771331041724,7.860355089517361,tier1_rc,0.00012373924255371094,False
summer_190,summer,3.3618111757740254,5.704706086459737,3.210174422547186,7.235918096590519,49.97510546769442,cseb,timber,brick,rock_wool,35.912409716072,0.3844160369298864,1,47.25359917898555,double_pane,18.0,8.0,28.0,314.3316105718456,2.5,30.131280144232093,18.0,52.58345508956206,34.58345508956206,13,32.75124621539914,78.00156193820366,8.762967754673706,tier1_rc,9.870529174804688e-05,False
summer_191,summer,6.480876234108574,5.107265702978733,2.5713305561162043,43.33090857025064,161.06985618485504,sandwich_panel,timber,brick,mineral_wool,115.64748590173791,0.28325174642994366,0,0.0,single_pane,18.0,8.0,28.0,314.3316105718456,2.5,26.808589637422354,18.0,37.4860245768046,19.486024576804603,12,29.802326246359367,37.81241975188119,11.93398247207906,tier1_rc,0.00016164779663085938,False
summer_192,summer,4.203629813412204,4.802520098710476,2.599468016583052,12.532763905024407,145.9076657504161,brick,sandwich_panel,cseb,mineral_wool,80.87962346439286,0.36224572101167957,1,31.637274070597034,double_pane,18.0,8.0,28.0,314.3316105718456,2.5,21.132293225508437,18.0,25.39319274520386,7.393192745203859,24,7.88350759657072,31.70931074639989,7.499351706842238,tier1_rc,0.00022840499877929688,False
summer_193,summer,7.392208591009523,4.206079399775845,3.152289315828871,26.43723289361538,51.411691936733014,cseb,cseb,cseb,eps_foam,66.86359783492708,0.3823472946140078,1,35.76019638303301,single_pane,18.0,8.0,28.0,314.3316105718456,2.5,28.17226381019312,18.0,46.926541142354495,28.926541142354495,14,54.390452014463584,114.61120722678197,16.633866174631372,tier1_rc,0.000225067138671875,False
summer_194,summer,4.778283922852712,3.1163072715865905,3.4816440118619774,4.385526676527015,139.84199799158716,brick,concrete,concrete,eps_foam,94.25103407360555,0.38758316850610236,1,45.022137953898884,single_pane,18.0,8.0,28.0,314.3316105718456,2.5,25.609778297202933,18.0,39.389820016727995,21.389820016727995,16,28.49228749449724,46.19544135433031,10.92566991931808,tier1_rc,0.00022602081298828125,False
summer_195,summer,6.516686172711106,4.333864835152702,2.490810955644994,16.213708763016655,61.92512910731543,concrete,concrete,brick,rock_wool,38.76953430446345,0.1805719869995055,1,39.83069907409331,double_pane,18.0,8.0,28.0,314.3316105718456,2.5,20.086600123827946,18.0,21.748466071383167,3.7484660713831666,24,8.998100161992157,33.38443363950145,9.418180976781672,tier1_rc,0.0002281665802001953,False
summer_196,summer,6.9587133227786175,5.565056854664654,3.043234762985927,38.46477489730629,27.868702378017343,cseb,cseb,cseb,rock_wool,50.08169347948366,0.059206566712860696,0,0.0,double_pane,18.0,8.0,28.0,314.3316105718456,2.5,25.262655816585504,18.0,33.41338964937098,15.413389649370977,14,20.34124537196234,34.44085404369288,11.714564554251996,tier1_rc,0.00021076202392578125,False
summer_197,summer,5.1201165836840055,3.4315216313277634,2.4166890950743096,21.619063197541937,54.0660605957566,timber,sandwich_panel,concrete,xps_foam,125.84282602868504,0.07636472809365574,1,11.788652482529907,double_pane,18.0,8.0,28.0,314.3316105718456,2.5,21.482554942676718,18.0,25.366766539651543,7.366766539651543,24,3.44345321494239,16.28322550156041,5.048681230487665,tier1_rc,0.00026702880859375,False
summer_198,summer,4.039895010030121,4.6906119464579294,3.047839889491783,36.066449732717786,175.62222022172793,cseb,concrete,cseb,rock_wool,95.41510001311364,0.2656056168818783,0,0.0,single_pane,18.0,8.0,28.0,314.3316105718456,2.5,28.615851002415113,18.0,41.970797928499984,23.970797928499984,11,29.82318808558232,33.70047691634541,9.190201068308843,tier1_rc,0.00022363662719726562,False
summer_199,summer,6.684178441283179,5.325971203914924,3.3533854761346573,12.797800579096545,97.68484730315336,cseb,concrete,brick,mineral_wool,101.41226887671044,0.08988601376490438,1,27.122548048230076,double_pane,18.0,8.0,28.0,314.3316105718456,2.5,20.167260832172968,18.0,21.798874814237646,3.798874814237646,24,7.084239976988025,25.859555000661842,9.487527401156813,tier1_rc,9.846687316894531e-05,False
summer_200,summer,4.0014452469383,5.1885994459531055,2.881729929337364,24.777828918595358,65.2588461669506,sandwich_panel,concrete,concrete,xps_foam,1.361896318271717,0.05937472796617094,0,0.0,single_pane,18.0,8.0,28.0,314.3316105718456,2.5,23.28505680306391,18.0,29.85804003645742,11.858040036457421,18,15.55245174587499,16.400089621335372,10.136177810914052,tier1_rc,8.893013000488281e-05,False
summer_201,summer,6.859500715834999,5.545674844067577,2.2682368494169713,42.033631337034436,83.53689039406251,brick,brick,concrete,eps_foam,137.3108409928881,0.1645256865770725,0,0.0,double_pane,18.0,8.0,28.0,314.3316105718456,2.5,22.729159801729583,18.0,27.899098199662962,9.899098199662962,24,10.456345552882864,24.261187779235485,11.582975344053528,tier1_rc,8.749961853027344e-05,False
summer_202,summer,3.316594903738872,4.884288326379442,3.023358996319373,11.394203353525967,45.47520115577492,cseb,timber,brick,xps_foam,112.74054267875646,0.358221735807481,0,0.0,double_pane,18.0,8.0,28.0,314.3316105718456,2.5,45.23202539176348,18.0,76.58385168349471,58.583851683494714,8,47.185292327468545,67.68217750180149,6.3127741025687,tier1_rc,9.298324584960938e-05,False
summer_203,summer,5.793412755770685,3.442529241993701,3.121389979430239,0.42167453692865414,4.0827025035620474,cseb,cseb,cseb,xps_foam,43.7949756065425,0.3772740134127265,0,0.0,double_pane,18.0,8.0,28.0,314.3316105718456,2.5,50.37750156127654,18.0,87.55732618316625,69.55732618316625,8,80.2871610480452,113.8448255307239,8.972700847940272,tier1_rc,8.845329284667969e-05,False
summer_204,summer,5.739295793023866,4.043095980454845,3.123073722256678,41.18822348395486,72.35798735805052,concrete,timber,brick,eps_foam,33.5383265161371,0.1477131451484941,1,21.045030792282855,single_pane,18.0,8.0,28.0,314.3316105718456,2.5,21.31792505710945,18.0,26.843705032291865,8.843705032291865,24,13.121056700341734,29.27655565725453,9.61999465586646,tier1_rc,9.298324584960938e-05,False
summer_205,summer,4.587423781029698,4.549022120025546,3.2856376639086613,0.26991562930176694,60.488774836318505,cseb,cseb,brick,xps_foam,31.76808594476856,0.23516233200790726,0,0.0,double_pane,18.0,8.0,28.0,314.3316105718456,2.5,32.19510011670582,18.0,49.17658041438729,31.17658041438729,10,33.74245796263903,43.629697586603534,8.245332865775861,tier1_rc,8.606910705566406e-05,False
summer_206,summer,5.4182065851434915,4.651972793947117,2.7621805328853064,5.058879840946709,29.84716298992952,sandwich_panel,cseb,concrete,eps_foam,109.93248095197188,0.17256556857054567,1,0.9329920336404885,double_pane,18.0,8.0,28.0,314.3316105718456,2.5,30.826668636903296,18.0,44.45400663010306,26.45400663010306,11,18.645662087928727,48.64368947650463,8.186504345171041,tier1_rc,9.298324584960938e-05,False
summer_207,summer,6.729588508757569,4.1115332894949175,2.705270153688483,38.84473247833355,128.90283505785024,sandwich_panel,concrete,concrete,eps_foam,104.68037482982191,0.05608661051346633,1,16.79817760191855,single_pane,18.0,8.0,28.0,314.3316105718456,2.5,19.63560716614488,18.0,21.088343939787045,3.0883439397870447,24,4.42270520225218,15.354267006590328,8.405034887054835,tier1_rc,9.322166442871094e-05,False
summer_208,summer,6.301376740178898,4.121490028799478,3.331657016732402,10.165850827980115,104.36967840680995,sandwich_panel,cseb,concrete,mineral_wool,57.066288230258714,0.10447656639980502,1,26.896847269804415,double_pane,18.0,8.0,28.0,314.3316105718456,2.5,20.0206729157217,18.0,21.636567684365637,3.6365676843656374,24,5.215806662131196,21.230971418187536,8.602863233004658,tier1_rc,9.298324584960938e-05,False
summer_209,summer,7.087333885271654,3.788717067414889,2.499949700463751,10.50922328115584,11.562975020552155,concrete,sandwich_panel,concrete,mineral_wool,44.77938862575972,0.3628105421714564,1,2.9120903949879073,single_pane,18.0,8.0,28.0,314.3316105718456,2.5,40.26648641143908,18.0,66.61167155745112,48.61167155745112,9,85.08140684016487,125.14869077238914,13.971879598571244,tier1_rc,9.608268737792969e-05,False
summer_210,summer,7.920920484536387,4.3917949405614145,3.0980861375993043,36.40682176859278,105.52929365945651,sandwich_panel,timber,brick,eps_foam,111.38083073531895,0.2465799792401896,1,22.91578717961782,double_pane,18.0,8.0,28.0,314.3316105718456,2.5,20.538538610301472,18.0,22.72780272779333,4.727802727793328,24,8.579311403609017,37.43036656244102,10.235064432883945,tier1_rc,0.00011682510375976562,False
summer_211,summer,5.706955927511425,5.316048981624521,2.4002568040137167,8.86302693744792,122.2519649679123,concrete,concrete,brick,eps_foam,43.131738391149064,0.11687569950536413,1,45.57948491678678,single_pane,18.0,8.0,28.0,314.3316105718456,2.5,19.82159043171912,18.0,21.125723201232475,3.125723201232475,24,8.757512499539223,22.655097696265116,9.71570951699481,tier1_rc,0.0001227855682373047,False
summer_212,summer,4.413524496102097,3.242047677414173,3.4308372860956085,0.041724550164957984,106.24928400202455,cseb,sandwich_panel,concrete,eps_foam,124.00790736752602,0.29575594088005425,0,0.0,single_pane,18.0,8.0,28.0,314.3316105718456,2.5,29.86172805888023,18.0,44.61471159630715,26.614711596307153,11,31.101705980290767,35.80356529058406,8.748771843551804,tier1_rc,0.00011038780212402344,False
summer_213,summer,3.3254344543726986,3.5601337125313677,3.3045934994293003,29.638143762855414,37.87467657328366,cseb,brick,concrete,xps_foam,64.35797434473675,0.36758090834092133,0,0.0,single_pane,18.0,8.0,28.0,314.3316105718456,2.5,44.42670985583859,18.0,78.13332002350724,60.13332002350724,8,75.60544896940334,85.66048664503406,8.769305314685333,tier1_rc,0.00010919570922851562,False
summer_214,summer,3.1503336910018307,4.631164701635763,3.004694278450129,8.284471032969321,125.79788607370003,cseb,sandwich_panel,brick,xps_foam,24.696818579892234,0.25456510577020786,1,20.028400765152384,single_pane,18.0,8.0,28.0,314.3316105718456,2.5,25.03834014789598,18.0,37.79992949175225,19.799929491752252,16,19.414683802773983,28.78437581542378,7.692359555416538,tier1_rc,0.0001266002655029297,False
summer_215,summer,5.3495924859852995,3.687798421088477,2.7125816894874495,23.01547151445457,2.102636953079314,concrete,sandwich_panel,brick,rock_wool,90.47239502164601,0.0752603448026283,1,1.1891499613482253,double_pane,18.0,8.0,28.0,314.3316105718456,2.5,30.58287879922128,18.0,44.41332553703852,26.413325537038517,11,14.311475436739471,29.198067209011004,5.051235163903969,tier1_rc,0.00011849403381347656,False
summer_216,summer,4.232818452716066,5.856035637646352,2.99757102408676,26.69236788981825,39.150176549373214,timber,concrete,concrete,rock_wool,107.37119369190899,0.0734889563624874,0,0.0,single_pane,18.0,8.0,28.0,314.3316105718456,2.5,26.704760092220113,18.0,36.05627146348837,18.056271463488372,12,14.52743251120234,31.372176660003966,8.355330370086996,tier1_rc,0.00011086463928222656,False
summer_217,summer,5.218571580485694,5.077840752095687,2.453364398062453,18.93310950846378,85.05258015420301,brick,sandwich_panel,cseb,eps_foam,50.88462684736639,0.24246828751091953,1,10.173580784337425,single_pane,18.0,8.0,28.0,314.3316105718456,2.5,22.953107199620465,18.0,30.43604722849999,12.43604722849999,19,15.5906915164996,30.840701425514915,10.183193996063961,tier1_rc,0.00011754035949707031,False
summer_218,summer,6.221499718665756,5.753644396459898,2.924776022868322,21.070258062195684,93.91431970734575,concrete,brick,concrete,rock_wool,96.77523387943823,0.3945861542525458,1,37.96641083743461,single_pane,18.0,8.0,28.0,314.3316105718456,2.5,20.538263793991216,18.0,22.789255715693486,4.789255715693486,24,19.57359030352169,60.442155314685984,18.77620220242607,tier1_rc,0.00011682510375976562,False
summer_219,summer,7.901865688416419,3.7418824762878073,2.579818557683708,0.8132086054781213,63.51538362002999,brick,sandwich_panel,concrete,eps_foam,7.013826876033201,0.33477995853109804,0,0.0,single_pane,18.0,8.0,28.0,314.3316105718456,2.5,28.848320921716,18.0,42.172077636247614,24.172077636247614,11,53.79763494192617,63.17679026063849,16.83004792038579,tier1_rc,0.00010967254638671875,False
summer_220,summer,3.9111306158716093,3.4083086529261717,2.3810823206249796,21.586499791343236,32.32793362193917,cseb,concrete,concrete,mineral_wool,76.46434773290758,0.30317853975259434,0,0.0,single_pane,18.0,8.0,28.0,314.3316105718456,2.5,39.57770492624749,18.0,64.46477206935927,46.46477206935927,9,44.30834446028322,58.93127152096963,7.191779708522561,tier1_rc,0.00010895729064941406,False
summer_221,summer,3.664457631984143,3.5717274540440926,2.3968189590607807,10.2338374193146,177.22145279533638,cseb,cseb,concrete,xps_foam,30.058912464835526,0.22892178788427453,0,0.0,double_pane,18.0,8.0,28.0,314.3316105718456,2.5,26.21496299313573,18.0,35.6372458465445,17.637245846544502,13,11.807143248904168,17.2303077411182,5.679691214919421,tier1_rc,0.00011038780212402344,False
summer_222,summer,6.0047875051039785,5.145526072482079,3.143167056767413,9.229852132132468,58.09817153694086,cseb,brick,cseb,rock_wool,15.601714135098653,0.07186251225510806,1,3.974411408943826,double_pane,18.0,8.0,28.0,314.3316105718456,2.5,23.210718803643676,18.0,30.355312121559326,12.355312121559326,18,20.24028420933437,26.549914351844226,12.546740848234407,tier1_rc,0.00011348724365234375,False
summer_223,summer,3.495894129303613,5.981579298482277,2.28090246105241,20.447092519574117,102.08615422160655,sandwich_panel,concrete,cseb,mineral_wool,140.9611276665375,0.13544080486062562,0,0.0,single_pane,18.0,8.0,28.0,314.3316105718456,2.5,24.700345397739948,18.0,32.291119374024525,14.291119374024525,15,10.311682558993922,16.94666111673725,6.325283389577391,tier1_rc,0.00010967254638671875,False
summer_224,summer,4.629722960596933,5.2931109854754705,3.3183908813014895,2.0557471186931404,87.25869971676941,sandwich_panel,sandwich_panel,concrete,xps_foam,87.85508294307526,0.07852000014998584,1,13.063022994890943,double_pane,18.0,8.0,28.0,314.3316105718456,2.5,20.40722916317291,18.0,22.53057820396887,4.530578203968869,24,3.8962037786502135,17.907459421449907,7.258989944368056,tier1_rc,0.0001163482666015625,False
summer_225,summer,6.973161076853497,4.193764536303572,2.5157479875670576,7.845968929561992,168.19514978617187,sandwich_panel,cseb,cseb,eps_foam,147.65870593889156,0.39174691768847153,1,19.09219352626431,double_pane,18.0,8.0,28.0,314.3316105718456,2.5,21.672581694936174,18.0,26.941419213647656,8.941419213647656,24,10.505683669755914,38.18042863426959,9.90712659933279,tier1_rc,0.00010967254638671875,False
summer_226,summer,6.443182747799238,4.949132885163568,2.948703072312447,32.483855605230296,38.55425621408515,cseb,cseb,brick,xps_foam,142.38146896150766,0.35936529177152093,1,36.242366952376756,double_pane,18.0,8.0,28.0,314.3316105718456,2.5,29.773518867529617,18.0,49.222698912827944,31.222698912827944,13,31.184655268067605,101.51386141260501,10.604755366325465,tier1_rc,0.00010919570922851562,False
summer_227,summer,3.0206596385802564,5.995274440166631,2.4318368250231703,5.757042091593054,92.4432176351005,brick,timber,brick,xps_foam,19.254093709293546,0.276883232872207,1,29.233000506078742,single_pane,18.0,8.0,28.0,314.3316105718456,2.5,21.53296336612742,18.0,27.924697157641685,9.924697157641685,24,13.456612093011735,29.15912550256913,8.817800384930356,tier1_rc,9.894371032714844e-05,False
summer_228,summer,7.287708081045038,3.559281496645138,3.4630986877664047,36.5277612616191,47.44698900945746,timber,timber,cseb,mineral_wool,58.75324670978182,0.12178695937618995,1,3.006300001910883,single_pane,18.0,8.0,28.0,314.3316105718456,2.5,30.410446847648625,18.0,45.13965337752024,27.13965337752024,11,31.337629417405925,49.787071098476694,9.641049731995734,tier1_rc,8.797645568847656e-05,False
summer_229,summer,6.775823725606653,5.118191155696779,2.9443933634678414,35.23572186924945,44.39965912244463,timber,brick,cseb,eps_foam,64.78402716949977,0.3664358836551521,1,24.044422259533363,double_pane,18.0,8.0,28.0,314.3316105718456,2.5,28.21678679713186,18.0,44.42918295878865,26.42918295878865,13,32.6835339582038,98.28854492561324,12.845465478967615,tier1_rc,8.845329284667969e-05,False
summer_230,summer,4.532797515203286,4.9643001709640595,2.264331439789875,19.208838557285294,152.8995810002135,timber,brick,cseb,mineral_wool,115.18668039115127,0.39611938857747525,0,0.0,single_pane,18.0,8.0,28.0,314.3316105718456,2.5,27.99276148975937,18.0,40.43550222335372,22.435502223353723,12,30.800617569739103,35.74427323877492,10.306186531346318,tier1_rc,8.320808410644531e-05,False
summer_231,summer,6.676462356725599,5.672403569476936,2.9226670571235793,15.16413122206286,66.29987421041199,brick,brick,cseb,xps_foam,146.62195342614356,0.21584198144336525,1,15.1668618981742,single_pane,18.0,8.0,28.0,314.3316105718456,2.5,23.292944357439648,18.0,31.158731644110137,13.158731644110137,18,19.67684552205248,50.60525652351894,13.315174873598874,tier1_rc,8.845329284667969e-05,False
summer_232,summer,7.679600905573435,4.727131075864365,2.6582481232908286,22.76056930017603,91.45053315507637,cseb,sandwich_panel,brick,mineral_wool,114.50323873842707,0.2868446755650585,0,0.0,single_pane,18.0,8.0,28.0,314.3316105718456,2.5,27.176497985988334,18.0,38.33004142008371,20.33004142008371,12,34.891350019078445,44.015142457151754,13.350161838696202,tier1_rc,8.177757263183594e-05,False
summer_233,summer,5.989349546495589,3.8114002945629837,3.4742906216800344,40.01942090590057,156.88287496263453,brick,brick,cseb,xps_foam,123.58358147266922,0.316812930910593,0,0.0,double_pane,18.0,8.0,28.0,314.3316105718456,2.5,30.42173348513479,18.0,44.83363675478551,26.83363675478551,10,28.523503044119888,42.26861921154,9.016757091716778,tier1_rc,9.608268737792969e-05,False
summer_234,summer,3.600239648308133,5.860149533032791,2.8677402038200177,42.630232748275795,91.03852169956632,brick,concrete,cseb,eps_foam,103.33957496296641,0.15086150335192766,1,15.073203770906332,single_pane,18.0,8.0,28.0,314.3316105718456,2.5,22.089601517592627,18.0,28.288899387436963,10.288899387436963,22,10.263171529633292,25.24811242507334,7.762061942733348,tier1_rc,8.988380432128906e-05,False
summer_235,summer,7.708241619677382,5.593633297200837,3.298897266901924,13.68762387640267,92.199870044113,cseb,concrete,brick,rock_wool,81.33466150152682,0.20618490304445952,1,41.135214631661846,double_pane,18.0,8.0,28.0,314.3316105718456,2.5,19.63777175394137,18.0,20.952599273480928,2.952599273480928,24,10.128607033425116,41.07282095812567,13.182903102554896,tier1_rc,8.821487426757812e-05,False
summer_236,summer,3.802491318684644,5.765537176614195,3.2216792395916043,23.73609883499664,110.66761132450989,brick,cseb,concrete,eps_foam,62.489421994288364,0.3156309116331072,1,45.970499764813106,double_pane,18.0,8.0,28.0,314.3316105718456,2.5,20.466555327732976,18.0,22.468787462991624,4.468787462991624,24,9.03641287767063,38.1739096863186,9.957450740153066,tier1_rc,8.797645568847656e-05,False
summer_237,summer,4.839068785650286,5.687249689593697,3.3133852306234237,35.39175975162035,89.65096362122478,sandwich_panel,timber,brick,eps_foam,39.98913827214795,0.2625097425346746,1,11.474100480123788,double_pane,18.0,8.0,28.0,314.3316105718456,2.5,24.553994095806917,18.0,34.14488259429158,16.14488259429158,16,15.885500460219726,35.6695864591165,9.08947501417115,tier1_rc,9.369850158691406e-05,False
summer_238,summer,3.4732238944134095,3.6255531197198927,3.168747643407995,33.28923042864599,40.31834864987267,timber,timber,brick,mineral_wool,70.55347375762338,0.39065381388805176,0,0.0,double_pane,18.0,8.0,28.0,314.3316105718456,2.5,49.98897729215667,18.0,88.556974114433,70.556974114433,8,54.52962504567564,70.87898201975442,5.723271674473558,tier1_rc,8.487701416015625e-05,False
summer_239,summer,7.168268263520075,4.834505063871999,2.221016495160925,7.019581432108627,8.604008253457732,cseb,timber,cseb,eps_foam,29.137591588876564,0.06680066872332341,0,0.0,single_pane,18.0,8.0,28.0,314.3316105718456,2.5,25.486870907599098,18.0,33.84118505527471,15.841185055274707,13,18.77336547632498,31.575040501384052,10.298728347467508,tier1_rc,8.344650268554688e-05,False
summer_240,summer,4.141765606605637,3.5069972808785748,3.4199319907234385,10.74605005595001,134.8653504643952,sandwich_panel,brick,concrete,rock_wool,148.47701837532992,0.3505890854241741,0,0.0,single_pane,18.0,8.0,28.0,314.3316105718456,2.5,30.031918847146652,18.0,45.27981540588372,27.279815405883717,11,35.22898774265419,38.975241524189755,9.503654019432444,tier1_rc,0.00011181831359863281,False
summer_241,summer,6.133026036618746,3.1956082148679408,3.2718759592603837,27.658439383623854,72.73401093846677,cseb,sandwich_panel,concrete,rock_wool,32.0947401421701,0.31166967654226074,1,38.98286705064254,double_pane,18.0,8.0,28.0,314.3316105718456,2.5,20.82211563259874,18.0,23.855976122899648,5.855976122899648,24,9.80062909899776,36.70523123060586,9.594298160163971,tier1_rc,0.00011920928955078125,False
summer_242,summer,6.20874962593326,5.063965940425124,2.5759358804984926,4.643617227352984,151.66584580747437,brick,timber,brick,eps_foam,129.77255279913368,0.1195170812944363,1,43.47055550311214,single_pane,18.0,8.0,28.0,314.3316105718456,2.5,19.9988837301012,18.0,21.3594650826282,3.3594650826282013,24,6.655716504266005,24.139782609443994,8.570420695592363,tier1_rc,0.00011777877807617188,False
summer_243,summer,3.0695930742886084,3.8207431333126327,3.425460823950772,38.11056406266492,127.1892834244949,sandwich_panel,timber,concrete,rock_wool,21.037518763646528,0.0652227497449056,0,0.0,double_pane,18.0,8.0,28.0,314.3316105718456,2.5,25.10142894680337,18.0,32.87923820647251,14.879238206472507,13,5.9045551497591315,12.019167424210824,4.044134925532731,tier1_rc,0.00011110305786132812,False
summer_244,summer,3.9539496783870542,5.090297984274302,2.4820744237184567,43.80439347582056,93.26980589658142,concrete,concrete,brick,xps_foam,14.460921930057307,0.1563419126025608,0,0.0,double_pane,18.0,8.0,28.0,314.3316105718456,2.5,25.002996981985774,18.0,34.41381069438015,16.413810694380153,15,21.014762551518846,19.612674149661117,9.152858797979492,tier1_rc,0.00011157989501953125,False
summer_245,summer,6.389754387596861,3.0458274639014133,3.488855351435075,31.776963033137083,164.5561379840603,timber,timber,brick,xps_foam,67.96249134632423,0.21014858910511558,0,0.0,double_pane,18.0,8.0,28.0,314.3316105718456,2.5,29.718219291137938,18.0,43.36614958885021,25.366149588850213,10,20.986808386517325,30.161318963709554,6.76117439956629,tier1_rc,0.00011086463928222656,False
summer_246,summer,3.8254588553739253,4.71490169633943,2.415313738150671,26.85458121244116,7.3601253152642725,timber,timber,brick,rock_wool,41.31550572334983,0.3297960580493948,1,49.96340340129966,double_pane,18.0,8.0,28.0,314.3316105718456,2.5,31.746033372774367,18.0,55.11226256209049,37.11226256209049,13,23.346080569145002,71.3821567838442,6.280346290970941,tier1_rc,0.00012159347534179688,False
summer_247,summer,3.4089346285648325,5.620574315996857,2.981152032501703,2.817713437773128,123.68426331994866,cseb,timber,cseb,mineral_wool,84.31089973849517,0.18200632412012208,0,0.0,double_pane,18.0,8.0,28.0,314.3316105718456,2.5,27.313603684112792,18.0,37.79816286860835,19.79816286860835,11,14.842740989886508,23.550555073905883,6.476250208008949,tier1_rc,0.00012636184692382812,False
summer_248,summer,6.989688989801062,4.510733295119187,3.472882459293693,6.3460610114121225,124.20761242802571,cseb,brick,concrete,eps_foam,49.9247008563785,0.13156353066084925,1,14.220967467925865,single_pane,18.0,8.0,28.0,314.3316105718456,2.5,21.801441000296318,18.0,26.947952820717294,8.947952820717294,24,15.40430705335074,33.418849892908376,13.526253624330254,tier1_rc,0.0001354217529296875,False
summer_249,summer,4.427671067537516,5.739287555226334,3.450273675655838,8.586934398053407,112.02892655975089,timber,concrete,cseb,rock_wool,56.33247656124743,0.14118001736591188,0,0.0,single_pane,18.0,8.0,28.0,314.3316105718456,2.5,26.26311306992855,18.0,36.12697797670575,18.126977976705753,13,22.414765067058543,29.296826618380816,9.886329067351864,tier1_rc,0.00014138221740722656,False
summer_250,summer,6.835954467186559,4.165536105078563,2.3172037742999065,1.4023808115423395,67.13046068080844,sandwich_panel,sandwich_panel,brick,xps_foam,68.5574535058866,0.2990958572773641,0,0.0,double_pane,18.0,8.0,28.0,314.3316105718456,2.5,28.646683921843806,18.0,40.35565003936239,22.355650039362388,11,19.623134612655594,35.12672150759866,7.954289959146788,tier1_rc,0.00013017654418945312,False
summer_251,summer,7.647455164435977,4.493124660648901,2.468461385804172,21.25701093526293,34.71612744571808,concrete,cseb,brick,xps_foam,11.779461285191358,0.08684992059933991,0,0.0,single_pane,18.0,8.0,28.0,314.3316105718456,2.5,26.343477365855023,18.0,36.92337777668712,18.92337777668712,13,36.70044882696507,39.242668670555375,13.798642503875962,tier1_rc,0.0001270771026611328,False
summer_252,summer,6.162006061181624,3.5996795641062183,2.4573376602050145,21.99394229956765,107.60919900075596,cseb,sandwich_panel,brick,xps_foam,8.945666514597866,0.3871505930854903,1,42.79195095868579,single_pane,18.0,8.0,28.0,314.3316105718456,2.5,20.713502471607004,18.0,24.049293777467998,6.049293777467998,24,15.326515591852635,39.728360116234946,11.735087041214811,tier1_rc,0.00013709068298339844,False
summer_253,summer,3.6257242112834325,4.076059280258315,3.4661553555938154,34.59332435337108,27.281735292238153,brick,concrete,brick,rock_wool,65.7032422037789,0.3194745300430799,1,17.747477770525634,single_pane,18.0,8.0,28.0,314.3316105718456,2.5,44.21188809968678,18.0,83.47440578036688,65.47440578036688,10,84.4364084168958,99.71463079398009,9.220379524621073,tier1_rc,0.0001342296600341797,False
summer_254,summer,7.527586145676686,5.745787198723168,2.5895654212731873,12.182576915152703,126.03455744951488,concrete,timber,concrete,xps_foam,36.9888655896852,0.12979839844338675,1,3.706025988785274,single_pane,18.0,8.0,28.0,314.3316105718456,2.5,21.97158781928088,18.0,26.91176780077121,8.911767800771209,24,16.096656183230944,30.822394197665172,15.811136820546269,tier1_rc,0.0001609325408935547,False
summer_255,summer,5.4952532068558355,3.932124444151368,3.1332597947800127,40.51062560515934,75.01139711318774,sandwich_panel,brick,concrete,xps_foam,141.97882694300066,0.23614757261213515,0,0.0,double_pane,18.0,8.0,28.0,314.3316105718456,2.5,26.655409662479922,18.0,36.16014928839765,18.160149288397648,12,14.213270374905367,28.182353786720103,7.991329073405634,tier1_rc,0.0001704692840576172,False
summer_256,summer,6.580887612779873,3.3366371416957263,2.902053527726389,4.34756543154863,2.7284952410853696,concrete,concrete,brick,eps_foam,22.0786726891409,0.1791221151934942,0,0.0,double_pane,18.0,8.0,28.0,314.3316105718456,2.5,35.740899287821925,18.0,57.08762914385472,39.08762914385472,9,51.30606286245771,62.08702996892969,9.340635678075131,tier1_rc,0.0001690387725830078,False
summer_257,summer,6.367032570903534,5.165251231635243,2.290432674314032,23.992241776250037,109.83275005653603,brick,brick,brick,xps_foam,3.367095293362467,0.37841192544234137,1,44.651549705651675,single_pane,18.0,8.0,28.0,314.3316105718456,2.5,19.99555913985823,18.0,21.81923255316949,3.8192325531694884,24,23.549962879939542,43.62579929057877,19.01368964330351,tier1_rc,0.00018334388732910156,False
summer_258,summer,7.192939081324157,4.860698944807499,3.0211562103609326,40.35432972722965,156.4446986176576,brick,cseb,concrete,rock_wool,34.74772738014803,0.10499721407622245,0,0.0,single_pane,18.0,8.0,28.0,314.3316105718456,2.5,23.553882582177412,18.0,30.18200362724271,12.182003627242711,18,21.521136577247898,28.598053488127906,14.911049515836826,tier1_rc,0.00017118453979492188,False
summer_259,summer,6.56200854377383,3.991445246365821,3.1819771456348853,18.070391506340965,60.61408376015092,timber,sandwich_panel,concrete,eps_foam,17.406758352622067,0.25264836592382645,1,29.66148839998836,single_pane,18.0,8.0,28.0,314.3316105718456,2.5,24.286788182161896,18.0,34.186969652568706,16.186969652568706,17,23.864664804306635,59.716218333349765,13.052407700031333,tier1_rc,0.00017881393432617188,False
summer_260,summer,4.276802704834832,3.2979981656941515,2.7213865152798995,36.27280178118512,121.39511234855648,concrete,timber,concrete,rock_wool,25.368262285905345,0.17675224586019195,0,0.0,double_pane,18.0,8.0,28.0,314.3316105718456,2.5,26.072281903233414,18.0,35.62701092342185,17.62701092342185,13,14.669662148110275,19.041447481371716,6.702802833467487,tier1_rc,0.00023889541625976562,False
summer_261,summer,6.188054137497273,5.135334907368616,3.3771010381049718,9.922106592144083,164.0568296246153,sandwich_panel,timber,cseb,xps_foam,120.393084589361,0.22628322684216573,1,49.27622495066106,double_pane,18.0,8.0,28.0,314.3316105718456,2.5,19.7332999833387,18.0,21.04345149313341,3.0434514931334107,24,6.764778347225418,35.502906907880444,9.91887668290771,tier1_rc,0.00020742416381835938,False
summer_262,summer,4.366017010374378,4.505053997760255,3.2264629350974228,19.16423003344264,97.95173347638756,cseb,brick,cseb,xps_foam,16.93462409331184,0.1633918984049203,1,21.17718211864484,single_pane,18.0,8.0,28.0,314.3316105718456,2.5,21.35063198902718,18.0,26.863476541578148,8.863476541578148,24,14.473790801157246,26.869987916756433,10.161509331257069,tier1_rc,0.0001919269561767578,False
summer_263,summer,5.389891131659867,4.402896408079772,2.7775744580237345,33.75107880640943,6.995077042679026,cseb,sandwich_panel,cseb,mineral_wool,0.41857172437864876,0.39822763822593327,0,0.0,double_pane,18.0,8.0,28.0,314.3316105718456,2.5,43.03033610084976,18.0,73.02820958524995,55.028209585249954,8,88.78575889721655,112.23053398815941,11.8169631094023,tier1_rc,0.00017189979553222656,False
summer_264,summer,3.997034791861731,4.323868905810059,3.3309387928216005,32.71084973963187,5.841255433307243,cseb,brick,concrete,xps_foam,120.98021989580491,0.28670704231827937,0,0.0,single_pane,18.0,8.0,28.0,314.3316105718456,2.5,45.77114926207304,18.0,77.77354521464545,59.77354521464545,8,76.60383125757808,103.62168744084337,9.741079190236546,tier1_rc,0.0001704692840576172,False
summer_265,summer,7.978768230523232,4.619671900005023,3.36445612914716,0.7210587395259777,104.77282744353928,brick,concrete,brick,mineral_wool,99.80741613132201,0.12893782430262998,1,41.44534601941155,double_pane,18.0,8.0,28.0,314.3316105718456,2.5,19.54366857178807,18.0,20.760457819636198,2.7604578196361977,24,7.535899760942521,32.791736592950336,10.441494203809052,tier1_rc,0.00017547607421875,False
summer_266,summer,7.381837812037646,5.4997479505287385,2.2857908380326553,22.836502585887505,34.805514140669324,sandwich_panel,concrete,cseb,xps_foam,134.53573691247132,0.32124507741853925,0,0.0,single_pane,18.0,8.0,28.0,314.3316105718456,2.5,35.21903127881392,18.0,54.302260798165335,36.302260798165335,9,62.954027619544156,100.53110132368985,14.550303500708289,tier1_rc,0.00016736984252929688,False
summer_267,summer,7.578090307182736,3.4722606056136236,2.309352721018959,11.723359146362633,59.462697253681874,timber,brick,concrete,mineral_wool,127.28282537588736,0.09810531183720828,1,46.69893354520068,double_pane,18.0,8.0,28.0,314.3316105718456,2.5,19.69460249022561,18.0,20.86467917359985,2.86467917359985,24,3.956172438367526,21.156706746372826,7.821794546789368,tier1_rc,0.00017905235290527344,False
summer_268,summer,5.061525672958371,3.0907075775599386,2.3859245201552284,24.150859623125505,6.137945569104679,concrete,sandwich_panel,cseb,eps_foam,12.453364547337838,0.14490106541054418,0,0.0,single_pane,18.0,8.0,28.0,314.3316105718456,2.5,33.33861192985608,18.0,51.96721224259463,33.96721224259463,9,36.35077084421512,41.97990488185392,7.494331244992669,tier1_rc,0.00016307830810546875,False
summer_269,summer,3.5038302175092637,3.2220077707834096,2.5657228889032706,16.071470941212517,109.7412700318711,concrete,timber,concrete,mineral_wool,77.8620380789796,0.3551834595581419,0,0.0,single_pane,18.0,8.0,28.0,314.3316105718456,2.5,29.479187493089043,18.0,43.92830245388563,25.928302453885628,11,25.13436265594946,27.651091828797746,7.064866555383585,tier1_rc,0.00015997886657714844,False
summer_270,summer,7.025863065207147,3.127347865438874,2.297964814947559,14.186234605201156,28.87235295990739,brick,concrete,cseb,mineral_wool,63.36482951473618,0.07229063301649769,0,0.0,single_pane,18.0,8.0,28.0,314.3316105718456,2.5,27.80920302680907,18.0,38.65946971598333,20.659469715983327,11,17.001234525124165,27.625349898085087,6.939098673053392,tier1_rc,0.0001590251922607422,False
summer_271,summer,3.7112032046551002,4.774974879506649,3.0171897790924276,31.31139415304173,176.69839240512235,sandwich_panel,timber,brick,mineral_wool,47.92409913346059,0.20242274839980656,1,5.239034963437652,double_pane,18.0,8.0,28.0,314.3316105718456,2.5,26.008282078806605,18.0,36.49686858315407,18.49686858315407,14,11.39702087329368,22.18153266983764,5.543642964116084,tier1_rc,0.00010180473327636719,False
summer_272,summer,7.659776529260169,4.991760876389492,3.4858875390333477,44.40453426317535,151.92916678748918,concrete,concrete,concrete,eps_foam,137.51620348700126,0.21235550735269798,0,0.0,single_pane,18.0,8.0,28.0,314.3316105718456,2.5,26.27167335013146,18.0,35.74401065825516,17.744010658255164,13,33.243907766199406,50.94590345395865,16.64038161442231,tier1_rc,7.891654968261719e-05,False
summer_273,summer,6.257892331822749,3.968300214788042,2.7727876814719488,41.76237567762251,79.64193041138586,sandwich_panel,brick,cseb,xps_foam,38.035200513996415,0.32053228293780006,0,0.0,double_pane,18.0,8.0,28.0,314.3316105718456,2.5,27.64615238436811,18.0,38.82533100934848,20.82533100934848,11,22.697577372429812,33.28080345974106,9.203546488896707,tier1_rc,8.630752563476562e-05,False
summer_274,summer,7.3546493240888875,5.479411514626675,2.8474092905227733,18.777614817680533,139.75948361134917,cseb,cseb,brick,mineral_wool,86.74387851444669,0.1861983499588265,1,39.889512591410515,double_pane,18.0,8.0,28.0,314.3316105718456,2.5,20.128139359529495,18.0,21.610265774751376,3.610265774751376,24,8.929762349705667,32.358937337213234,11.413386784422089,tier1_rc,8.869171142578125e-05,False
summer_275,summer,3.864688710548686,5.210629485693294,2.4257895094792365,17.072103837018645,26.206040469380934,cseb,concrete,concrete,eps_foam,102.20618251267348,0.17166226060726006,0,0.0,double_pane,18.0,8.0,28.0,314.3316105718456,2.5,31.604199071407493,18.0,45.90664211278133,27.906642112781327,10,17.80676906393635,40.81905512203586,6.803525693757518,tier1_rc,7.939338684082031e-05,False
summer_276,summer,5.647395144633984,4.758958485061971,2.2260010168733713,42.98169718178348,18.076480950510902,sandwich_panel,sandwich_panel,concrete,eps_foam,71.75881199768544,0.3825905827550297,1,42.15204010287141,single_pane,18.0,8.0,28.0,314.3316105718456,2.5,29.07996494170243,18.0,46.97238368232419,28.972383682324192,13,35.2781319623163,106.54915145467517,12.310126837411769,tier1_rc,8.440017700195312e-05,False
summer_277,summer,5.098099680144424,4.010703678122757,2.7462275301381394,31.602792382880192,53.186901067803674,cseb,brick,concrete,rock_wool,69.27377488258261,0.2431811447065882,1,16.468325797340068,single_pane,18.0,8.0,28.0,314.3316105718456,2.5,28.00585810247505,18.0,41.84495769409338,23.84495769409338,12,26.905736087684712,51.85215985371732,9.974291145290517,tier1_rc,8.368492126464844e-05,False
summer_278,summer,4.435027076934343,4.847466923992943,2.3052771528922635,7.639926648339754,46.17674920108294,brick,sandwich_panel,concrete,xps_foam,18.67313476371154,0.0519378148328312,0,0.0,double_pane,18.0,8.0,28.0,314.3316105718456,2.5,23.545355265766332,18.0,29.796295286042827,11.796295286042827,18,9.514091912953011,16.73013941559979,7.527279623606812,tier1_rc,7.987022399902344e-05,False
summer_279,summer,7.865099646630519,5.150501486200842,3.2410897706434634,39.16855991504614,157.71811766757327,timber,sandwich_panel,brick,mineral_wool,99.33991951555356,0.31323693180842593,1,48.2438045586122,double_pane,18.0,8.0,28.0,314.3316105718456,2.5,20.024796901854543,18.0,21.539104756727443,3.5391047567274434,24,10.54561467433897,49.80471712030043,12.985825938377006,tier1_rc,8.654594421386719e-05,False
summer_280,summer,7.89505219190821,4.649393692578106,3.247068193683471,23.66181760280591,75.96844722512206,sandwich_panel,sandwich_panel,concrete,rock_wool,98.90152022868998,0.2211944542296745,0,0.0,double_pane,18.0,8.0,28.0,314.3316105718456,2.5,25.056184337039372,18.0,32.780589465998474,14.780589465998474,13,16.889861122343966,37.277455857377724,12.596595256273234,tier1_rc,7.987022399902344e-05,False
summer_281,summer,5.6268641027570325,4.376546166068305,3.3416864089248697,28.08422091887341,115.57267922619123,timber,sandwich_panel,concrete,rock_wool,134.2062402537221,0.07920609693707047,1,1.413003314313658,double_pane,18.0,8.0,28.0,314.3316105718456,2.5,23.18971344414523,18.0,28.951021893132953,10.951021893132953,20,7.189254546781508,19.40033445079471,7.549503891819603,tier1_rc,8.416175842285156e-05,False
summer_282,summer,7.068170040391374,4.252063273757436,3.0924122190461825,19.885635169279613,148.38100895527884,cseb,brick,cseb,xps_foam,27.506644043775903,0.36913189432697824,0,0.0,single_pane,18.0,8.0,28.0,314.3316105718456,2.5,28.036143295081775,18.0,41.40395216531627,23.40395216531627,12,54.69484122035474,55.95568091059893,16.886203928244985,tier1_rc,8.511543273925781e-05,False
summer_283,summer,4.090633180421452,3.4687343620787603,2.5564100819054563,32.92384845038074,114.16594117897364,timber,brick,cseb,mineral_wool,103.56531908656075,0.3047662273133101,1,25.8979267784578,double_pane,18.0,8.0,28.0,314.3316105718456,2.5,22.602962116267935,18.0,29.7696669401256,11.7696669401256,20,7.3737991759097845,22.39569301811837,5.261731719765271,tier1_rc,9.465217590332031e-05,False
summer_284,summer,5.3040904950760055,3.481575449985473,2.5342341002594666,26.094535470647568,37.46628582192133,concrete,sandwich_panel,brick,xps_foam,144.39186534510122,0.1598295964607546,1,47.058600385799444,single_pane,18.0,8.0,28.0,314.3316105718456,2.5,27.9277593814891,18.0,42.891853067201325,24.891853067201325,13,15.752838932856994,43.26542168677721,5.884835599204875,tier1_rc,0.00012803077697753906,False
summer_285,summer,6.7929962920161255,4.978118957718786,2.7878642309543475,33.34443334581897,173.27738427287304,timber,cseb,cseb,xps_foam,29.953208527330812,0.26946396644873455,1,0.3726316084033139,single_pane,18.0,8.0,28.0,314.3316105718456,2.5,26.090258088685413,18.0,36.268900655714134,18.268900655714134,14,34.11710467960171,41.06341660915564,14.527326694978271,tier1_rc,0.00010204315185546875,False
summer_286,summer,7.7966700844890315,5.2770768845657,2.477454362565766,39.493772326986125,128.0336867974717,concrete,cseb,cseb,eps_foam,144.84618575728794,0.20015102066513907,0,0.0,single_pane,18.0,8.0,28.0,314.3316105718456,2.5,25.061285234784737,18.0,33.145186481484316,15.145186481484316,15,23.029743466000735,36.178505705013194,13.230670219444736,tier1_rc,9.489059448242188e-05,False
summer_287,summer,7.237858635551634,3.3295682477494313,2.7026456182029652,25.840575736820853,53.430675745710516,brick,cseb,brick,eps_foam,136.12174847613633,0.32478308644427156,1,39.085659125073185,double_pane,18.0,8.0,28.0,314.3316105718456,2.5,24.124064972168583,18.0,35.28786578093264,17.28786578093264,16,14.215170614303522,62.92774919065976,8.06178071003592,tier1_rc,0.00014019012451171875,False
summer_288,summer,5.326064392955848,4.266753563328897,2.6397392384051948,1.7353273564288327,12.241099271975536,cseb,timber,cseb,xps_foam,53.55093995974945,0.17017248901312224,0,0.0,single_pane,18.0,8.0,28.0,314.3316105718456,2.5,35.86397243117796,18.0,55.76721149866603,37.76721149866603,9,39.19606174924767,59.54970556690467,8.357221680989081,tier1_rc,9.822845458984375e-05,False
summer_289,summer,5.960255275455644,3.418192938042332,3.1604741446129894,8.056879047217736,35.89527772102392,timber,brick,brick,mineral_wool,20.617961973289354,0.2477543298000326,1,48.01345906963046,double_pane,18.0,8.0,28.0,314.3316105718456,2.5,24.695055919125874,18.0,37.96000095161309,19.96000095161309,17,17.970474182308664,66.75218955774477,8.255347365260299,tier1_rc,9.894371032714844e-05,False
summer_290,summer,5.89945679261255,3.10933021986868,3.1299191478073016,44.237958401939395,101.2423622421511,cseb,brick,concrete,mineral_wool,68.0069851284617,0.2084228804579346,1,36.466980376431316,double_pane,18.0,8.0,28.0,314.3316105718456,2.5,20.28974486478778,18.0,22.263842203763968,4.263842203763968,24,6.998198058689505,26.551478472957626,7.927657213513467,tier1_rc,0.00010609626770019531,False
summer_291,summer,3.590439322186738,5.795020017092069,2.3578181007121213,40.89348970826872,115.90394258406303,sandwich_panel,sandwich_panel,brick,xps_foam,125.43070972427877,0.1591668752465183,0,0.0,double_pane,18.0,8.0,28.0,314.3316105718456,2.5,25.489001885203624,18.0,33.707011705127876,15.707011705127876,13,8.543936819119809,16.679586049608606,5.108059378883969,tier1_rc,0.00012373924255371094,False
summer_292,summer,3.0521960593286184,5.3063042839364325,3.4065397690705934,27.589629008248913,25.0978085471329,concrete,sandwich_panel,brick,mineral_wool,130.96543091876694,0.3419841389593351,1,46.61865667187964,double_pane,18.0,8.0,28.0,314.3316105718456,2.5,43.65080936311458,18.0,82.55743759436294,64.55743759436294,11,48.38830167877672,95.66815778446622,6.731511379886291,tier1_rc,0.0001633167266845703,False
summer_293,summer,5.587937578496803,3.7193360172095673,2.334928959531564,30.92467047028334,31.14664275416983,timber,concrete,cseb,mineral_wool,24.488121746771405,0.15610099638485436,0,0.0,single_pane,18.0,8.0,28.0,314.3316105718456,2.5,31.363441997322468,18.0,46.89406705702879,28.894067057028792,10,31.72239516131249,41.96186744316972,8.306481547528612,tier1_rc,0.00015473365783691406,False
summer_294,summer,4.829421608515802,4.934517266821418,2.56215294178622,43.08067117106571,74.7066610191176,concrete,cseb,cseb,mineral_wool,44.249669579669366,0.3381793927372501,0,0.0,single_pane,18.0,8.0,28.0,314.3316105718456,2.5,27.55857089219643,18.0,39.93852037815245,21.938520378152447,13,36.744268903891076,38.75362807261973,12.148699766209967,tier1_rc,0.00015115737915039062,False
summer_295,summer,7.152821601020901,4.859482502543962,2.9649301886651838,3.6170497764100467,39.80087162063753,timber,timber,cseb,xps_foam,52.65739269031693,0.33785946317070076,0,0.0,single_pane,18.0,8.0,28.0,314.3316105718456,2.5,38.14629808826876,18.0,61.805164334959315,43.805164334959315,9,90.44134503274869,120.48192667377178,15.747425151894186,tier1_rc,0.00015163421630859375,False
summer_296,summer,7.1272236489416825,5.17478556789842,3.3679970123027108,30.85096524721845,179.81671163257727,cseb,concrete,cseb,xps_foam,110.37457355417246,0.1627407782119678,1,19.64167642034432,single_pane,18.0,8.0,28.0,314.3316105718456,2.5,20.514782092772705,18.0,22.874037948079238,4.874037948079238,24,12.006368669434922,38.81017901630803,13.00589704735612,tier1_rc,0.001134634017944336,False
summer_297,summer,5.83546492829994,5.193978806081665,2.91875359215576,16.695921099868652,132.6914001192012,cseb,sandwich_panel,concrete,xps_foam,45.88123216397387,0.33332429930660656,0,0.0,double_pane,18.0,8.0,28.0,314.3316105718456,2.5,26.5636523907048,18.0,36.16784623255211,18.167846232552108,12,23.088420143058052,40.47540517166668,12.20181889673119,tier1_rc,0.0003478527069091797,False
summer_298,summer,4.132545827685725,4.452377486516965,3.153388859227819,3.8932679516285584,114.75115742455208,timber,timber,concrete,eps_foam,37.964068917079516,0.28964251170427907,1,4.873987452928627,double_pane,18.0,8.0,28.0,314.3316105718456,2.5,26.696740539847507,18.0,37.43860999641231,19.43860999641231,12,16.764890628387636,30.323315557950338,8.054242867111457,tier1_rc,0.0002627372741699219,False
summer_299,summer,3.577346593378871,5.339890652788894,3.02942084614079,20.551313305778994,24.445429546296904,concrete,brick,cseb,rock_wool,9.905254361406392,0.39402208645845427,1,49.07412406334999,double_pane,18.0,8.0,28.0,314.3316105718456,2.5,32.95976841474087,18.0,60.77295133251099,42.77295133251099,13,59.90594800268237,103.05789992081777,11.882698351950818,tier1_rc,0.0002951622009277344,False
